﻿<?xml version="1.0" encoding="utf-8"?>
<deployment>
  <id>cb57684d162d43e495e50d0233e2720e</id>
  <author>N/A</author>
  <deployer>OneDeploy</deployer>
  <authorEmail>N/A</authorEmail>
  <message>OneDeploy</message>
  <progress></progress>
  <status>Success</status>
  <statusText></statusText>
  <lastSuccessEndTime>2025-11-17T14:21:50.709749Z</lastSuccessEndTime>
  <receivedTime>2025-11-17T14:21:43.8340391Z</receivedTime>
  <startTime>2025-11-17T14:21:44.0215438Z</startTime>
  <endTime>2025-11-17T14:21:50.709749Z</endTime>
  <complete>True</complete>
  <is_temp>False</is_temp>
  <is_readonly>True</is_readonly>
  <project_type>OneDeploy</project_type>
  <vsproject_id></vsproject_id>
</deployment>