﻿<?xml version="1.0" encoding="utf-8"?>
<deployment>
  <id>a80bda37937a405499e4bb3b8442c7a0</id>
  <author>N/A</author>
  <deployer>OneDeploy</deployer>
  <authorEmail>N/A</authorEmail>
  <message>OneDeploy</message>
  <progress></progress>
  <status>Success</status>
  <statusText></statusText>
  <lastSuccessEndTime>2025-11-17T13:12:28.7786717Z</lastSuccessEndTime>
  <receivedTime>2025-11-17T13:12:24.4817519Z</receivedTime>
  <startTime>2025-11-17T13:12:24.6223777Z</startTime>
  <endTime>2025-11-17T13:12:28.7786717Z</endTime>
  <complete>True</complete>
  <is_temp>False</is_temp>
  <is_readonly>True</is_readonly>
  <project_type>OneDeploy</project_type>
  <vsproject_id></vsproject_id>
</deployment>