﻿<?xml version="1.0" encoding="utf-8"?>
<deployment>
  <id>18d6ac3d187d4819b4a264031902ad9a</id>
  <author>N/A</author>
  <deployer>ZipDeploy</deployer>
  <authorEmail>N/A</authorEmail>
  <message>Created via a push deployment</message>
  <progress></progress>
  <status>Success</status>
  <statusText></statusText>
  <lastSuccessEndTime>2025-11-20T06:53:04.1260806Z</lastSuccessEndTime>
  <receivedTime>2025-11-20T06:53:00.7450467Z</receivedTime>
  <startTime>2025-11-20T06:53:00.9012958Z</startTime>
  <endTime>2025-11-20T06:53:04.1260806Z</endTime>
  <complete>True</complete>
  <is_temp>False</is_temp>
  <is_readonly>True</is_readonly>
  <project_type>BASIC</project_type>
  <vsproject_id></vsproject_id>
</deployment>