﻿<?xml version="1.0" encoding="utf-8"?>
<deployment>
  <id>5d6f1f8b98904f4cbbf4363a60cdc61c</id>
  <author>N/A</author>
  <deployer>OneDeploy</deployer>
  <authorEmail>N/A</authorEmail>
  <message>OneDeploy</message>
  <progress></progress>
  <status>Success</status>
  <statusText></statusText>
  <lastSuccessEndTime>2025-11-17T13:17:23.8070203Z</lastSuccessEndTime>
  <receivedTime>2025-11-17T13:17:19.7132329Z</receivedTime>
  <startTime>2025-11-17T13:17:19.8694837Z</startTime>
  <endTime>2025-11-17T13:17:23.8070203Z</endTime>
  <complete>True</complete>
  <is_temp>False</is_temp>
  <is_readonly>True</is_readonly>
  <project_type>OneDeploy</project_type>
  <vsproject_id></vsproject_id>
</deployment>