﻿<?xml version="1.0" encoding="utf-8"?>
<deployment>
  <id>c2def85693e646e3b8468ccbc2810ea4</id>
  <author>N/A</author>
  <deployer>ZipDeploy</deployer>
  <authorEmail>N/A</authorEmail>
  <message>Created via a push deployment</message>
  <progress></progress>
  <status>Success</status>
  <statusText></statusText>
  <lastSuccessEndTime>2025-11-20T12:22:17.1839268Z</lastSuccessEndTime>
  <receivedTime>2025-11-20T12:22:13.4022509Z</receivedTime>
  <startTime>2025-11-20T12:22:13.574122Z</startTime>
  <endTime>2025-11-20T12:22:17.1839268Z</endTime>
  <complete>True</complete>
  <is_temp>False</is_temp>
  <is_readonly>True</is_readonly>
  <project_type>BASIC</project_type>
  <vsproject_id></vsproject_id>
</deployment>