{"TimeStamp":"2025-11-17T14:28:57Z","SiteName":"NgCanduAPI","RequestId":"b635e3a3-c3c1-11f0-8a93-c025a5cfe792","Kind":"OneDeploy","Status":"Success","Details":"{\"Id\":\"2efe8dfec805417ea0c20638d54ebe31\",\"Status\":4,\"StatusText\":\"\",\"AuthorEmail\":\"N/A\",\"Author\":\"N/A\",\"Message\":\"OneDeploy\",\"Progress\":\"\",\"Deployer\":\"OneDeploy\",\"ReceivedTime\":\"2025-11-17T14:28:51.7348991Z\",\"StartTime\":\"2025-11-17T14:28:51.8755053Z\",\"EndTime\":\"2025-11-17T14:28:57.3286632Z\",\"LastSuccessEndTime\":\"2025-11-17T14:28:57.3286632Z\",\"Complete\":true,\"IsTemporary\":false,\"IsReadOnly\":true,\"SiteName\":\"NgCanduAPI\",\"HostName\":\"ngcanduapi.scm.azurewebsites.net\",\"ProjectType\":\"OneDeploy\",\"VsProjectId\":null}"}