﻿<?xml version="1.0" encoding="utf-8"?>
<deployment>
  <id>fe70212bce3a4ac393e60405828b731c</id>
  <author>N/A</author>
  <deployer>ZipDeploy</deployer>
  <authorEmail>N/A</authorEmail>
  <message>Created via a push deployment</message>
  <progress></progress>
  <status>Success</status>
  <statusText></statusText>
  <lastSuccessEndTime>2025-11-20T12:26:17.3372883Z</lastSuccessEndTime>
  <receivedTime>2025-11-20T12:26:13.9299072Z</receivedTime>
  <startTime>2025-11-20T12:26:14.0705401Z</startTime>
  <endTime>2025-11-20T12:26:17.3372883Z</endTime>
  <complete>True</complete>
  <is_temp>False</is_temp>
  <is_readonly>True</is_readonly>
  <project_type>BASIC</project_type>
  <vsproject_id></vsproject_id>
</deployment>