{"TimeStamp":"2025-11-20T14:17:32Z","SiteName":"NgCanduAPI","RequestId":"9d072f2a-c61b-11f0-871c-c025a5cfe792","Kind":"ZipDeploy","Status":"Success","Details":"{\"Id\":\"4afe8870f8174d25b9540b93422f4fc5\",\"Status\":4,\"StatusText\":\"\",\"AuthorEmail\":\"N/A\",\"Author\":\"N/A\",\"Message\":\"Created via a push deployment\",\"Progress\":\"\",\"Deployer\":\"ZipDeploy\",\"ReceivedTime\":\"2025-11-20T14:17:27.6801116Z\",\"StartTime\":\"2025-11-20T14:17:27.8207382Z\",\"EndTime\":\"2025-11-20T14:17:32.4019985Z\",\"LastSuccessEndTime\":\"2025-11-20T14:17:32.4019985Z\",\"Complete\":true,\"IsTemporary\":false,\"IsReadOnly\":true,\"SiteName\":\"NgCanduAPI\",\"HostName\":\"ngcanduapi.scm.azurewebsites.net\",\"ProjectType\":\"BASIC\",\"VsProjectId\":null}"}