<step title="BackgroundTrace" date="2025-11-18T07:50:43.690" instance="92ca53" url="/api/publish" method="POST" >
  <step title="Updating shutdown sentinel last write time" date="2025-11-18T07:50:43.706" SemaphoreCount="7" /><!-- duration: 0ms -->
  <step title="LockFile &apos;C:\home\site\locks\deployments.lock&apos; acquired" date="2025-11-18T07:50:43.706" /><!-- duration: 16ms -->
  <step title="Creating temporary deployment" date="2025-11-18T07:50:43.721" /><!-- duration: 31ms -->
  <step title="Performing fetch based deployment" date="2025-11-18T07:50:43.768" >
    <step title="Fetching changes." date="2025-11-18T07:50:43.799" /><!-- duration: 16ms -->
    <step title="Starting LocalZipHandler" date="2025-11-18T07:50:43.831" /><!-- duration: 0ms -->
    <step title="Cleaning up temp folders from previous zip deployments and extracting pushed zip file C:\local\Temp\zipdeploy\bftkkygk.zip (25.26 MB) to C:\local\Temp\zipdeploy\extracted" date="2025-11-18T07:50:43.862" /><!-- duration: 0ms -->
    <step title="Cleaning up temp folders from previous zip deployments and extracting pushed zip file C:\local\Temp\zipdeploy\bftkkygk.zip (25.26 MB) to C:\local\Temp\zipdeploy\extracted" date="2025-11-18T07:50:43.893" >
      <step title="Renaming extractTargetDirectory(C:\local\Temp\zipdeploy\extracted) to tempDirectory(C:\local\Temp\zipdeploy\xtxorhlw.kk0)" date="2025-11-18T07:50:43.893" /><!-- duration: 0ms -->
      <step title="Extracting 295 entries to C:\local\Temp\zipdeploy\extracted directory" date="2025-11-18T07:50:43.909" >
        <step title="Extracting to C:\local\Temp\zipdeploy\extracted\appsettings.Development.json ..." date="2025-11-18T07:50:43.909" /><!-- duration: 0ms -->
        <step title="Extracting to C:\local\Temp\zipdeploy\extracted\appsettings.json ..." date="2025-11-18T07:50:43.924" /><!-- duration: 0ms -->
        <step title="Extracting to C:\local\Temp\zipdeploy\extracted\AutoMapper.dll ..." date="2025-11-18T07:50:43.924" /><!-- duration: 16ms -->
        <step title="Extracting to C:\local\Temp\zipdeploy\extracted\AutoMapper.Extensions.Microsoft.DependencyInjection.dll ..." date="2025-11-18T07:50:43.940" /><!-- duration: 16ms -->
        <step title="Extracting to C:\local\Temp\zipdeploy\extracted\Azure.Core.dll ..." date="2025-11-18T07:50:43.956" /><!-- duration: 16ms -->
        <step title="Omitting extracting file traces ..." date="2025-11-18T07:50:43.971" /><!-- duration: 16ms -->
      </step><!-- duration: 969ms -->
    </step><!-- duration: 984ms -->
    <step title="Before sending BuildRequestReceived status to /api/updatedeploystatus" date="2025-11-18T07:50:44.878" /><!-- duration: 16ms -->
    <step title="DeploymentManager.Deploy(id:bf5b4bbc6df84136a432461b212273ac)" date="2025-11-18T07:50:44.893" >
      <step title="Collecting changeset information" date="2025-11-18T07:50:44.909" /><!-- duration: 47ms -->
      <step title="Updating submodules" date="2025-11-18T07:50:44.956" >
        <step title="Updating submodules." date="2025-11-18T07:50:45.003" /><!-- duration: 0ms -->
      </step><!-- duration: 47ms -->
      <step title="Preparing deployment for commit id &apos;bf5b4bbc6d&apos;." date="2025-11-18T07:50:45.049" /><!-- duration: 16ms -->
      <step title="Determining deployment builder" date="2025-11-18T07:50:45.096" >
        <step title="Builder is OneDeployBuilder" date="2025-11-18T07:50:45.096" /><!-- duration: 16ms -->
      </step><!-- duration: 16ms -->
      <step title="Copying SSH keys" date="2025-11-18T07:50:45.128" /><!-- duration: 16ms -->
      <step title="Building" date="2025-11-18T07:50:45.143" >
        <step title="Running build. Project type: OneDeploy" date="2025-11-18T07:50:45.190" /><!-- duration: 0ms -->
        <step title="Copying the manifest" date="2025-11-18T07:50:45.237" /><!-- duration: 0ms -->
        <step title="Clean deploying to C:\home\site\wwwroot" date="2025-11-18T07:50:45.299" /><!-- duration: 16ms -->
        <step title="Generating deployment script." date="2025-11-18T07:50:45.346" /><!-- duration: 16ms -->
        <step title="Generating deployment script" date="2025-11-18T07:50:45.362" >
          <step title="Using cached version of the deployment script for command: -y --no-dot-deployment -r &quot;C:\local\Temp\zipdeploy\extracted&quot; -o &quot;C:\home\site\deployments\tools&quot; --basic --sitePath &quot;C:\local\Temp\zipdeploy\extracted&quot;" date="2025-11-18T07:50:45.378" /><!-- duration: 0ms -->
          <step title="Using cached version of deployment script (command: &apos;azure -y --no-dot-deployment -r &quot;C:\local\Temp\zipdeploy\extracted&quot; -o &quot;C:\home\site\deployments\tools&quot; --basic --sitePath &quot;C:\local\Temp\zipdeploy\extracted&quot;&apos;)." date="2025-11-18T07:50:45.409" /><!-- duration: 0ms -->
        </step><!-- duration: 47ms -->
        <step title="Running deployment command..." date="2025-11-18T07:50:45.456" /><!-- duration: 0ms -->
        <step title="Command: &quot;C:\home\site\deployments\tools\deploy.cmd&quot;" date="2025-11-18T07:50:45.471" /><!-- duration: 0ms -->
        <step title="Executing external process" date="2025-11-18T07:50:45.487" type="process" path="starter.cmd" arguments="&quot;C:\home\site\deployments\tools\deploy.cmd&quot;" >
          <step title="Handling Basic Web Site deployment." date="2025-11-18T07:50:45.596" /><!-- duration: 16ms -->
          <step title="Creating app_offline.htm" date="2025-11-18T07:50:45.768" /><!-- duration: 0ms -->
          <step title="KuduSync.NET from: &apos;C:\local\Temp\zipdeploy\extracted&apos; to: &apos;C:\home\site\wwwroot&apos;" date="2025-11-18T07:50:45.784" /><!-- duration: 0ms -->
          <step title="Deleting file: &apos;publish\appsettings.Development.json&apos;" date="2025-11-18T07:50:45.799" /><!-- duration: 0ms -->
          <step title="Deleting file: &apos;publish\appsettings.json&apos;" date="2025-11-18T07:50:45.815" /><!-- duration: 0ms -->
          <step title="Deleting file: &apos;publish\MH.Api.deps.json&apos;" date="2025-11-18T07:50:45.831" /><!-- duration: 0ms -->
          <step title="Deleting file: &apos;publish\MH.Api.runtimeconfig.json&apos;" date="2025-11-18T07:50:45.846" /><!-- duration: 0ms -->
          <step title="Deleting file: &apos;publish\MH.Api.staticwebassets.endpoints.json&apos;" date="2025-11-18T07:50:45.862" /><!-- duration: 0ms -->
          <step title="Deleting file: &apos;publish\web.config&apos;" date="2025-11-18T07:50:45.878" /><!-- duration: 16ms -->
          <step title="Deleting file: &apos;publish\publish\appsettings.Development.json&apos;" date="2025-11-18T07:50:45.893" /><!-- duration: 16ms -->
          <step title="Deleting file: &apos;publish\publish\appsettings.json&apos;" date="2025-11-18T07:50:45.909" /><!-- duration: 16ms -->
          <step title="Deleting file: &apos;publish\publish\MH.Api.deps.json&apos;" date="2025-11-18T07:50:45.924" /><!-- duration: 0ms -->
          <step title="Deleting file: &apos;publish\publish\MH.Api.runtimeconfig.json&apos;" date="2025-11-18T07:50:45.940" /><!-- duration: 16ms -->
          <step title="Deleting file: &apos;publish\publish\MH.Api.staticwebassets.endpoints.json&apos;" date="2025-11-18T07:50:45.956" /><!-- duration: 16ms -->
          <step title="Deleting file: &apos;publish\publish\web.config&apos;" date="2025-11-18T07:50:45.971" /><!-- duration: 16ms -->
          <step title="Deleting file: &apos;publish\publish\publish\appsettings.Development.json&apos;" date="2025-11-18T07:50:46.003" /><!-- duration: 0ms -->
          <step title="Deleting file: &apos;publish\publish\publish\appsettings.json&apos;" date="2025-11-18T07:50:46.018" /><!-- duration: 0ms -->
          <step title="Deleting file: &apos;publish\publish\publish\MH.Api.deps.json&apos;" date="2025-11-18T07:50:46.034" /><!-- duration: 0ms -->
          <step title="Deleting file: &apos;publish\publish\publish\MH.Api.runtimeconfig.json&apos;" date="2025-11-18T07:50:46.049" /><!-- duration: 16ms -->
          <step title="Deleting file: &apos;publish\publish\publish\MH.Api.staticwebassets.endpoints.json&apos;" date="2025-11-18T07:50:46.065" /><!-- duration: 16ms -->
          <step title="Deleting file: &apos;publish\publish\publish\web.config&apos;" date="2025-11-18T07:50:46.081" /><!-- duration: 0ms -->
          <step title="Deleting file: &apos;publish\publish\publish\publish\appsettings.Development.json&apos;" date="2025-11-18T07:50:46.096" /><!-- duration: 0ms -->
          <step title="Deleting file: &apos;publish\publish\publish\publish\appsettings.json&apos;" date="2025-11-18T07:50:46.112" /><!-- duration: 0ms -->
          <step title="Deleting file: &apos;publish\publish\publish\publish\MH.Api.deps.json&apos;" date="2025-11-18T07:50:46.128" /><!-- duration: 0ms -->
          <step title="Deleting file: &apos;publish\publish\publish\publish\MH.Api.runtimeconfig.json&apos;" date="2025-11-18T07:50:46.143" /><!-- duration: 0ms -->
          <step title="Deleting file: &apos;publish\publish\publish\publish\MH.Api.staticwebassets.endpoints.json&apos;" date="2025-11-18T07:50:46.159" /><!-- duration: 0ms -->
          <step title="Deleting file: &apos;publish\publish\publish\publish\web.config&apos;" date="2025-11-18T07:50:46.174" /><!-- duration: 0ms -->
          <step title="Deleting file: &apos;publish\publish\publish\publish\publish\appsettings.Development.json&apos;" date="2025-11-18T07:50:46.190" /><!-- duration: 0ms -->
          <step title="Deleting file: &apos;publish\publish\publish\publish\publish\appsettings.json&apos;" date="2025-11-18T07:50:46.206" /><!-- duration: 0ms -->
          <step title="Deleting file: &apos;publish\publish\publish\publish\publish\MH.Api.deps.json&apos;" date="2025-11-18T07:50:46.221" /><!-- duration: 0ms -->
          <step title="Deleting file: &apos;publish\publish\publish\publish\publish\MH.Api.runtimeconfig.json&apos;" date="2025-11-18T07:50:46.237" /><!-- duration: 0ms -->
          <step title="Deleting file: &apos;publish\publish\publish\publish\publish\MH.Api.staticwebassets.endpoints.json&apos;" date="2025-11-18T07:50:46.253" /><!-- duration: 0ms -->
          <step title="Deleting file: &apos;publish\publish\publish\publish\publish\web.config&apos;" date="2025-11-18T07:50:46.268" /><!-- duration: 0ms -->
          <step title="Deleting file: &apos;publish\publish\publish\publish\publish\publish\appsettings.Development.json&apos;" date="2025-11-18T07:50:46.284" /><!-- duration: 0ms -->
          <step title="Deleting file: &apos;publish\publish\publish\publish\publish\publish\appsettings.json&apos;" date="2025-11-18T07:50:46.299" /><!-- duration: 0ms -->
          <step title="Deleting file: &apos;publish\publish\publish\publish\publish\publish\MH.Api.deps.json&apos;" date="2025-11-18T07:50:46.315" /><!-- duration: 0ms -->
          <step title="Deleting file: &apos;publish\publish\publish\publish\publish\publish\MH.Api.runtimeconfig.json&apos;" date="2025-11-18T07:50:46.331" /><!-- duration: 0ms -->
          <step title="Deleting file: &apos;publish\publish\publish\publish\publish\publish\MH.Api.staticwebassets.endpoints.json&apos;" date="2025-11-18T07:50:46.346" /><!-- duration: 0ms -->
          <step title="Deleting file: &apos;publish\publish\publish\publish\publish\publish\web.config&apos;" date="2025-11-18T07:50:46.346" /><!-- duration: 31ms -->
          <step title="Deleting file: &apos;publish\publish\publish\publish\publish\publish\publish\appsettings.Development.json&apos;" date="2025-11-18T07:50:46.393" /><!-- duration: 0ms -->
          <step title="Deleting file: &apos;publish\publish\publish\publish\publish\publish\publish\appsettings.json&apos;" date="2025-11-18T07:50:46.409" /><!-- duration: 0ms -->
          <step title="Deleting file: &apos;publish\publish\publish\publish\publish\publish\publish\MH.Api.deps.json&apos;" date="2025-11-18T07:50:46.409" /><!-- duration: 16ms -->
          <step title="Deleting file: &apos;publish\publish\publish\publish\publish\publish\publish\MH.Api.runtimeconfig.json&apos;" date="2025-11-18T07:50:46.424" /><!-- duration: 16ms -->
          <step title="Deleting file: &apos;publish\publish\publish\publish\publish\publish\publish\MH.Api.staticwebassets.endpoints.json&apos;" date="2025-11-18T07:50:46.440" /><!-- duration: 16ms -->
          <step title="Deleting file: &apos;publish\publish\publish\publish\publish\publish\publish\web.config&apos;" date="2025-11-18T07:50:46.456" /><!-- duration: 16ms -->
          <step title="Deleting directory: &apos;publish\publish\publish\publish\publish\publish\publish&apos;" date="2025-11-18T07:50:46.471" /><!-- duration: 16ms -->
          <step title="Deleting directory: &apos;publish\publish\publish\publish\publish\publish&apos;" date="2025-11-18T07:50:46.487" /><!-- duration: 16ms -->
          <step title="Deleting directory: &apos;publish\publish\publish\publish\publish&apos;" date="2025-11-18T07:50:46.503" /><!-- duration: 16ms -->
          <step title="Deleting directory: &apos;publish\publish\publish\publish&apos;" date="2025-11-18T07:50:46.518" /><!-- duration: 16ms -->
          <step title="Deleting directory: &apos;publish\publish\publish&apos;" date="2025-11-18T07:50:46.534" /><!-- duration: 16ms -->
          <step title="Deleting directory: &apos;publish\publish&apos;" date="2025-11-18T07:50:46.549" /><!-- duration: 0ms -->
          <step title="Omitting next output lines..." date="2025-11-18T07:50:46.565" /><!-- duration: 0ms -->
          <step title="Finished successfully." date="2025-11-18T07:50:50.174" /><!-- duration: 16ms -->
        </step><!-- duration: 4703ms -->
        <step title="Build completed succesfully." date="2025-11-18T07:50:50.237" /><!-- duration: 16ms -->
        <step title="Running post deployment command(s)..." date="2025-11-18T07:50:50.284" /><!-- duration: 16ms -->
        <step title="Requesting site restart" date="2025-11-18T07:50:50.346" /><!-- duration: 0ms -->
        <step title="Requesting site restart" date="2025-11-18T07:50:50.346" /><!-- duration: 16ms -->
        <step title="Requesting site restart. Attempt #1" date="2025-11-18T07:50:50.393" /><!-- duration: 16ms -->
        <step title="Requesting site restart. Attempt #1" date="2025-11-18T07:50:50.409" /><!-- duration: 0ms -->
        <step title="Successfully requested a restart. Attempt #1" date="2025-11-18T07:50:50.565" /><!-- duration: 0ms -->
        <step title="Successfully requested a restart. Attempt #1" date="2025-11-18T07:50:50.565" /><!-- duration: 16ms -->
        <step title="Deployment successful. DEPLOYMENTINFO: deploymentPath = OneDeploy, deployer = OneDeploy, os = windows, sku = Free, siteName = NgCanduAPI, siteHostName = ngcanduapi.azurewebsites.net, deploymentStatus = Success" date="2025-11-18T07:50:50.612" /><!-- duration: 16ms -->
        <step title="Purge deployment items" date="2025-11-18T07:50:50.690" >
          <step title="Remove a80bda379, Success, received at 11/17/2025 1:12:24 PM" date="2025-11-18T07:50:50.753" /><!-- duration: 0ms -->
        </step><!-- duration: 78ms -->
      </step><!-- duration: 5641ms -->
    </step><!-- duration: 5906ms -->
    <step title="Cleaning up temp files" date="2025-11-18T07:50:50.799" /><!-- duration: 0ms -->
    <step title="Skip function trigger and logicapp sync because function is not enabled." date="2025-11-18T07:50:50.815" /><!-- duration: 0ms -->
  </step><!-- duration: 7078ms -->
  <step title="LockFile &apos;C:\home\site\locks\deployments.lock&apos; released" date="2025-11-18T07:50:50.846" /><!-- duration: 0ms -->
  <step title="Deleting shutdown sentinel file" date="2025-11-18T07:50:50.862" SemaphoreCount="8" /><!-- duration: 0ms -->
</step><!-- duration: 7188ms -->
