<step title="Incoming Request" date="2025-11-17T14:18:57.608" instance="92ca53" url="/api/publish?type=zip&amp;async=True" method="POST" type="request" pid="8256,2,7" Cache-Control="no-cache" Connection="Keep-Alive" Content-Length="18933315" Content-Type="application/octet-stream" Accept="*/*" Accept-Encoding="gzip, deflate" Authorization="Bas..." Host="ngcanduapi.scm.azurewebsites.net" User-Agent="AZURECLI/2.75.0 (MSI)" x-ms-client-request-id="52c2dea4-c3c0-11f0-82c2-c025a5cfe792" X-ARR-LOG-ID="52c2dea4-c3c0-11f0-82c2-c025a5cfe792" CLIENT-IP="197.234.156.224:64447" X-SITE-DEPLOYMENT-ID="NgCanduAPI" WAS-DEFAULT-HOSTNAME="ngcanduapi.scm.azurewebsites.net" X-Forwarded-Proto="https" X-AppService-Proto="https" X-Forwarded-TlsVersion="1.3" X-WAWS-Unencoded-URL="/api/publish?type=zip&amp;async=True" X-MS-COLDSTART="1" >
  <step title="OneDeploy" date="2025-11-17T14:18:58.139" >
    <step title="Starting PushDeployAsync" date="2025-11-17T14:18:58.154" /><!-- duration: 0ms -->
    <step title="Updating shutdown sentinel last write time" date="2025-11-17T14:18:58.201" SemaphoreCount="7" /><!-- duration: 16ms -->
    <step title="LockFile &apos;C:\home\site\locks\deployments.lock&apos; acquired" date="2025-11-17T14:18:58.217" /><!-- duration: 16ms -->
    <step title="Saving request content to C:\local\Temp\zipdeploy\jjbr0lca.zip" date="2025-11-17T14:18:58.233" >
      <step title="Total 18,933,315 bytes written to C:\local\Temp\zipdeploy\jjbr0lca.zip" date="2025-11-17T14:18:59.733" /><!-- duration: 0ms -->
    </step><!-- duration: 1516ms -->
    <step title="LockFile &apos;C:\home\site\locks\deployments.lock&apos; released" date="2025-11-17T14:18:59.748" /><!-- duration: 0ms -->
    <step title="Deleting shutdown sentinel file" date="2025-11-17T14:18:59.764" SemaphoreCount="8" /><!-- duration: 0ms -->
    <step title="Starting FetchDeploy" date="2025-11-17T14:18:59.779" /><!-- duration: 0ms -->
    <step title="Start deployment in the background" date="2025-11-17T14:18:59.779" /><!-- duration: 94ms -->
  </step><!-- duration: 1750ms -->
  <step title="Outgoing response" date="2025-11-17T14:18:59.920" type="response" statusCode="202" statusText="Accepted" Server="Microsoft-IIS/10.0" x-ms-request-id="52c2dea4-c3c0-11f0-82c2-c025a5cfe792" Retry-After="30" Cache-Control="private" X-AspNet-Version="4.0.30319" Location="https://ngcanduapi.scm.azurewebsites.net/api/deployments/latest?deployer=OneDeploy&amp;time=2025-11-17_14-18-59Z" /><!-- duration: 16ms -->
</step><!-- duration: 2328ms -->
