<step title="Incoming Request" date="2025-11-18T07:02:59.663" instance="92ca53" url="/api/publish?type=zip" method="POST" type="request" pid="11032,2,69" Cache-Control="no-cache" Content-Length="23426227" Content-Type="application/octet-stream" Accept="*/*" Accept-Encoding="gzip, deflate" Authorization="Bas..." Host="ngcanduapi.scm.azurewebsites.net" User-Agent="AZURECLI/2.75.0 (MSI)" x-ms-client-request-id="986297c5-c44c-11f0-b6da-c025a5cfe792" X-ARR-LOG-ID="986297c5-c44c-11f0-b6da-c025a5cfe792" CLIENT-IP="197.234.156.224:52892" X-SITE-DEPLOYMENT-ID="NgCanduAPI" WAS-DEFAULT-HOSTNAME="ngcanduapi.scm.azurewebsites.net" X-Forwarded-Proto="https" X-AppService-Proto="https" X-Forwarded-TlsVersion="1.3" X-WAWS-Unencoded-URL="/api/publish?type=zip" >
  <step title="Cleanup Xml Logs" date="2025-11-18T07:02:59.663" /><!-- duration: 16ms -->
  <step title="OneDeploy" date="2025-11-18T07:03:00.101" >
    <step title="Starting PushDeployAsync" date="2025-11-18T07:03:00.101" /><!-- duration: 16ms -->
    <step title="Updating shutdown sentinel last write time" date="2025-11-18T07:03:00.132" SemaphoreCount="7" /><!-- duration: 16ms -->
    <step title="LockFile &apos;C:\home\site\locks\deployments.lock&apos; acquired" date="2025-11-18T07:03:00.163" /><!-- duration: 0ms -->
    <step title="Saving request content to C:\local\Temp\zipdeploy\rcpccopa.zip" date="2025-11-18T07:03:00.163" >
      <step title="Total 23,426,227 bytes written to C:\local\Temp\zipdeploy\rcpccopa.zip" date="2025-11-18T07:03:04.444" /><!-- duration: 16ms -->
    </step><!-- duration: 4297ms -->
    <step title="LockFile &apos;C:\home\site\locks\deployments.lock&apos; released" date="2025-11-18T07:03:04.460" /><!-- duration: 16ms -->
    <step title="Deleting shutdown sentinel file" date="2025-11-18T07:03:04.476" SemaphoreCount="8" /><!-- duration: 0ms -->
    <step title="Starting FetchDeploy" date="2025-11-18T07:03:04.491" /><!-- duration: 0ms -->
    <step title="Attempting to fetch target branch HEAD" date="2025-11-18T07:03:04.491" /><!-- duration: 16ms -->
    <step title="Updating shutdown sentinel last write time" date="2025-11-18T07:03:04.507" SemaphoreCount="7" /><!-- duration: 16ms -->
    <step title="LockFile &apos;C:\home\site\locks\deployments.lock&apos; acquired" date="2025-11-18T07:03:04.523" /><!-- duration: 16ms -->
    <step title="Performing fetch based deployment" date="2025-11-18T07:03:04.538" >
      <step title="Creating temporary deployment" date="2025-11-18T07:03:04.538" /><!-- duration: 31ms -->
      <step title="Fetching changes." date="2025-11-18T07:03:04.616" /><!-- duration: 0ms -->
      <step title="Starting LocalZipHandler" date="2025-11-18T07:03:04.632" /><!-- duration: 0ms -->
      <step title="Starting LocalZipFetch" date="2025-11-18T07:03:04.632" /><!-- duration: 16ms -->
      <step title="Cleaning up temp folders from previous zip deployments and extracting pushed zip file C:\local\Temp\zipdeploy\rcpccopa.zip (22.34 MB) to C:\local\Temp\zipdeploy\extracted" date="2025-11-18T07:03:04.648" /><!-- duration: 16ms -->
      <step title="Cleaning up temp folders from previous zip deployments and extracting pushed zip file C:\local\Temp\zipdeploy\rcpccopa.zip (22.34 MB) to C:\local\Temp\zipdeploy\extracted" date="2025-11-18T07:03:04.663" >
        <step title="Renaming extractTargetDirectory(C:\local\Temp\zipdeploy\extracted) to tempDirectory(C:\local\Temp\zipdeploy\fmjd0lpk.gbp)" date="2025-11-18T07:03:04.679" /><!-- duration: 0ms -->
        <step title="Extracting 257 entries to C:\local\Temp\zipdeploy\extracted directory" date="2025-11-18T07:03:04.679" >
          <step title="Extracting to C:\local\Temp\zipdeploy\extracted\ca\Hangfire.Core.resources.dll ..." date="2025-11-18T07:03:04.694" /><!-- duration: 0ms -->
          <step title="Extracting to C:\local\Temp\zipdeploy\extracted\de\Hangfire.Core.resources.dll ..." date="2025-11-18T07:03:04.694" /><!-- duration: 16ms -->
          <step title="Extracting to C:\local\Temp\zipdeploy\extracted\es\Hangfire.Core.resources.dll ..." date="2025-11-18T07:03:04.710" /><!-- duration: 0ms -->
          <step title="Extracting to C:\local\Temp\zipdeploy\extracted\fa\Hangfire.Core.resources.dll ..." date="2025-11-18T07:03:04.726" /><!-- duration: 0ms -->
          <step title="Extracting to C:\local\Temp\zipdeploy\extracted\fr\Hangfire.Core.resources.dll ..." date="2025-11-18T07:03:04.741" /><!-- duration: 0ms -->
          <step title="Omitting extracting file traces ..." date="2025-11-18T07:03:04.741" /><!-- duration: 16ms -->
        </step><!-- duration: 922ms -->
      </step><!-- duration: 938ms -->
      <step title="None repository commit" date="2025-11-18T07:03:05.616" >
        <step title="Commit id: 57d695e4581849d6bb5c2b5f373e7e68" date="2025-11-18T07:03:05.616" Message="OneDeploy" AuthorName="N/A" AuthorEmail="N/A" /><!-- duration: 0ms -->
      </step><!-- duration: 16ms -->
      <step title="Before sending BuildRequestReceived status to /api/updatedeploystatus" date="2025-11-18T07:03:05.632" /><!-- duration: 0ms -->
      <step title="DeploymentManager.Deploy(id:57d695e4581849d6bb5c2b5f373e7e68)" date="2025-11-18T07:03:05.648" >
        <step title="Collecting changeset information" date="2025-11-18T07:03:05.648" /><!-- duration: 47ms -->
        <step title="Updating submodules" date="2025-11-18T07:03:05.694" >
          <step title="Updating submodules." date="2025-11-18T07:03:05.757" /><!-- duration: 0ms -->
        </step><!-- duration: 62ms -->
        <step title="Preparing deployment for commit id &apos;57d695e458&apos;." date="2025-11-18T07:03:05.804" /><!-- duration: 0ms -->
        <step title="Determining deployment builder" date="2025-11-18T07:03:05.851" >
          <step title="Builder is OneDeployBuilder" date="2025-11-18T07:03:05.851" /><!-- duration: 16ms -->
        </step><!-- duration: 16ms -->
        <step title="Copying SSH keys" date="2025-11-18T07:03:05.882" /><!-- duration: 0ms -->
        <step title="Building" date="2025-11-18T07:03:05.898" >
          <step title="Running build. Project type: OneDeploy" date="2025-11-18T07:03:05.929" /><!-- duration: 16ms -->
          <step title="Copying the manifest" date="2025-11-18T07:03:05.991" /><!-- duration: 0ms -->
          <step title="Clean deploying to C:\home\site\wwwroot" date="2025-11-18T07:03:06.054" /><!-- duration: 0ms -->
          <step title="Generating deployment script." date="2025-11-18T07:03:06.116" /><!-- duration: 0ms -->
          <step title="Generating deployment script" date="2025-11-18T07:03:06.132" >
            <step title="Using cached version of the deployment script for command: -y --no-dot-deployment -r &quot;C:\local\Temp\zipdeploy\extracted&quot; -o &quot;C:\home\site\deployments\tools&quot; --basic --sitePath &quot;C:\local\Temp\zipdeploy\extracted&quot;" date="2025-11-18T07:03:06.148" /><!-- duration: 0ms -->
            <step title="Using cached version of deployment script (command: &apos;azure -y --no-dot-deployment -r &quot;C:\local\Temp\zipdeploy\extracted&quot; -o &quot;C:\home\site\deployments\tools&quot; --basic --sitePath &quot;C:\local\Temp\zipdeploy\extracted&quot;&apos;)." date="2025-11-18T07:03:06.179" /><!-- duration: 0ms -->
          </step><!-- duration: 78ms -->
          <step title="Running deployment command..." date="2025-11-18T07:03:06.241" /><!-- duration: 0ms -->
          <step title="Command: &quot;C:\home\site\deployments\tools\deploy.cmd&quot;" date="2025-11-18T07:03:06.257" /><!-- duration: 16ms -->
          <step title="Executing external process" date="2025-11-18T07:03:06.273" type="process" path="starter.cmd" arguments="&quot;C:\home\site\deployments\tools\deploy.cmd&quot;" >
            <step title="Handling Basic Web Site deployment." date="2025-11-18T07:03:06.398" /><!-- duration: 0ms -->
            <step title="Creating app_offline.htm" date="2025-11-18T07:03:06.944" /><!-- duration: 0ms -->
            <step title="KuduSync.NET from: &apos;C:\local\Temp\zipdeploy\extracted&apos; to: &apos;C:\home\site\wwwroot&apos;" date="2025-11-18T07:03:06.960" /><!-- duration: 0ms -->
            <step title="Copying file: &apos;MH.Api.dll&apos;" date="2025-11-18T07:03:06.991" /><!-- duration: 0ms -->
            <step title="Copying file: &apos;MH.Api.exe&apos;" date="2025-11-18T07:03:07.007" /><!-- duration: 0ms -->
            <step title="Copying file: &apos;MH.Api.pdb&apos;" date="2025-11-18T07:03:07.023" /><!-- duration: 0ms -->
            <step title="Copying file: &apos;MH.Application.dll&apos;" date="2025-11-18T07:03:07.038" /><!-- duration: 0ms -->
            <step title="Copying file: &apos;MH.Application.pdb&apos;" date="2025-11-18T07:03:07.054" /><!-- duration: 16ms -->
            <step title="Copying file: &apos;MH.Domain.dll&apos;" date="2025-11-18T07:03:07.085" /><!-- duration: 0ms -->
            <step title="Copying file: &apos;MH.Domain.pdb&apos;" date="2025-11-18T07:03:07.101" /><!-- duration: 16ms -->
            <step title="Copying file: &apos;MH.Infrastructure.dll&apos;" date="2025-11-18T07:03:07.116" /><!-- duration: 16ms -->
            <step title="Copying file: &apos;MH.Infrastructure.pdb&apos;" date="2025-11-18T07:03:07.148" /><!-- duration: 0ms -->
            <step title="Copying file: &apos;publish\publish\publish\MH.Api.deps.json&apos;" date="2025-11-18T07:03:07.163" /><!-- duration: 0ms -->
            <step title="Copying file: &apos;publish\publish\publish\publish\publish\publish\appsettings.Development.json&apos;" date="2025-11-18T07:03:07.179" /><!-- duration: 0ms -->
            <step title="Copying file: &apos;publish\publish\publish\publish\publish\publish\appsettings.json&apos;" date="2025-11-18T07:03:07.194" /><!-- duration: 16ms -->
            <step title="Copying file: &apos;publish\publish\publish\publish\publish\publish\MH.Api.deps.json&apos;" date="2025-11-18T07:03:07.241" /><!-- duration: 0ms -->
            <step title="Copying file: &apos;publish\publish\publish\publish\publish\publish\MH.Api.runtimeconfig.json&apos;" date="2025-11-18T07:03:07.257" /><!-- duration: 0ms -->
            <step title="Copying file: &apos;publish\publish\publish\publish\publish\publish\MH.Api.staticwebassets.endpoints.json&apos;" date="2025-11-18T07:03:07.273" /><!-- duration: 0ms -->
            <step title="Copying file: &apos;publish\publish\publish\publish\publish\publish\web.config&apos;" date="2025-11-18T07:03:07.288" /><!-- duration: 16ms -->
            <step title="Deleting app_offline.htm" date="2025-11-18T07:03:07.319" /><!-- duration: 0ms -->
            <step title="Finished successfully." date="2025-11-18T07:03:07.335" /><!-- duration: 0ms -->
          </step><!-- duration: 1078ms -->
          <step title="Build completed succesfully." date="2025-11-18T07:03:07.382" /><!-- duration: 16ms -->
          <step title="Running post deployment command(s)..." date="2025-11-18T07:03:07.444" /><!-- duration: 0ms -->
          <step title="Requesting site restart" date="2025-11-18T07:03:07.491" /><!-- duration: 0ms -->
          <step title="Requesting site restart" date="2025-11-18T07:03:07.507" /><!-- duration: 0ms -->
          <step title="Requesting site restart. Attempt #1" date="2025-11-18T07:03:07.554" /><!-- duration: 0ms -->
          <step title="Requesting site restart. Attempt #1" date="2025-11-18T07:03:07.569" /><!-- duration: 0ms -->
          <step title="Successfully requested a restart. Attempt #1" date="2025-11-18T07:03:07.710" /><!-- duration: 0ms -->
          <step title="Successfully requested a restart. Attempt #1" date="2025-11-18T07:03:07.726" /><!-- duration: 0ms -->
          <step title="Deployment successful. DEPLOYMENTINFO: deploymentPath = OneDeploy, deployer = OneDeploy, os = windows, sku = Free, siteName = NgCanduAPI, siteHostName = ngcanduapi.azurewebsites.net, deploymentStatus = Success" date="2025-11-18T07:03:07.773" /><!-- duration: 0ms -->
          <step title="Purge deployment items" date="2025-11-18T07:03:07.898" >
            <step title="Remove dd430a6d4, Success, received at 11/17/2025 12:57:33 PM" date="2025-11-18T07:03:07.960" /><!-- duration: 0ms -->
          </step><!-- duration: 78ms -->
        </step><!-- duration: 2094ms -->
      </step><!-- duration: 2391ms -->
      <step title="Cleaning up temp files" date="2025-11-18T07:03:08.054" /><!-- duration: 0ms -->
      <step title="Skip function trigger and logicapp sync because function is not enabled." date="2025-11-18T07:03:08.054" /><!-- duration: 31ms -->
    </step><!-- duration: 3578ms -->
    <step title="LockFile &apos;C:\home\site\locks\deployments.lock&apos; released" date="2025-11-18T07:03:08.132" /><!-- duration: 0ms -->
    <step title="Deleting shutdown sentinel file" date="2025-11-18T07:03:08.148" SemaphoreCount="8" /><!-- duration: 0ms -->
  </step><!-- duration: 8047ms -->
  <step title="Outgoing response" date="2025-11-18T07:03:08.163" type="response" statusCode="200" statusText="OK" Server="Microsoft-IIS/10.0" x-ms-request-id="986297c5-c44c-11f0-b6da-c025a5cfe792" Cache-Control="private" X-AspNet-Version="4.0.30319" /><!-- duration: 0ms -->
</step><!-- duration: 8500ms -->
