<step title="Incoming Request" date="2025-11-17T11:38:48.985" instance="92ca53" url="/api/publish?type=zip&amp;async=True" method="POST" type="request" pid="11416,2,7" Cache-Control="no-cache" Connection="Keep-Alive" Content-Length="18933315" Content-Type="application/octet-stream" Accept="*/*" Accept-Encoding="gzip, deflate" Authorization="Bas..." Host="ngcanduapi.scm.azurewebsites.net" User-Agent="AZURECLI/2.75.0 (MSI)" x-ms-client-request-id="f62c2c8c-c3a9-11f0-a622-c025a5cfe792" X-ARR-LOG-ID="f62c2c8c-c3a9-11f0-a622-c025a5cfe792" CLIENT-IP="197.234.156.224:54732" X-SITE-DEPLOYMENT-ID="NgCanduAPI" WAS-DEFAULT-HOSTNAME="ngcanduapi.scm.azurewebsites.net" X-Forwarded-Proto="https" X-AppService-Proto="https" X-Forwarded-TlsVersion="1.3" X-WAWS-Unencoded-URL="/api/publish?type=zip&amp;async=True" X-MS-COLDSTART="1" >
  <step title="OneDeploy" date="2025-11-17T11:38:49.516" >
    <step title="Starting PushDeployAsync" date="2025-11-17T11:38:49.532" /><!-- duration: 16ms -->
    <step title="Updating shutdown sentinel last write time" date="2025-11-17T11:38:49.594" SemaphoreCount="7" /><!-- duration: 0ms -->
    <step title="LockFile &apos;C:\home\site\locks\deployments.lock&apos; acquired" date="2025-11-17T11:38:49.594" /><!-- duration: 0ms -->
    <step title="Saving request content to C:\local\Temp\zipdeploy\iivhrjat.zip" date="2025-11-17T11:38:49.610" >
      <step title="Total 18,933,315 bytes written to C:\local\Temp\zipdeploy\iivhrjat.zip" date="2025-11-17T11:38:52.175" /><!-- duration: 0ms -->
    </step><!-- duration: 2566ms -->
    <step title="LockFile &apos;C:\home\site\locks\deployments.lock&apos; released" date="2025-11-17T11:38:52.191" /><!-- duration: 0ms -->
    <step title="Deleting shutdown sentinel file" date="2025-11-17T11:38:52.207" SemaphoreCount="8" /><!-- duration: 0ms -->
    <step title="Starting FetchDeploy" date="2025-11-17T11:38:52.222" /><!-- duration: 0ms -->
    <step title="Start deployment in the background" date="2025-11-17T11:38:52.222" /><!-- duration: 94ms -->
  </step><!-- duration: 2816ms -->
  <step title="Outgoing response" date="2025-11-17T11:38:52.363" type="response" statusCode="202" statusText="Accepted" Server="Microsoft-IIS/10.0" x-ms-request-id="f62c2c8c-c3a9-11f0-a622-c025a5cfe792" Retry-After="30" Cache-Control="private" X-AspNet-Version="4.0.30319" Location="https://ngcanduapi.scm.azurewebsites.net/api/deployments/latest?deployer=OneDeploy&amp;time=2025-11-17_11-38-52Z" /><!-- duration: 0ms -->
</step><!-- duration: 3394ms -->
