<step title="Incoming Request" date="2025-11-14T12:16:09.176" instance="92ca53" url="/api/publish?type=zip&amp;async=True" method="POST" type="request" pid="6024,2,7" Cache-Control="no-cache" Connection="Keep-Alive" Content-Length="23330063" Content-Type="application/octet-stream" Accept="*/*" Accept-Encoding="gzip, deflate" Authorization="Bas..." Host="ngcanduapi.scm.azurewebsites.net" User-Agent="AZURECLI/2.75.0 (MSI)" x-ms-client-request-id="ad35da27-c153-11f0-a1e1-c025a5cfe792" X-ARR-LOG-ID="ad35da27-c153-11f0-a1e1-c025a5cfe792" CLIENT-IP="197.234.156.224:55918" X-SITE-DEPLOYMENT-ID="NgCanduAPI" WAS-DEFAULT-HOSTNAME="ngcanduapi.scm.azurewebsites.net" X-Forwarded-Proto="https" X-AppService-Proto="https" X-Forwarded-TlsVersion="1.3" X-WAWS-Unencoded-URL="/api/publish?type=zip&amp;async=True" X-MS-COLDSTART="1" >
  <step title="OneDeploy" date="2025-11-14T12:16:09.707" >
    <step title="Starting PushDeployAsync" date="2025-11-14T12:16:09.754" /><!-- duration: 0ms -->
    <step title="Updating shutdown sentinel last write time" date="2025-11-14T12:16:09.801" SemaphoreCount="7" /><!-- duration: 0ms -->
    <step title="LockFile &apos;C:\home\site\locks\deployments.lock&apos; acquired" date="2025-11-14T12:16:09.817" /><!-- duration: 0ms -->
    <step title="Saving request content to C:\local\Temp\zipdeploy\geesdr44.zip" date="2025-11-14T12:16:09.832" >
      <step title="Total 23,330,063 bytes written to C:\local\Temp\zipdeploy\geesdr44.zip" date="2025-11-14T12:16:37.817" /><!-- duration: 0ms -->
    </step><!-- duration: 28000ms -->
    <step title="LockFile &apos;C:\home\site\locks\deployments.lock&apos; released" date="2025-11-14T12:16:37.833" /><!-- duration: 0ms -->
    <step title="Deleting shutdown sentinel file" date="2025-11-14T12:16:37.848" SemaphoreCount="8" /><!-- duration: 16ms -->
    <step title="Starting FetchDeploy" date="2025-11-14T12:16:37.864" /><!-- duration: 16ms -->
    <step title="Start deployment in the background" date="2025-11-14T12:16:37.879" /><!-- duration: 125ms -->
  </step><!-- duration: 28313ms -->
  <step title="Outgoing response" date="2025-11-14T12:16:38.051" type="response" statusCode="202" statusText="Accepted" Server="Microsoft-IIS/10.0" x-ms-request-id="ad35da27-c153-11f0-a1e1-c025a5cfe792" Retry-After="30" Cache-Control="private" X-AspNet-Version="4.0.30319" Location="https://ngcanduapi.scm.azurewebsites.net/api/deployments/latest?deployer=OneDeploy&amp;time=2025-11-14_12-16-38Z" /><!-- duration: 16ms -->
</step><!-- duration: 28891ms -->
