<step title="Incoming Request" date="2025-11-17T13:12:21.762" instance="92ca53" url="/api/publish?type=zip" method="POST" type="request" pid="12828,2,7" Cache-Control="no-cache" Connection="Keep-Alive" Content-Length="24073020" Content-Type="application/octet-stream" Accept="*/*" Accept-Encoding="gzip, deflate" Authorization="Bas..." Host="ngcanduapi.scm.azurewebsites.net" User-Agent="AZURECLI/2.75.0 (MSI)" x-ms-client-request-id="06b46d7e-c3b7-11f0-8459-c025a5cfe792" X-ARR-LOG-ID="06b46d7e-c3b7-11f0-8459-c025a5cfe792" CLIENT-IP="197.234.156.224:52291" X-SITE-DEPLOYMENT-ID="NgCanduAPI" WAS-DEFAULT-HOSTNAME="ngcanduapi.scm.azurewebsites.net" X-Forwarded-Proto="https" X-AppService-Proto="https" X-Forwarded-TlsVersion="1.3" X-WAWS-Unencoded-URL="/api/publish?type=zip" X-MS-COLDSTART="1" >
  <step title="OneDeploy" date="2025-11-17T13:12:22.278" >
    <step title="Starting PushDeployAsync" date="2025-11-17T13:12:22.309" /><!-- duration: 0ms -->
    <step title="Updating shutdown sentinel last write time" date="2025-11-17T13:12:22.356" SemaphoreCount="7" /><!-- duration: 0ms -->
    <step title="LockFile &apos;C:\home\site\locks\deployments.lock&apos; acquired" date="2025-11-17T13:12:22.356" /><!-- duration: 16ms -->
    <step title="Saving request content to C:\local\Temp\zipdeploy\uo1sas0t.zip" date="2025-11-17T13:12:22.372" >
      <step title="Total 24,073,020 bytes written to C:\local\Temp\zipdeploy\uo1sas0t.zip" date="2025-11-17T13:12:23.137" /><!-- duration: 0ms -->
    </step><!-- duration: 766ms -->
    <step title="LockFile &apos;C:\home\site\locks\deployments.lock&apos; released" date="2025-11-17T13:12:23.153" /><!-- duration: 0ms -->
    <step title="Deleting shutdown sentinel file" date="2025-11-17T13:12:23.169" SemaphoreCount="8" /><!-- duration: 0ms -->
    <step title="Starting FetchDeploy" date="2025-11-17T13:12:23.184" /><!-- duration: 0ms -->
    <step title="Attempting to fetch target branch HEAD" date="2025-11-17T13:12:23.184" /><!-- duration: 16ms -->
    <step title="Updating shutdown sentinel last write time" date="2025-11-17T13:12:23.200" SemaphoreCount="7" /><!-- duration: 16ms -->
    <step title="LockFile &apos;C:\home\site\locks\deployments.lock&apos; acquired" date="2025-11-17T13:12:23.216" /><!-- duration: 0ms -->
    <step title="Performing fetch based deployment" date="2025-11-17T13:12:23.231" >
      <step title="Creating temporary deployment" date="2025-11-17T13:12:23.231" /><!-- duration: 47ms -->
      <step title="Fetching changes." date="2025-11-17T13:12:23.372" /><!-- duration: 0ms -->
      <step title="Starting LocalZipHandler" date="2025-11-17T13:12:23.388" /><!-- duration: 0ms -->
      <step title="Starting LocalZipFetch" date="2025-11-17T13:12:23.403" /><!-- duration: 0ms -->
      <step title="Cleaning up temp folders from previous zip deployments and extracting pushed zip file C:\local\Temp\zipdeploy\uo1sas0t.zip (22.96 MB) to C:\local\Temp\zipdeploy\extracted" date="2025-11-17T13:12:23.419" /><!-- duration: 31ms -->
      <step title="Cleaning up temp folders from previous zip deployments and extracting pushed zip file C:\local\Temp\zipdeploy\uo1sas0t.zip (22.96 MB) to C:\local\Temp\zipdeploy\extracted" date="2025-11-17T13:12:23.450" >
        <step title="Extracting 263 entries to C:\local\Temp\zipdeploy\extracted directory" date="2025-11-17T13:12:23.466" >
          <step title="Extracting to C:\local\Temp\zipdeploy\extracted\ca\Hangfire.Core.resources.dll ..." date="2025-11-17T13:12:23.481" /><!-- duration: 0ms -->
          <step title="Extracting to C:\local\Temp\zipdeploy\extracted\de\Hangfire.Core.resources.dll ..." date="2025-11-17T13:12:23.497" /><!-- duration: 0ms -->
          <step title="Extracting to C:\local\Temp\zipdeploy\extracted\es\Hangfire.Core.resources.dll ..." date="2025-11-17T13:12:23.497" /><!-- duration: 16ms -->
          <step title="Extracting to C:\local\Temp\zipdeploy\extracted\fa\Hangfire.Core.resources.dll ..." date="2025-11-17T13:12:23.512" /><!-- duration: 0ms -->
          <step title="Extracting to C:\local\Temp\zipdeploy\extracted\fr\Hangfire.Core.resources.dll ..." date="2025-11-17T13:12:23.528" /><!-- duration: 0ms -->
          <step title="Omitting extracting file traces ..." date="2025-11-17T13:12:23.528" /><!-- duration: 16ms -->
        </step><!-- duration: 937ms -->
      </step><!-- duration: 969ms -->
      <step title="None repository commit" date="2025-11-17T13:12:24.419" >
        <step title="Commit id: a80bda37937a405499e4bb3b8442c7a0" date="2025-11-17T13:12:24.419" Message="OneDeploy" AuthorName="N/A" AuthorEmail="N/A" /><!-- duration: 16ms -->
      </step><!-- duration: 16ms -->
      <step title="Before sending BuildRequestReceived status to /api/updatedeploystatus" date="2025-11-17T13:12:24.434" /><!-- duration: 16ms -->
      <step title="DeploymentManager.Deploy(id:a80bda37937a405499e4bb3b8442c7a0)" date="2025-11-17T13:12:24.450" >
        <step title="Collecting changeset information" date="2025-11-17T13:12:24.466" /><!-- duration: 31ms -->
        <step title="Updating submodules" date="2025-11-17T13:12:24.497" >
          <step title="Updating submodules." date="2025-11-17T13:12:24.544" /><!-- duration: 0ms -->
        </step><!-- duration: 62ms -->
        <step title="Preparing deployment for commit id &apos;a80bda3793&apos;." date="2025-11-17T13:12:24.606" /><!-- duration: 0ms -->
        <step title="Determining deployment builder" date="2025-11-17T13:12:24.653" >
          <step title="Builder is OneDeployBuilder" date="2025-11-17T13:12:24.669" /><!-- duration: 0ms -->
        </step><!-- duration: 16ms -->
        <step title="Copying SSH keys" date="2025-11-17T13:12:24.700" /><!-- duration: 16ms -->
        <step title="Building" date="2025-11-17T13:12:24.716" >
          <step title="Running build. Project type: OneDeploy" date="2025-11-17T13:12:24.763" /><!-- duration: 16ms -->
          <step title="Copying the manifest" date="2025-11-17T13:12:24.809" /><!-- duration: 16ms -->
          <step title="Clean deploying to C:\home\site\wwwroot" date="2025-11-17T13:12:24.872" /><!-- duration: 16ms -->
          <step title="Generating deployment script." date="2025-11-17T13:12:24.919" /><!-- duration: 16ms -->
          <step title="Generating deployment script" date="2025-11-17T13:12:24.950" >
            <step title="Using cached version of the deployment script for command: -y --no-dot-deployment -r &quot;C:\local\Temp\zipdeploy\extracted&quot; -o &quot;C:\home\site\deployments\tools&quot; --basic --sitePath &quot;C:\local\Temp\zipdeploy\extracted&quot;" date="2025-11-17T13:12:24.981" /><!-- duration: 16ms -->
            <step title="Using cached version of deployment script (command: &apos;azure -y --no-dot-deployment -r &quot;C:\local\Temp\zipdeploy\extracted&quot; -o &quot;C:\home\site\deployments\tools&quot; --basic --sitePath &quot;C:\local\Temp\zipdeploy\extracted&quot;&apos;)." date="2025-11-17T13:12:25.013" /><!-- duration: 0ms -->
          </step><!-- duration: 78ms -->
          <step title="Running deployment command..." date="2025-11-17T13:12:25.075" /><!-- duration: 0ms -->
          <step title="Command: &quot;C:\home\site\deployments\tools\deploy.cmd&quot;" date="2025-11-17T13:12:25.091" /><!-- duration: 16ms -->
          <step title="Executing external process" date="2025-11-17T13:12:25.122" type="process" path="starter.cmd" arguments="&quot;C:\home\site\deployments\tools\deploy.cmd&quot;" >
            <step title="Handling Basic Web Site deployment." date="2025-11-17T13:12:25.263" /><!-- duration: 0ms -->
            <step title="Creating app_offline.htm" date="2025-11-17T13:12:28.044" /><!-- duration: 0ms -->
            <step title="KuduSync.NET from: &apos;C:\local\Temp\zipdeploy\extracted&apos; to: &apos;C:\home\site\wwwroot&apos;" date="2025-11-17T13:12:28.059" /><!-- duration: 0ms -->
            <step title="Copying file: &apos;MH.Infrastructure.dll&apos;" date="2025-11-17T13:12:28.075" /><!-- duration: 16ms -->
            <step title="Copying file: &apos;MH.Infrastructure.pdb&apos;" date="2025-11-17T13:12:28.091" /><!-- duration: 16ms -->
            <step title="Deleting app_offline.htm" date="2025-11-17T13:12:28.122" /><!-- duration: 0ms -->
            <step title="Finished successfully." date="2025-11-17T13:12:28.138" /><!-- duration: 0ms -->
          </step><!-- duration: 3031ms -->
          <step title="Build completed succesfully." date="2025-11-17T13:12:28.200" /><!-- duration: 0ms -->
          <step title="Running post deployment command(s)..." date="2025-11-17T13:12:28.247" /><!-- duration: 0ms -->
          <step title="Requesting site restart" date="2025-11-17T13:12:28.294" /><!-- duration: 16ms -->
          <step title="Requesting site restart" date="2025-11-17T13:12:28.309" /><!-- duration: 0ms -->
          <step title="Requesting site restart. Attempt #1" date="2025-11-17T13:12:28.356" /><!-- duration: 0ms -->
          <step title="Requesting site restart. Attempt #1" date="2025-11-17T13:12:28.372" /><!-- duration: 0ms -->
          <step title="Successfully requested a restart. Attempt #1" date="2025-11-17T13:12:28.700" /><!-- duration: 0ms -->
          <step title="Successfully requested a restart. Attempt #1" date="2025-11-17T13:12:28.716" /><!-- duration: 0ms -->
          <step title="Deployment successful. DEPLOYMENTINFO: deploymentPath = OneDeploy, deployer = OneDeploy, os = windows, sku = Free, siteName = NgCanduAPI, siteHostName = ngcanduapi.azurewebsites.net, deploymentStatus = Success" date="2025-11-17T13:12:28.763" /><!-- duration: 0ms -->
          <step title="Purge deployment items" date="2025-11-17T13:12:28.934" >
            <step title="Remove a34d2e9c3, Success, received at 11/17/2025 11:44:48 AM" date="2025-11-17T13:12:28.981" /><!-- duration: 16ms -->
          </step><!-- duration: 62ms -->
        </step><!-- duration: 4297ms -->
      </step><!-- duration: 4578ms -->
      <step title="Cleaning up temp files" date="2025-11-17T13:12:29.059" /><!-- duration: 0ms -->
      <step title="Skip function trigger and logicapp sync because function is not enabled." date="2025-11-17T13:12:29.075" /><!-- duration: 0ms -->
    </step><!-- duration: 5891ms -->
    <step title="LockFile &apos;C:\home\site\locks\deployments.lock&apos; released" date="2025-11-17T13:12:29.122" /><!-- duration: 0ms -->
    <step title="Deleting shutdown sentinel file" date="2025-11-17T13:12:29.138" SemaphoreCount="8" /><!-- duration: 0ms -->
  </step><!-- duration: 6859ms -->
  <step title="Outgoing response" date="2025-11-17T13:12:29.169" type="response" statusCode="200" statusText="OK" Server="Microsoft-IIS/10.0" x-ms-request-id="06b46d7e-c3b7-11f0-8459-c025a5cfe792" Cache-Control="private" X-AspNet-Version="4.0.30319" /><!-- duration: 16ms -->
</step><!-- duration: 7422ms -->
