<step title="Incoming Request" date="2025-11-17T11:20:59.166" instance="92ca53" url="/api/publish?type=zip&amp;async=False" method="POST" type="request" pid="14144,2,7" Cache-Control="no-cache" Connection="Keep-Alive" Content-Length="23553690" Content-Type="application/octet-stream" Accept="*/*" Accept-Encoding="gzip, deflate" Authorization="Bas..." Host="ngcanduapi.scm.azurewebsites.net" User-Agent="AZURECLI/2.75.0 (MSI)" x-ms-client-request-id="77fca0ae-c3a7-11f0-be2b-c025a5cfe792" X-ARR-LOG-ID="77fca0ae-c3a7-11f0-be2b-c025a5cfe792" CLIENT-IP="197.234.156.224:59505" X-SITE-DEPLOYMENT-ID="NgCanduAPI" WAS-DEFAULT-HOSTNAME="ngcanduapi.scm.azurewebsites.net" X-Forwarded-Proto="https" X-AppService-Proto="https" X-Forwarded-TlsVersion="1.3" X-WAWS-Unencoded-URL="/api/publish?type=zip&amp;async=False" X-MS-COLDSTART="1" >
  <step title="OneDeploy" date="2025-11-17T11:20:59.697" >
    <step title="Starting PushDeployAsync" date="2025-11-17T11:20:59.712" /><!-- duration: 16ms -->
    <step title="Updating shutdown sentinel last write time" date="2025-11-17T11:20:59.775" SemaphoreCount="7" /><!-- duration: 0ms -->
    <step title="LockFile &apos;C:\home\site\locks\deployments.lock&apos; acquired" date="2025-11-17T11:20:59.775" /><!-- duration: 16ms -->
    <step title="Saving request content to C:\local\Temp\zipdeploy\yoks54ke.zip" date="2025-11-17T11:20:59.791" >
      <step title="Total 23,553,690 bytes written to C:\local\Temp\zipdeploy\yoks54ke.zip" date="2025-11-17T11:21:01.369" /><!-- duration: 0ms -->
    </step><!-- duration: 1594ms -->
    <step title="LockFile &apos;C:\home\site\locks\deployments.lock&apos; released" date="2025-11-17T11:21:01.384" /><!-- duration: 16ms -->
    <step title="Deleting shutdown sentinel file" date="2025-11-17T11:21:01.400" SemaphoreCount="8" /><!-- duration: 0ms -->
    <step title="Starting FetchDeploy" date="2025-11-17T11:21:01.416" /><!-- duration: 0ms -->
    <step title="Attempting to fetch target branch HEAD" date="2025-11-17T11:21:01.416" /><!-- duration: 16ms -->
    <step title="Updating shutdown sentinel last write time" date="2025-11-17T11:21:01.431" SemaphoreCount="7" /><!-- duration: 16ms -->
    <step title="LockFile &apos;C:\home\site\locks\deployments.lock&apos; acquired" date="2025-11-17T11:21:01.447" /><!-- duration: 47ms -->
    <step title="Performing fetch based deployment" date="2025-11-17T11:21:01.509" >
      <step title="Creating temporary deployment" date="2025-11-17T11:21:01.509" /><!-- duration: 47ms -->
      <step title="Fetching changes." date="2025-11-17T11:21:01.619" /><!-- duration: 0ms -->
      <step title="Starting LocalZipHandler" date="2025-11-17T11:21:01.634" /><!-- duration: 0ms -->
      <step title="Starting LocalZipFetch" date="2025-11-17T11:21:01.650" /><!-- duration: 0ms -->
      <step title="Cleaning up temp folders from previous zip deployments and extracting pushed zip file C:\local\Temp\zipdeploy\yoks54ke.zip (22.46 MB) to C:\local\Temp\zipdeploy\extracted" date="2025-11-17T11:21:01.666" /><!-- duration: 0ms -->
      <step title="Cleaning up temp folders from previous zip deployments and extracting pushed zip file C:\local\Temp\zipdeploy\yoks54ke.zip (22.46 MB) to C:\local\Temp\zipdeploy\extracted" date="2025-11-17T11:21:01.681" >
        <step title="Extracting 287 entries to C:\local\Temp\zipdeploy\extracted directory" date="2025-11-17T11:21:01.697" >
          <step title="Extracting to C:\local\Temp\zipdeploy\extracted\ca\Hangfire.Core.resources.dll ..." date="2025-11-17T11:21:01.697" /><!-- duration: 16ms -->
          <step title="Extracting to C:\local\Temp\zipdeploy\extracted\de\Hangfire.Core.resources.dll ..." date="2025-11-17T11:21:01.712" /><!-- duration: 16ms -->
          <step title="Extracting to C:\local\Temp\zipdeploy\extracted\es\Hangfire.Core.resources.dll ..." date="2025-11-17T11:21:01.728" /><!-- duration: 0ms -->
          <step title="Extracting to C:\local\Temp\zipdeploy\extracted\fa\Hangfire.Core.resources.dll ..." date="2025-11-17T11:21:01.744" /><!-- duration: 0ms -->
          <step title="Extracting to C:\local\Temp\zipdeploy\extracted\fr\Hangfire.Core.resources.dll ..." date="2025-11-17T11:21:01.744" /><!-- duration: 16ms -->
          <step title="Omitting extracting file traces ..." date="2025-11-17T11:21:01.759" /><!-- duration: 0ms -->
        </step><!-- duration: 938ms -->
      </step><!-- duration: 953ms -->
      <step title="None repository commit" date="2025-11-17T11:21:02.650" >
        <step title="Commit id: 5d0c10eb149c4fb494c839db100cd0f2" date="2025-11-17T11:21:02.650" Message="OneDeploy" AuthorName="N/A" AuthorEmail="N/A" /><!-- duration: 0ms -->
      </step><!-- duration: 16ms -->
      <step title="Before sending BuildRequestReceived status to /api/updatedeploystatus" date="2025-11-17T11:21:02.666" /><!-- duration: 0ms -->
      <step title="DeploymentManager.Deploy(id:5d0c10eb149c4fb494c839db100cd0f2)" date="2025-11-17T11:21:02.681" >
        <step title="Collecting changeset information" date="2025-11-17T11:21:02.681" /><!-- duration: 31ms -->
        <step title="Updating submodules" date="2025-11-17T11:21:02.728" >
          <step title="Updating submodules." date="2025-11-17T11:21:02.775" /><!-- duration: 16ms -->
        </step><!-- duration: 62ms -->
        <step title="Preparing deployment for commit id &apos;5d0c10eb14&apos;." date="2025-11-17T11:21:02.869" /><!-- duration: 0ms -->
        <step title="Determining deployment builder" date="2025-11-17T11:21:02.916" >
          <step title="Builder is OneDeployBuilder" date="2025-11-17T11:21:02.931" /><!-- duration: 0ms -->
        </step><!-- duration: 16ms -->
        <step title="Copying SSH keys" date="2025-11-17T11:21:02.962" /><!-- duration: 0ms -->
        <step title="Building" date="2025-11-17T11:21:02.962" >
          <step title="Running build. Project type: OneDeploy" date="2025-11-17T11:21:03.009" /><!-- duration: 0ms -->
          <step title="Copying the manifest" date="2025-11-17T11:21:03.056" /><!-- duration: 0ms -->
          <step title="Clean deploying to C:\home\site\wwwroot" date="2025-11-17T11:21:03.134" /><!-- duration: 0ms -->
          <step title="Generating deployment script." date="2025-11-17T11:21:03.181" /><!-- duration: 0ms -->
          <step title="Generating deployment script" date="2025-11-17T11:21:03.197" >
            <step title="Using cached version of the deployment script for command: -y --no-dot-deployment -r &quot;C:\local\Temp\zipdeploy\extracted&quot; -o &quot;C:\home\site\deployments\tools&quot; --basic --sitePath &quot;C:\local\Temp\zipdeploy\extracted&quot;" date="2025-11-17T11:21:03.244" /><!-- duration: 0ms -->
            <step title="Using cached version of deployment script (command: &apos;azure -y --no-dot-deployment -r &quot;C:\local\Temp\zipdeploy\extracted&quot; -o &quot;C:\home\site\deployments\tools&quot; --basic --sitePath &quot;C:\local\Temp\zipdeploy\extracted&quot;&apos;)." date="2025-11-17T11:21:03.275" /><!-- duration: 0ms -->
          </step><!-- duration: 109ms -->
          <step title="Running deployment command..." date="2025-11-17T11:21:03.337" /><!-- duration: 16ms -->
          <step title="Command: &quot;C:\home\site\deployments\tools\deploy.cmd&quot;" date="2025-11-17T11:21:03.353" /><!-- duration: 16ms -->
          <step title="Executing external process" date="2025-11-17T11:21:03.384" type="process" path="starter.cmd" arguments="&quot;C:\home\site\deployments\tools\deploy.cmd&quot;" >
            <step title="Handling Basic Web Site deployment." date="2025-11-17T11:21:03.509" /><!-- duration: 0ms -->
            <step title="Creating app_offline.htm" date="2025-11-17T11:21:03.962" /><!-- duration: 16ms -->
            <step title="KuduSync.NET from: &apos;C:\local\Temp\zipdeploy\extracted&apos; to: &apos;C:\home\site\wwwroot&apos;" date="2025-11-17T11:21:04.009" /><!-- duration: 0ms -->
            <step title="Copying file: &apos;MH.Api.dll&apos;" date="2025-11-17T11:21:04.025" /><!-- duration: 0ms -->
            <step title="Copying file: &apos;MH.Api.exe&apos;" date="2025-11-17T11:21:04.041" /><!-- duration: 0ms -->
            <step title="Copying file: &apos;MH.Api.pdb&apos;" date="2025-11-17T11:21:04.056" /><!-- duration: 0ms -->
            <step title="Copying file: &apos;MH.Api.runtimeconfig.json&apos;" date="2025-11-17T11:21:04.072" /><!-- duration: 0ms -->
            <step title="Copying file: &apos;MH.Application.dll&apos;" date="2025-11-17T11:21:04.087" /><!-- duration: 0ms -->
            <step title="Copying file: &apos;MH.Application.pdb&apos;" date="2025-11-17T11:21:04.103" /><!-- duration: 16ms -->
            <step title="Copying file: &apos;MH.Domain.dll&apos;" date="2025-11-17T11:21:04.134" /><!-- duration: 0ms -->
            <step title="Copying file: &apos;MH.Domain.pdb&apos;" date="2025-11-17T11:21:04.150" /><!-- duration: 0ms -->
            <step title="Copying file: &apos;MH.Infrastructure.dll&apos;" date="2025-11-17T11:21:04.166" /><!-- duration: 0ms -->
            <step title="Copying file: &apos;MH.Infrastructure.pdb&apos;" date="2025-11-17T11:21:04.181" /><!-- duration: 16ms -->
            <step title="Copying file: &apos;publish\MH.Api.runtimeconfig.json&apos;" date="2025-11-17T11:21:04.228" /><!-- duration: 0ms -->
            <step title="Copying file: &apos;publish\publish\publish\MH.Api.runtimeconfig.json&apos;" date="2025-11-17T11:21:04.244" /><!-- duration: 0ms -->
            <step title="Copying file: &apos;publish\publish\publish\publish\publish\MH.Api.runtimeconfig.json&apos;" date="2025-11-17T11:21:04.275" /><!-- duration: 0ms -->
            <step title="Copying file: &apos;publish\publish\publish\publish\publish\publish\publish\publish\MH.Api.runtimeconfig.json&apos;" date="2025-11-17T11:21:04.291" /><!-- duration: 16ms -->
            <step title="Copying file: &apos;publish\publish\publish\publish\publish\publish\publish\publish\publish\publish\publish\appsettings.Development.json&apos;" date="2025-11-17T11:21:04.306" /><!-- duration: 16ms -->
            <step title="Copying file: &apos;publish\publish\publish\publish\publish\publish\publish\publish\publish\publish\publish\appsettings.json&apos;" date="2025-11-17T11:21:04.337" /><!-- duration: 0ms -->
            <step title="Copying file: &apos;publish\publish\publish\publish\publish\publish\publish\publish\publish\publish\publish\MH.Api.deps.json&apos;" date="2025-11-17T11:21:06.634" /><!-- duration: 16ms -->
            <step title="Copying file: &apos;publish\publish\publish\publish\publish\publish\publish\publish\publish\publish\publish\MH.Api.runtimeconfig.json&apos;" date="2025-11-17T11:21:06.650" /><!-- duration: 16ms -->
            <step title="Copying file: &apos;publish\publish\publish\publish\publish\publish\publish\publish\publish\publish\publish\MH.Api.staticwebassets.endpoints.json&apos;" date="2025-11-17T11:21:06.681" /><!-- duration: 0ms -->
            <step title="Copying file: &apos;publish\publish\publish\publish\publish\publish\publish\publish\publish\publish\publish\web.config&apos;" date="2025-11-17T11:21:06.697" /><!-- duration: 0ms -->
            <step title="Deleting app_offline.htm" date="2025-11-17T11:21:06.712" /><!-- duration: 0ms -->
            <step title="Finished successfully." date="2025-11-17T11:21:06.728" /><!-- duration: 16ms -->
          </step><!-- duration: 3359ms -->
          <step title="Build completed succesfully." date="2025-11-17T11:21:06.791" /><!-- duration: 0ms -->
          <step title="Running post deployment command(s)..." date="2025-11-17T11:21:06.837" /><!-- duration: 0ms -->
          <step title="Requesting site restart" date="2025-11-17T11:21:06.884" /><!-- duration: 16ms -->
          <step title="Requesting site restart" date="2025-11-17T11:21:06.931" /><!-- duration: 16ms -->
          <step title="Requesting site restart. Attempt #1" date="2025-11-17T11:21:06.978" /><!-- duration: 16ms -->
          <step title="Requesting site restart. Attempt #1" date="2025-11-17T11:21:06.994" /><!-- duration: 16ms -->
          <step title="Successfully requested a restart. Attempt #1" date="2025-11-17T11:21:07.337" /><!-- duration: 0ms -->
          <step title="Successfully requested a restart. Attempt #1" date="2025-11-17T11:21:07.353" /><!-- duration: 16ms -->
          <step title="Deployment successful. DEPLOYMENTINFO: deploymentPath = OneDeploy, deployer = OneDeploy, os = windows, sku = Free, siteName = NgCanduAPI, siteHostName = ngcanduapi.azurewebsites.net, deploymentStatus = Success" date="2025-11-17T11:21:07.400" /><!-- duration: 16ms -->
          <step title="Purge deployment items" date="2025-11-17T11:21:07.587" >
            <step title="Remove 437c8cbff, Success, received at 11/14/2025 12:03:13 PM" date="2025-11-17T11:21:07.650" /><!-- duration: 0ms -->
          </step><!-- duration: 62ms -->
        </step><!-- duration: 4719ms -->
      </step><!-- duration: 5000ms -->
      <step title="Cleaning up temp files" date="2025-11-17T11:21:07.697" /><!-- duration: 0ms -->
      <step title="Skip function trigger and logicapp sync because function is not enabled." date="2025-11-17T11:21:07.712" /><!-- duration: 0ms -->
    </step><!-- duration: 6234ms -->
    <step title="LockFile &apos;C:\home\site\locks\deployments.lock&apos; released" date="2025-11-17T11:21:07.759" /><!-- duration: 0ms -->
    <step title="Deleting shutdown sentinel file" date="2025-11-17T11:21:07.775" SemaphoreCount="8" /><!-- duration: 0ms -->
  </step><!-- duration: 8078ms -->
  <step title="Outgoing response" date="2025-11-17T11:21:07.806" type="response" statusCode="200" statusText="OK" Server="Microsoft-IIS/10.0" x-ms-request-id="77fca0ae-c3a7-11f0-be2b-c025a5cfe792" Cache-Control="private" X-AspNet-Version="4.0.30319" /><!-- duration: 16ms -->
</step><!-- duration: 8656ms -->
