<step title="Incoming Request" date="2025-11-17T11:44:43.436" instance="92ca53" url="/api/publish?type=zip&amp;async=True" method="POST" type="request" pid="11764,2,8" Cache-Control="no-cache" Content-Length="23249212" Content-Type="application/octet-stream" Accept="*/*" Accept-Encoding="gzip, deflate" Authorization="Bas..." Host="ngcanduapi.scm.azurewebsites.net" User-Agent="AZURECLI/2.75.0 (MSI)" x-ms-client-request-id="c9ddb8db-c3aa-11f0-88ed-c025a5cfe792" X-ARR-LOG-ID="c9ddb8db-c3aa-11f0-88ed-c025a5cfe792" CLIENT-IP="197.234.156.224:55615" X-SITE-DEPLOYMENT-ID="NgCanduAPI" WAS-DEFAULT-HOSTNAME="ngcanduapi.scm.azurewebsites.net" X-Forwarded-Proto="https" X-AppService-Proto="https" X-Forwarded-TlsVersion="1.3" X-WAWS-Unencoded-URL="/api/publish?type=zip&amp;async=True" >
  <step title="OneDeploy" date="2025-11-17T11:44:43.670" >
    <step title="Starting PushDeployAsync" date="2025-11-17T11:44:43.701" /><!-- duration: 0ms -->
    <step title="Updating shutdown sentinel last write time" date="2025-11-17T11:44:43.748" SemaphoreCount="7" /><!-- duration: 0ms -->
    <step title="LockFile &apos;C:\home\site\locks\deployments.lock&apos; acquired" date="2025-11-17T11:44:43.764" /><!-- duration: 0ms -->
    <step title="Saving request content to C:\local\Temp\zipdeploy\eo52hyel.zip" date="2025-11-17T11:44:43.764" >
      <step title="Total 23,249,212 bytes written to C:\local\Temp\zipdeploy\eo52hyel.zip" date="2025-11-17T11:44:46.924" /><!-- duration: 0ms -->
    </step><!-- duration: 3160ms -->
    <step title="LockFile &apos;C:\home\site\locks\deployments.lock&apos; released" date="2025-11-17T11:44:46.939" /><!-- duration: 0ms -->
    <step title="Deleting shutdown sentinel file" date="2025-11-17T11:44:46.955" SemaphoreCount="8" /><!-- duration: 0ms -->
    <step title="Starting FetchDeploy" date="2025-11-17T11:44:46.955" /><!-- duration: 16ms -->
    <step title="Start deployment in the background" date="2025-11-17T11:44:46.971" /><!-- duration: 94ms -->
  </step><!-- duration: 3394ms -->
  <step title="Outgoing response" date="2025-11-17T11:44:47.111" type="response" statusCode="202" statusText="Accepted" Server="Microsoft-IIS/10.0" x-ms-request-id="c9ddb8db-c3aa-11f0-88ed-c025a5cfe792" Retry-After="30" Cache-Control="private" X-AspNet-Version="4.0.30319" Location="https://ngcanduapi.scm.azurewebsites.net/api/deployments/latest?deployer=OneDeploy&amp;time=2025-11-17_11-44-47Z" /><!-- duration: 0ms -->
</step><!-- duration: 3675ms -->
