<step title="Incoming Request" date="2025-11-17T12:57:28.003" instance="92ca53" url="/api/publish?type=zip" method="POST" type="request" pid="6320,2,7" Cache-Control="no-cache" Connection="Keep-Alive" Content-Length="24072821" Content-Type="application/octet-stream" Accept="*/*" Accept-Encoding="gzip, deflate" Authorization="Bas..." Host="ngcanduapi.scm.azurewebsites.net" User-Agent="AZURECLI/2.75.0 (MSI)" x-ms-client-request-id="f2cc98b5-c3b4-11f0-81a5-c025a5cfe792" X-ARR-LOG-ID="f2cc98b5-c3b4-11f0-81a5-c025a5cfe792" CLIENT-IP="197.234.156.224:56784" X-SITE-DEPLOYMENT-ID="NgCanduAPI" WAS-DEFAULT-HOSTNAME="ngcanduapi.scm.azurewebsites.net" X-Forwarded-Proto="https" X-AppService-Proto="https" X-Forwarded-TlsVersion="1.3" X-WAWS-Unencoded-URL="/api/publish?type=zip" X-MS-COLDSTART="1" >
  <step title="OneDeploy" date="2025-11-17T12:57:28.535" >
    <step title="Starting PushDeployAsync" date="2025-11-17T12:57:28.550" /><!-- duration: 16ms -->
    <step title="Updating shutdown sentinel last write time" date="2025-11-17T12:57:28.613" SemaphoreCount="7" /><!-- duration: 0ms -->
    <step title="LockFile &apos;C:\home\site\locks\deployments.lock&apos; acquired" date="2025-11-17T12:57:28.613" /><!-- duration: 0ms -->
    <step title="Saving request content to C:\local\Temp\zipdeploy\ae2h0ixw.zip" date="2025-11-17T12:57:28.628" >
      <step title="Total 24,072,821 bytes written to C:\local\Temp\zipdeploy\ae2h0ixw.zip" date="2025-11-17T12:57:32.332" /><!-- duration: 0ms -->
    </step><!-- duration: 3719ms -->
    <step title="LockFile &apos;C:\home\site\locks\deployments.lock&apos; released" date="2025-11-17T12:57:32.347" /><!-- duration: 0ms -->
    <step title="Deleting shutdown sentinel file" date="2025-11-17T12:57:32.363" SemaphoreCount="8" /><!-- duration: 0ms -->
    <step title="Starting FetchDeploy" date="2025-11-17T12:57:32.379" /><!-- duration: 0ms -->
    <step title="Attempting to fetch target branch HEAD" date="2025-11-17T12:57:32.394" /><!-- duration: 16ms -->
    <step title="Updating shutdown sentinel last write time" date="2025-11-17T12:57:32.410" SemaphoreCount="7" /><!-- duration: 16ms -->
    <step title="LockFile &apos;C:\home\site\locks\deployments.lock&apos; acquired" date="2025-11-17T12:57:32.426" /><!-- duration: 0ms -->
    <step title="Performing fetch based deployment" date="2025-11-17T12:57:32.441" >
      <step title="Creating temporary deployment" date="2025-11-17T12:57:32.441" /><!-- duration: 63ms -->
      <step title="Fetching changes." date="2025-11-17T12:57:32.566" /><!-- duration: 0ms -->
      <step title="Starting LocalZipHandler" date="2025-11-17T12:57:32.582" /><!-- duration: 0ms -->
      <step title="Starting LocalZipFetch" date="2025-11-17T12:57:32.597" /><!-- duration: 0ms -->
      <step title="Cleaning up temp folders from previous zip deployments and extracting pushed zip file C:\local\Temp\zipdeploy\ae2h0ixw.zip (22.96 MB) to C:\local\Temp\zipdeploy\extracted" date="2025-11-17T12:57:32.613" /><!-- duration: 0ms -->
      <step title="Cleaning up temp folders from previous zip deployments and extracting pushed zip file C:\local\Temp\zipdeploy\ae2h0ixw.zip (22.96 MB) to C:\local\Temp\zipdeploy\extracted" date="2025-11-17T12:57:32.629" >
        <step title="Extracting 263 entries to C:\local\Temp\zipdeploy\extracted directory" date="2025-11-17T12:57:32.644" >
          <step title="Extracting to C:\local\Temp\zipdeploy\extracted\ca\Hangfire.Core.resources.dll ..." date="2025-11-17T12:57:32.660" /><!-- duration: 16ms -->
          <step title="Extracting to C:\local\Temp\zipdeploy\extracted\de\Hangfire.Core.resources.dll ..." date="2025-11-17T12:57:32.675" /><!-- duration: 0ms -->
          <step title="Extracting to C:\local\Temp\zipdeploy\extracted\es\Hangfire.Core.resources.dll ..." date="2025-11-17T12:57:32.675" /><!-- duration: 16ms -->
          <step title="Extracting to C:\local\Temp\zipdeploy\extracted\fa\Hangfire.Core.resources.dll ..." date="2025-11-17T12:57:32.691" /><!-- duration: 0ms -->
          <step title="Extracting to C:\local\Temp\zipdeploy\extracted\fr\Hangfire.Core.resources.dll ..." date="2025-11-17T12:57:32.707" /><!-- duration: 0ms -->
          <step title="Omitting extracting file traces ..." date="2025-11-17T12:57:32.707" /><!-- duration: 16ms -->
        </step><!-- duration: 969ms -->
      </step><!-- duration: 984ms -->
      <step title="None repository commit" date="2025-11-17T12:57:33.613" >
        <step title="Commit id: dd430a6d4c324e2182f56582c2144002" date="2025-11-17T12:57:33.629" Message="OneDeploy" AuthorName="N/A" AuthorEmail="N/A" /><!-- duration: 0ms -->
      </step><!-- duration: 16ms -->
      <step title="Before sending BuildRequestReceived status to /api/updatedeploystatus" date="2025-11-17T12:57:33.644" /><!-- duration: 0ms -->
      <step title="DeploymentManager.Deploy(id:dd430a6d4c324e2182f56582c2144002)" date="2025-11-17T12:57:33.644" >
        <step title="Collecting changeset information" date="2025-11-17T12:57:33.660" /><!-- duration: 31ms -->
        <step title="Updating submodules" date="2025-11-17T12:57:33.707" >
          <step title="Updating submodules." date="2025-11-17T12:57:33.738" /><!-- duration: 0ms -->
        </step><!-- duration: 62ms -->
        <step title="Preparing deployment for commit id &apos;dd430a6d4c&apos;." date="2025-11-17T12:57:33.816" /><!-- duration: 0ms -->
        <step title="Determining deployment builder" date="2025-11-17T12:57:33.847" >
          <step title="Builder is OneDeployBuilder" date="2025-11-17T12:57:33.863" /><!-- duration: 0ms -->
        </step><!-- duration: 16ms -->
        <step title="Copying SSH keys" date="2025-11-17T12:57:33.894" /><!-- duration: 0ms -->
        <step title="Building" date="2025-11-17T12:57:33.910" >
          <step title="Running build. Project type: OneDeploy" date="2025-11-17T12:57:33.941" /><!-- duration: 0ms -->
          <step title="Copying the manifest" date="2025-11-17T12:57:33.988" /><!-- duration: 0ms -->
          <step title="Clean deploying to C:\home\site\wwwroot" date="2025-11-17T12:57:34.050" /><!-- duration: 0ms -->
          <step title="Generating deployment script." date="2025-11-17T12:57:34.113" /><!-- duration: 16ms -->
          <step title="Generating deployment script" date="2025-11-17T12:57:34.129" >
            <step title="Using cached version of the deployment script for command: -y --no-dot-deployment -r &quot;C:\local\Temp\zipdeploy\extracted&quot; -o &quot;C:\home\site\deployments\tools&quot; --basic --sitePath &quot;C:\local\Temp\zipdeploy\extracted&quot;" date="2025-11-17T12:57:34.175" /><!-- duration: 0ms -->
            <step title="Using cached version of deployment script (command: &apos;azure -y --no-dot-deployment -r &quot;C:\local\Temp\zipdeploy\extracted&quot; -o &quot;C:\home\site\deployments\tools&quot; --basic --sitePath &quot;C:\local\Temp\zipdeploy\extracted&quot;&apos;)." date="2025-11-17T12:57:34.191" /><!-- duration: 16ms -->
          </step><!-- duration: 94ms -->
          <step title="Running deployment command..." date="2025-11-17T12:57:34.254" /><!-- duration: 16ms -->
          <step title="Command: &quot;C:\home\site\deployments\tools\deploy.cmd&quot;" date="2025-11-17T12:57:34.285" /><!-- duration: 0ms -->
          <step title="Executing external process" date="2025-11-17T12:57:34.300" type="process" path="starter.cmd" arguments="&quot;C:\home\site\deployments\tools\deploy.cmd&quot;" >
            <step title="Handling Basic Web Site deployment." date="2025-11-17T12:57:34.425" /><!-- duration: 16ms -->
            <step title="Creating app_offline.htm" date="2025-11-17T12:57:34.769" /><!-- duration: 0ms -->
            <step title="KuduSync.NET from: &apos;C:\local\Temp\zipdeploy\extracted&apos; to: &apos;C:\home\site\wwwroot&apos;" date="2025-11-17T12:57:34.785" /><!-- duration: 0ms -->
            <step title="Deleting app_offline.htm" date="2025-11-17T12:57:34.800" /><!-- duration: 0ms -->
            <step title="Finished successfully." date="2025-11-17T12:57:34.816" /><!-- duration: 0ms -->
          </step><!-- duration: 531ms -->
          <step title="Build completed succesfully." date="2025-11-17T12:57:34.879" /><!-- duration: 0ms -->
          <step title="Running post deployment command(s)..." date="2025-11-17T12:57:34.926" /><!-- duration: 0ms -->
          <step title="Requesting site restart" date="2025-11-17T12:57:34.973" /><!-- duration: 16ms -->
          <step title="Requesting site restart" date="2025-11-17T12:57:34.989" /><!-- duration: 0ms -->
          <step title="Requesting site restart. Attempt #1" date="2025-11-17T12:57:35.036" /><!-- duration: 16ms -->
          <step title="Requesting site restart. Attempt #1" date="2025-11-17T12:57:35.052" /><!-- duration: 0ms -->
          <step title="Successfully requested a restart. Attempt #1" date="2025-11-17T12:57:35.380" /><!-- duration: 0ms -->
          <step title="Successfully requested a restart. Attempt #1" date="2025-11-17T12:57:35.395" /><!-- duration: 0ms -->
          <step title="Deployment successful. DEPLOYMENTINFO: deploymentPath = OneDeploy, deployer = OneDeploy, os = windows, sku = Free, siteName = NgCanduAPI, siteHostName = ngcanduapi.azurewebsites.net, deploymentStatus = Success" date="2025-11-17T12:57:35.442" /><!-- duration: 16ms -->
          <step title="Purge deployment items" date="2025-11-17T12:57:35.661" >
            <step title="Remove a1b617dff, Success, received at 11/17/2025 10:46:07 AM" date="2025-11-17T12:57:35.708" /><!-- duration: 0ms -->
          </step><!-- duration: 47ms -->
        </step><!-- duration: 1829ms -->
      </step><!-- duration: 2095ms -->
      <step title="Cleaning up temp files" date="2025-11-17T12:57:35.755" /><!-- duration: 0ms -->
      <step title="Skip function trigger and logicapp sync because function is not enabled." date="2025-11-17T12:57:35.770" /><!-- duration: 0ms -->
    </step><!-- duration: 3376ms -->
    <step title="LockFile &apos;C:\home\site\locks\deployments.lock&apos; released" date="2025-11-17T12:57:35.817" /><!-- duration: 0ms -->
    <step title="Deleting shutdown sentinel file" date="2025-11-17T12:57:35.833" SemaphoreCount="8" /><!-- duration: 0ms -->
  </step><!-- duration: 7314ms -->
  <step title="Outgoing response" date="2025-11-17T12:57:35.880" type="response" statusCode="200" statusText="OK" Server="Microsoft-IIS/10.0" x-ms-request-id="f2cc98b5-c3b4-11f0-81a5-c025a5cfe792" Cache-Control="private" X-AspNet-Version="4.0.30319" /><!-- duration: 16ms -->
</step><!-- duration: 7893ms -->
