<step title="Incoming Request" date="2025-11-17T06:41:23.307" instance="92ca53" url="/api/publish?async=true&amp;deployer=GITHUB_ONE_DEPLOY&amp;type=zip&amp;message=%7B%22type%22%3A%22deployment%22%2C%22sha%22%3A%2205c2c58befd36350bdbf72dbf70ede20c0748d9f%22%2C%22repoName%22%3A%22daedalusdigital-za%2FNCD-API%22%2C%22actor%22%3A%22daedalusdigital-za%22%2C%22slotName%22%3A%22Production%22%2C%22commitMessage%22%3A%22Fix%20CORS%20configuration%20and%20Entity%20Framework%20SaleConfiguration%5Cn%5Cn-%20Fixed%20CORS%3A%20Changed%20WithOrigins(%27*%27)%20to%20AllowAnyOrigin()%20to%20properly%20allow%20cross-origin%20requests%5Cn-%20Fixed%20SaleConfiguration%3A%20Changed%20CreatedBy%20from%20IsRequired(false)%20to%20IsRequired().HasDefaultValue(0)%5Cn-%20Added%20SaleItems%20table%20creation%20script%20for%20database%20schema%20completion%5Cn-%20Resolved%20400%20Bad%20Request%20errors%20caused%20by%20invalid%20CORS%20preflight%20handling%22%7D" method="POST" type="request" pid="12424,2,8" Transfer-Encoding="chunked" Content-Type="application/octet-stream" Authorization="Bas..." Cookie="ARRAffinity=92ca53ad8db4fbb93d4d3b7d8ab54dcf8ffecb2d731f25b0e91ad575d7534c3f;Path=/;HttpOnly;Secure;Domain=ngcanduapi.scm.azurewebsites.net; ARRAffinitySameSite=92ca53ad8db4fbb93d4d3b7d8ab54dcf8ffecb2d731f25b0e91ad575d7534c3f;Path=/;HttpOnly;SameSite=None;Secure;Domain=ngcanduapi.scm.azurewebsites.net" Host="ngcanduapi.scm.azurewebsites.net" User-Agent="GITHUBACTIONS_DeployWebAppToAzure_911ad8e07dd1095a617b283f0e1b400847f2d2bffc6e1de6b85a1cbb3aaec3dc" X-ARR-LOG-ID="24737402-8f57-4326-8026-d8af1bf21d89" CLIENT-IP="52.176.124.224:23552" X-SITE-DEPLOYMENT-ID="NgCanduAPI" WAS-DEFAULT-HOSTNAME="ngcanduapi.scm.azurewebsites.net" X-Forwarded-Proto="https" X-AppService-Proto="https" X-Forwarded-TlsVersion="1.3" X-WAWS-Unencoded-URL="/api/publish?async=true&amp;deployer=GITHUB_ONE_DEPLOY&amp;type=zip&amp;message=%7B%22type%22%3A%22deployment%22%2C%22sha%22%3A%2205c2c58befd36350bdbf72dbf70ede20c0748d9f%22%2C%22repoName%22%3A%22daedalusdigital-za%2FNCD-API%22%2C%22actor%22%3A%22daedalusdigital-za%22%2C%22slotName%22%3A%22Production%22%2C%22commitMessage%22%3A%22Fix%20CORS%20configuration%20and%20Entity%20Framework%20SaleConfiguration%5Cn%5Cn-%20Fixed%20CORS%3A%20Changed%20WithOrigins(%27*%27)%20to%20AllowAnyOrigin()%20to%20properly%20allow%20cross-origin%20requests%5Cn-%20Fixed%20SaleConfiguration%3A%20Changed%20CreatedBy%20from%20IsRequired(false)%20to%20IsRequired().HasDefaultValue(0)%5Cn-%20Added%20SaleItems%20table%20creation%20script%20for%20database%20schema%20completion%5Cn-%20Resolved%20400%20Bad%20Request%20errors%20caused%20by%20invalid%20CORS%20preflight%20handling%22%7D" >
  <step title="OneDeploy" date="2025-11-17T06:41:23.354" >
    <step title="Starting PushDeployAsync" date="2025-11-17T06:41:23.369" /><!-- duration: 16ms -->
    <step title="Updating shutdown sentinel last write time" date="2025-11-17T06:41:23.416" SemaphoreCount="7" /><!-- duration: 0ms -->
    <step title="LockFile &apos;C:\home\site\locks\deployments.lock&apos; acquired" date="2025-11-17T06:41:23.416" /><!-- duration: 16ms -->
    <step title="Saving request content to C:\local\Temp\zipdeploy\mpinufum.zip" date="2025-11-17T06:41:23.432" >
      <step title="Total 26,467,161 bytes written to C:\local\Temp\zipdeploy\mpinufum.zip" date="2025-11-17T06:41:23.683" /><!-- duration: 16ms -->
    </step><!-- duration: 266ms -->
    <step title="LockFile &apos;C:\home\site\locks\deployments.lock&apos; released" date="2025-11-17T06:41:23.714" /><!-- duration: 0ms -->
    <step title="Deleting shutdown sentinel file" date="2025-11-17T06:41:23.714" SemaphoreCount="8" /><!-- duration: 16ms -->
    <step title="Starting FetchDeploy" date="2025-11-17T06:41:23.729" /><!-- duration: 0ms -->
    <step title="Start deployment in the background" date="2025-11-17T06:41:23.745" /><!-- duration: 94ms -->
  </step><!-- duration: 501ms -->
  <step title="Outgoing response" date="2025-11-17T06:41:23.854" type="response" statusCode="202" statusText="Accepted" Server="Microsoft-IIS/10.0" x-ms-request-id="24737402-8f57-4326-8026-d8af1bf21d89" Retry-After="30" Cache-Control="private" X-AspNet-Version="4.0.30319" Location="https://ngcanduapi.scm.azurewebsites.net/api/deployments/latest?deployer=OneDeploy&amp;time=2025-11-17_06-41-23Z" /><!-- duration: 0ms -->
</step><!-- duration: 563ms -->
