<step title="Incoming Request" date="2025-11-14T12:44:25.117" instance="92ca53" url="/api/publish?type=zip&amp;async=True" method="POST" type="request" pid="8960,2,7" Cache-Control="no-cache" Connection="Keep-Alive" Content-Length="23357540" Content-Type="application/octet-stream" Accept="*/*" Accept-Encoding="gzip, deflate" Authorization="Bas..." Host="ngcanduapi.scm.azurewebsites.net" User-Agent="AZURECLI/2.75.0 (MSI)" x-ms-client-request-id="a032281f-c157-11f0-b2e3-c025a5cfe792" X-ARR-LOG-ID="a032281f-c157-11f0-b2e3-c025a5cfe792" CLIENT-IP="197.234.156.224:56111" X-SITE-DEPLOYMENT-ID="NgCanduAPI" WAS-DEFAULT-HOSTNAME="ngcanduapi.scm.azurewebsites.net" X-Forwarded-Proto="https" X-AppService-Proto="https" X-Forwarded-TlsVersion="1.3" X-WAWS-Unencoded-URL="/api/publish?type=zip&amp;async=True" X-MS-COLDSTART="1" >
  <step title="OneDeploy" date="2025-11-14T12:44:25.648" >
    <step title="Starting PushDeployAsync" date="2025-11-14T12:44:25.664" /><!-- duration: 0ms -->
    <step title="Updating shutdown sentinel last write time" date="2025-11-14T12:44:25.726" SemaphoreCount="7" /><!-- duration: 16ms -->
    <step title="LockFile &apos;C:\home\site\locks\deployments.lock&apos; acquired" date="2025-11-14T12:44:25.758" /><!-- duration: 0ms -->
    <step title="Saving request content to C:\local\Temp\zipdeploy\zcn3w1oq.zip" date="2025-11-14T12:44:25.758" >
      <step title="Total 23,357,540 bytes written to C:\local\Temp\zipdeploy\zcn3w1oq.zip" date="2025-11-14T12:44:26.523" /><!-- duration: 0ms -->
    </step><!-- duration: 781ms -->
    <step title="LockFile &apos;C:\home\site\locks\deployments.lock&apos; released" date="2025-11-14T12:44:26.539" /><!-- duration: 16ms -->
    <step title="Deleting shutdown sentinel file" date="2025-11-14T12:44:26.554" SemaphoreCount="8" /><!-- duration: 0ms -->
    <step title="Starting FetchDeploy" date="2025-11-14T12:44:26.570" /><!-- duration: 0ms -->
    <step title="Start deployment in the background" date="2025-11-14T12:44:26.586" /><!-- duration: 94ms -->
  </step><!-- duration: 1031ms -->
  <step title="Outgoing response" date="2025-11-14T12:44:26.711" type="response" statusCode="202" statusText="Accepted" Server="Microsoft-IIS/10.0" x-ms-request-id="a032281f-c157-11f0-b2e3-c025a5cfe792" Retry-After="30" Cache-Control="private" X-AspNet-Version="4.0.30319" Location="https://ngcanduapi.scm.azurewebsites.net/api/deployments/latest?deployer=OneDeploy&amp;time=2025-11-14_12-44-26Z" /><!-- duration: 16ms -->
</step><!-- duration: 1609ms -->
