<step title="BackgroundTrace" date="2025-11-12T13:37:46.895" instance="22a7da" url="/api/publish" method="POST" >
  <step title="Updating shutdown sentinel last write time" date="2025-11-12T13:37:46.911" SemaphoreCount="7" /><!-- duration: 16ms -->
  <step title="LockFile &apos;C:\home\site\locks\deployments.lock&apos; acquired" date="2025-11-12T13:37:46.942" /><!-- duration: 0ms -->
  <step title="Creating temporary deployment" date="2025-11-12T13:37:46.942" /><!-- duration: 31ms -->
  <step title="Performing fetch based deployment" date="2025-11-12T13:37:46.973" >
    <step title="Fetching changes." date="2025-11-12T13:37:47.020" /><!-- duration: 0ms -->
    <step title="Starting LocalZipHandler" date="2025-11-12T13:37:47.036" /><!-- duration: 0ms -->
    <step title="Cleaning up temp folders from previous zip deployments and extracting pushed zip file C:\local\Temp\zipdeploy\ilmpbyeq.zip (25.24 MB) to C:\local\Temp\zipdeploy\extracted" date="2025-11-12T13:37:47.083" /><!-- duration: 0ms -->
    <step title="Cleaning up temp folders from previous zip deployments and extracting pushed zip file C:\local\Temp\zipdeploy\ilmpbyeq.zip (25.24 MB) to C:\local\Temp\zipdeploy\extracted" date="2025-11-12T13:37:47.083" >
      <step title="Renaming extractTargetDirectory(C:\local\Temp\zipdeploy\extracted) to tempDirectory(C:\local\Temp\zipdeploy\de2c4jsg.jfu)" date="2025-11-12T13:37:47.098" /><!-- duration: 0ms -->
      <step title="Extracting 295 entries to C:\local\Temp\zipdeploy\extracted directory" date="2025-11-12T13:37:47.098" >
        <step title="Extracting to C:\local\Temp\zipdeploy\extracted\appsettings.Development.json ..." date="2025-11-12T13:37:47.114" /><!-- duration: 0ms -->
        <step title="Extracting to C:\local\Temp\zipdeploy\extracted\appsettings.json ..." date="2025-11-12T13:37:47.114" /><!-- duration: 16ms -->
        <step title="Extracting to C:\local\Temp\zipdeploy\extracted\AutoMapper.dll ..." date="2025-11-12T13:37:47.129" /><!-- duration: 0ms -->
        <step title="Extracting to C:\local\Temp\zipdeploy\extracted\AutoMapper.Extensions.Microsoft.DependencyInjection.dll ..." date="2025-11-12T13:37:47.145" /><!-- duration: 0ms -->
        <step title="Extracting to C:\local\Temp\zipdeploy\extracted\Azure.Core.dll ..." date="2025-11-12T13:37:47.145" /><!-- duration: 16ms -->
        <step title="Omitting extracting file traces ..." date="2025-11-12T13:37:47.161" /><!-- duration: 16ms -->
      </step><!-- duration: 969ms -->
    </step><!-- duration: 1000ms -->
    <step title="Before sending BuildRequestReceived status to /api/updatedeploystatus" date="2025-11-12T13:37:48.083" /><!-- duration: 0ms -->
    <step title="DeploymentManager.Deploy(id:25d153a3ec9a4eca9d0dc0908fe42705)" date="2025-11-12T13:37:48.098" >
      <step title="Collecting changeset information" date="2025-11-12T13:37:48.098" /><!-- duration: 31ms -->
      <step title="Updating submodules" date="2025-11-12T13:37:48.145" >
        <step title="Updating submodules." date="2025-11-12T13:37:48.192" /><!-- duration: 0ms -->
      </step><!-- duration: 62ms -->
      <step title="Preparing deployment for commit id &apos;25d153a3ec&apos;." date="2025-11-12T13:37:48.239" /><!-- duration: 16ms -->
      <step title="Determining deployment builder" date="2025-11-12T13:37:48.286" >
        <step title="Builder is OneDeployBuilder" date="2025-11-12T13:37:48.286" /><!-- duration: 0ms -->
      </step><!-- duration: 16ms -->
      <step title="Copying SSH keys" date="2025-11-12T13:37:48.333" /><!-- duration: 0ms -->
      <step title="Building" date="2025-11-12T13:37:48.348" >
        <step title="Running build. Project type: OneDeploy" date="2025-11-12T13:37:48.379" /><!-- duration: 0ms -->
        <step title="Copying the manifest" date="2025-11-12T13:37:48.426" /><!-- duration: 0ms -->
        <step title="Clean deploying to C:\home\site\wwwroot" date="2025-11-12T13:37:48.473" /><!-- duration: 0ms -->
        <step title="Generating deployment script." date="2025-11-12T13:37:48.520" /><!-- duration: 0ms -->
        <step title="Generating deployment script" date="2025-11-12T13:37:48.520" >
          <step title="Using cached version of the deployment script for command: -y --no-dot-deployment -r &quot;C:\local\Temp\zipdeploy\extracted&quot; -o &quot;C:\home\site\deployments\tools&quot; --basic --sitePath &quot;C:\local\Temp\zipdeploy\extracted&quot;" date="2025-11-12T13:37:48.536" /><!-- duration: 16ms -->
          <step title="Using cached version of deployment script (command: &apos;azure -y --no-dot-deployment -r &quot;C:\local\Temp\zipdeploy\extracted&quot; -o &quot;C:\home\site\deployments\tools&quot; --basic --sitePath &quot;C:\local\Temp\zipdeploy\extracted&quot;&apos;)." date="2025-11-12T13:37:48.583" /><!-- duration: 0ms -->
        </step><!-- duration: 62ms -->
        <step title="Running deployment command..." date="2025-11-12T13:37:48.629" /><!-- duration: 0ms -->
        <step title="Command: &quot;C:\home\site\deployments\tools\deploy.cmd&quot;" date="2025-11-12T13:37:48.645" /><!-- duration: 0ms -->
        <step title="Executing external process" date="2025-11-12T13:37:48.645" type="process" path="starter.cmd" arguments="&quot;C:\home\site\deployments\tools\deploy.cmd&quot;" >
          <step title="Handling Basic Web Site deployment." date="2025-11-12T13:37:48.770" /><!-- duration: 0ms -->
          <step title="Creating app_offline.htm" date="2025-11-12T13:37:49.254" /><!-- duration: 0ms -->
          <step title="KuduSync.NET from: &apos;C:\local\Temp\zipdeploy\extracted&apos; to: &apos;C:\home\site\wwwroot&apos;" date="2025-11-12T13:37:49.254" /><!-- duration: 16ms -->
          <step title="Copying file: &apos;appsettings.Development.json&apos;" date="2025-11-12T13:37:49.270" /><!-- duration: 0ms -->
          <step title="Copying file: &apos;appsettings.json&apos;" date="2025-11-12T13:37:49.286" /><!-- duration: 0ms -->
          <step title="Copying file: &apos;AutoMapper.dll&apos;" date="2025-11-12T13:37:49.301" /><!-- duration: 0ms -->
          <step title="Copying file: &apos;AutoMapper.Extensions.Microsoft.DependencyInjection.dll&apos;" date="2025-11-12T13:37:49.317" /><!-- duration: 0ms -->
          <step title="Copying file: &apos;Azure.Core.dll&apos;" date="2025-11-12T13:37:49.333" /><!-- duration: 16ms -->
          <step title="Copying file: &apos;Azure.Identity.dll&apos;" date="2025-11-12T13:37:49.348" /><!-- duration: 16ms -->
          <step title="Copying file: &apos;BouncyCastle.Crypto.dll&apos;" date="2025-11-12T13:37:49.364" /><!-- duration: 0ms -->
          <step title="Copying file: &apos;FluentValidation.AspNetCore.dll&apos;" date="2025-11-12T13:37:49.379" /><!-- duration: 0ms -->
          <step title="Copying file: &apos;FluentValidation.DependencyInjectionExtensions.dll&apos;" date="2025-11-12T13:37:49.395" /><!-- duration: 0ms -->
          <step title="Copying file: &apos;FluentValidation.dll&apos;" date="2025-11-12T13:37:49.411" /><!-- duration: 0ms -->
          <step title="Copying file: &apos;Google.Apis.Auth.dll&apos;" date="2025-11-12T13:37:49.411" /><!-- duration: 16ms -->
          <step title="Copying file: &apos;Google.Apis.Auth.PlatformServices.dll&apos;" date="2025-11-12T13:37:49.426" /><!-- duration: 0ms -->
          <step title="Copying file: &apos;Google.Apis.Core.dll&apos;" date="2025-11-12T13:37:49.442" /><!-- duration: 31ms -->
          <step title="Copying file: &apos;Google.Apis.dll&apos;" date="2025-11-12T13:37:49.473" /><!-- duration: 16ms -->
          <step title="Copying file: &apos;Hangfire.AspNetCore.dll&apos;" date="2025-11-12T13:37:49.489" /><!-- duration: 0ms -->
          <step title="Copying file: &apos;Hangfire.Core.dll&apos;" date="2025-11-12T13:37:49.504" /><!-- duration: 0ms -->
          <step title="Copying file: &apos;Hangfire.SqlServer.dll&apos;" date="2025-11-12T13:37:49.520" /><!-- duration: 0ms -->
          <step title="Copying file: &apos;MailKit.dll&apos;" date="2025-11-12T13:37:49.520" /><!-- duration: 16ms -->
          <step title="Copying file: &apos;MH.Api.deps.json&apos;" date="2025-11-12T13:37:49.536" /><!-- duration: 0ms -->
          <step title="Copying file: &apos;MH.Api.dll&apos;" date="2025-11-12T13:37:49.551" /><!-- duration: 0ms -->
          <step title="Copying file: &apos;MH.Api.exe&apos;" date="2025-11-12T13:37:49.567" /><!-- duration: 31ms -->
          <step title="Copying file: &apos;MH.Api.pdb&apos;" date="2025-11-12T13:37:49.598" /><!-- duration: 16ms -->
          <step title="Copying file: &apos;MH.Api.runtimeconfig.json&apos;" date="2025-11-12T13:37:49.614" /><!-- duration: 0ms -->
          <step title="Copying file: &apos;MH.Api.staticwebassets.endpoints.json&apos;" date="2025-11-12T13:37:49.629" /><!-- duration: 0ms -->
          <step title="Copying file: &apos;MH.Application.deps.json&apos;" date="2025-11-12T13:37:49.645" /><!-- duration: 0ms -->
          <step title="Copying file: &apos;MH.Application.dll&apos;" date="2025-11-12T13:37:49.645" /><!-- duration: 16ms -->
          <step title="Copying file: &apos;MH.Application.pdb&apos;" date="2025-11-12T13:37:49.661" /><!-- duration: 16ms -->
          <step title="Copying file: &apos;MH.Domain.deps.json&apos;" date="2025-11-12T13:37:49.676" /><!-- duration: 0ms -->
          <step title="Copying file: &apos;MH.Domain.dll&apos;" date="2025-11-12T13:37:49.692" /><!-- duration: 0ms -->
          <step title="Copying file: &apos;MH.Domain.pdb&apos;" date="2025-11-12T13:37:49.708" /><!-- duration: 0ms -->
          <step title="Copying file: &apos;MH.Infrastructure.deps.json&apos;" date="2025-11-12T13:37:49.723" /><!-- duration: 0ms -->
          <step title="Copying file: &apos;MH.Infrastructure.dll&apos;" date="2025-11-12T13:37:49.723" /><!-- duration: 16ms -->
          <step title="Copying file: &apos;MH.Infrastructure.pdb&apos;" date="2025-11-12T13:37:49.739" /><!-- duration: 0ms -->
          <step title="Copying file: &apos;MH.Infrastructure.runtimeconfig.json&apos;" date="2025-11-12T13:37:49.754" /><!-- duration: 0ms -->
          <step title="Copying file: &apos;Microsoft.ApplicationInsights.dll&apos;" date="2025-11-12T13:37:49.770" /><!-- duration: 0ms -->
          <step title="Copying file: &apos;Microsoft.AspNetCore.Authentication.Facebook.dll&apos;" date="2025-11-12T13:37:49.786" /><!-- duration: 0ms -->
          <step title="Copying file: &apos;Microsoft.AspNetCore.Authentication.JwtBearer.dll&apos;" date="2025-11-12T13:37:49.786" /><!-- duration: 16ms -->
          <step title="Copying file: &apos;Microsoft.AspNetCore.Cryptography.Internal.dll&apos;" date="2025-11-12T13:37:49.801" /><!-- duration: 16ms -->
          <step title="Copying file: &apos;Microsoft.AspNetCore.Cryptography.KeyDerivation.dll&apos;" date="2025-11-12T13:37:49.817" /><!-- duration: 16ms -->
          <step title="Copying file: &apos;Microsoft.AspNetCore.Http.Features.dll&apos;" date="2025-11-12T13:37:49.833" /><!-- duration: 0ms -->
          <step title="Copying file: &apos;Microsoft.AspNetCore.Identity.EntityFrameworkCore.dll&apos;" date="2025-11-12T13:37:49.848" /><!-- duration: 0ms -->
          <step title="Copying file: &apos;Microsoft.Bcl.AsyncInterfaces.dll&apos;" date="2025-11-12T13:37:49.864" /><!-- duration: 0ms -->
          <step title="Copying file: &apos;Microsoft.Data.SqlClient.dll&apos;" date="2025-11-12T13:37:49.879" /><!-- duration: 0ms -->
          <step title="Copying file: &apos;Microsoft.EntityFrameworkCore.Abstractions.dll&apos;" date="2025-11-12T13:37:49.879" /><!-- duration: 16ms -->
          <step title="Copying file: &apos;Microsoft.EntityFrameworkCore.dll&apos;" date="2025-11-12T13:37:49.895" /><!-- duration: 0ms -->
          <step title="Copying file: &apos;Microsoft.EntityFrameworkCore.Relational.dll&apos;" date="2025-11-12T13:37:49.911" /><!-- duration: 0ms -->
          <step title="Copying file: &apos;Microsoft.EntityFrameworkCore.SqlServer.dll&apos;" date="2025-11-12T13:37:49.926" /><!-- duration: 0ms -->
          <step title="Copying file: &apos;Microsoft.Extensions.Caching.Abstractions.dll&apos;" date="2025-11-12T13:37:49.942" /><!-- duration: 0ms -->
          <step title="Omitting next output lines..." date="2025-11-12T13:37:49.942" /><!-- duration: 16ms -->
          <step title="Finished successfully." date="2025-11-12T13:37:52.942" /><!-- duration: 0ms -->
        </step><!-- duration: 4313ms -->
        <step title="Build completed succesfully." date="2025-11-12T13:37:53.005" /><!-- duration: 0ms -->
        <step title="Running post deployment command(s)..." date="2025-11-12T13:37:53.052" /><!-- duration: 0ms -->
        <step title="Requesting site restart" date="2025-11-12T13:37:53.099" /><!-- duration: 0ms -->
        <step title="Requesting site restart" date="2025-11-12T13:37:53.115" /><!-- duration: 0ms -->
        <step title="Requesting site restart. Attempt #1" date="2025-11-12T13:37:53.162" /><!-- duration: 0ms -->
        <step title="Requesting site restart. Attempt #1" date="2025-11-12T13:37:53.162" /><!-- duration: 16ms -->
        <step title="Successfully requested a restart. Attempt #1" date="2025-11-12T13:37:53.287" /><!-- duration: 16ms -->
        <step title="Successfully requested a restart. Attempt #1" date="2025-11-12T13:37:53.302" /><!-- duration: 0ms -->
        <step title="Deployment successful. DEPLOYMENTINFO: deploymentPath = OneDeploy, deployer = OneDeploy, os = windows, sku = Free, siteName = NgCanduAPI, siteHostName = ngcanduapi.azurewebsites.net, deploymentStatus = Success" date="2025-11-12T13:37:53.349" /><!-- duration: 0ms -->
        <step title="Purge deployment items" date="2025-11-12T13:37:53.412" >
          <step title="Remove 5171e6afc, Success, received at 11/12/2025 11:02:18 AM" date="2025-11-12T13:37:53.474" /><!-- duration: 0ms -->
        </step><!-- duration: 62ms -->
      </step><!-- duration: 5157ms -->
    </step><!-- duration: 5407ms -->
    <step title="Cleaning up temp files" date="2025-11-12T13:37:53.505" /><!-- duration: 16ms -->
    <step title="Skip function trigger and logicapp sync because function is not enabled." date="2025-11-12T13:37:53.521" /><!-- duration: 0ms -->
  </step><!-- duration: 6563ms -->
  <step title="LockFile &apos;C:\home\site\locks\deployments.lock&apos; released" date="2025-11-12T13:37:53.552" /><!-- duration: 0ms -->
  <step title="Deleting shutdown sentinel file" date="2025-11-12T13:37:53.568" SemaphoreCount="8" /><!-- duration: 0ms -->
</step><!-- duration: 6673ms -->
