<step title="BackgroundTrace" date="2025-11-17T11:44:46.971" instance="92ca53" url="/api/publish" method="POST" >
  <step title="Updating shutdown sentinel last write time" date="2025-11-17T11:44:46.986" SemaphoreCount="7" /><!-- duration: 0ms -->
  <step title="LockFile &apos;C:\home\site\locks\deployments.lock&apos; acquired" date="2025-11-17T11:44:47.002" /><!-- duration: 0ms -->
  <step title="Creating temporary deployment" date="2025-11-17T11:44:47.002" /><!-- duration: 63ms -->
  <step title="Performing fetch based deployment" date="2025-11-17T11:44:47.064" >
    <step title="Fetching changes." date="2025-11-17T11:44:47.127" /><!-- duration: 16ms -->
    <step title="Starting LocalZipHandler" date="2025-11-17T11:44:47.142" /><!-- duration: 0ms -->
    <step title="Cleaning up temp folders from previous zip deployments and extracting pushed zip file C:\local\Temp\zipdeploy\eo52hyel.zip (22.17 MB) to C:\local\Temp\zipdeploy\extracted" date="2025-11-17T11:44:47.189" /><!-- duration: 0ms -->
    <step title="Cleaning up temp folders from previous zip deployments and extracting pushed zip file C:\local\Temp\zipdeploy\eo52hyel.zip (22.17 MB) to C:\local\Temp\zipdeploy\extracted" date="2025-11-17T11:44:47.189" >
      <step title="Renaming extractTargetDirectory(C:\local\Temp\zipdeploy\extracted) to tempDirectory(C:\local\Temp\zipdeploy\dvci2orx.zop)" date="2025-11-17T11:44:47.189" /><!-- duration: 16ms -->
      <step title="Extracting 221 entries to C:\local\Temp\zipdeploy\extracted directory" date="2025-11-17T11:44:47.221" >
        <step title="Extracting to C:\local\Temp\zipdeploy\extracted\ca\Hangfire.Core.resources.dll ..." date="2025-11-17T11:44:47.221" /><!-- duration: 16ms -->
        <step title="Extracting to C:\local\Temp\zipdeploy\extracted\de\Hangfire.Core.resources.dll ..." date="2025-11-17T11:44:47.236" /><!-- duration: 16ms -->
        <step title="Extracting to C:\local\Temp\zipdeploy\extracted\es\Hangfire.Core.resources.dll ..." date="2025-11-17T11:44:47.252" /><!-- duration: 0ms -->
        <step title="Extracting to C:\local\Temp\zipdeploy\extracted\fa\Hangfire.Core.resources.dll ..." date="2025-11-17T11:44:47.267" /><!-- duration: 0ms -->
        <step title="Extracting to C:\local\Temp\zipdeploy\extracted\fr\Hangfire.Core.resources.dll ..." date="2025-11-17T11:44:47.267" /><!-- duration: 16ms -->
        <step title="Omitting extracting file traces ..." date="2025-11-17T11:44:47.283" /><!-- duration: 0ms -->
      </step><!-- duration: 891ms -->
    </step><!-- duration: 922ms -->
    <step title="Before sending BuildRequestReceived status to /api/updatedeploystatus" date="2025-11-17T11:44:48.111" /><!-- duration: 16ms -->
    <step title="DeploymentManager.Deploy(id:a34d2e9c34ad41edb73b8a8c0b96e750)" date="2025-11-17T11:44:48.127" >
      <step title="Collecting changeset information" date="2025-11-17T11:44:48.142" /><!-- duration: 31ms -->
      <step title="Updating submodules" date="2025-11-17T11:44:48.174" >
        <step title="Updating submodules." date="2025-11-17T11:44:48.221" /><!-- duration: 0ms -->
      </step><!-- duration: 47ms -->
      <step title="Preparing deployment for commit id &apos;a34d2e9c34&apos;." date="2025-11-17T11:44:48.267" /><!-- duration: 0ms -->
      <step title="Determining deployment builder" date="2025-11-17T11:44:48.314" >
        <step title="Builder is OneDeployBuilder" date="2025-11-17T11:44:48.314" /><!-- duration: 0ms -->
      </step><!-- duration: 16ms -->
      <step title="Copying SSH keys" date="2025-11-17T11:44:48.346" /><!-- duration: 0ms -->
      <step title="Building" date="2025-11-17T11:44:48.361" >
        <step title="Running build. Project type: OneDeploy" date="2025-11-17T11:44:48.408" /><!-- duration: 0ms -->
        <step title="Copying the manifest" date="2025-11-17T11:44:48.455" /><!-- duration: 0ms -->
        <step title="Clean deploying to C:\home\site\wwwroot" date="2025-11-17T11:44:48.517" /><!-- duration: 0ms -->
        <step title="Generating deployment script." date="2025-11-17T11:44:48.564" /><!-- duration: 0ms -->
        <step title="Generating deployment script" date="2025-11-17T11:44:48.564" >
          <step title="Using cached version of the deployment script for command: -y --no-dot-deployment -r &quot;C:\local\Temp\zipdeploy\extracted&quot; -o &quot;C:\home\site\deployments\tools&quot; --basic --sitePath &quot;C:\local\Temp\zipdeploy\extracted&quot;" date="2025-11-17T11:44:48.611" /><!-- duration: 16ms -->
          <step title="Using cached version of deployment script (command: &apos;azure -y --no-dot-deployment -r &quot;C:\local\Temp\zipdeploy\extracted&quot; -o &quot;C:\home\site\deployments\tools&quot; --basic --sitePath &quot;C:\local\Temp\zipdeploy\extracted&quot;&apos;)." date="2025-11-17T11:44:48.642" /><!-- duration: 0ms -->
        </step><!-- duration: 78ms -->
        <step title="Running deployment command..." date="2025-11-17T11:44:48.689" /><!-- duration: 0ms -->
        <step title="Command: &quot;C:\home\site\deployments\tools\deploy.cmd&quot;" date="2025-11-17T11:44:48.705" /><!-- duration: 0ms -->
        <step title="Executing external process" date="2025-11-17T11:44:48.721" type="process" path="starter.cmd" arguments="&quot;C:\home\site\deployments\tools\deploy.cmd&quot;" >
          <step title="Handling Basic Web Site deployment." date="2025-11-17T11:44:48.846" /><!-- duration: 0ms -->
          <step title="Creating app_offline.htm" date="2025-11-17T11:44:48.986" /><!-- duration: 16ms -->
          <step title="KuduSync.NET from: &apos;C:\local\Temp\zipdeploy\extracted&apos; to: &apos;C:\home\site\wwwroot&apos;" date="2025-11-17T11:44:49.017" /><!-- duration: 0ms -->
          <step title="Deleting file: &apos;publish\appsettings.Development.json&apos;" date="2025-11-17T11:44:49.017" /><!-- duration: 16ms -->
          <step title="Deleting file: &apos;publish\appsettings.json&apos;" date="2025-11-17T11:44:49.033" /><!-- duration: 16ms -->
          <step title="Deleting file: &apos;publish\MH.Api.deps.json&apos;" date="2025-11-17T11:44:49.049" /><!-- duration: 0ms -->
          <step title="Deleting file: &apos;publish\MH.Api.runtimeconfig.json&apos;" date="2025-11-17T11:44:49.064" /><!-- duration: 0ms -->
          <step title="Deleting file: &apos;publish\MH.Api.staticwebassets.endpoints.json&apos;" date="2025-11-17T11:44:49.080" /><!-- duration: 0ms -->
          <step title="Deleting file: &apos;publish\web.config&apos;" date="2025-11-17T11:44:49.096" /><!-- duration: 0ms -->
          <step title="Deleting file: &apos;publish\publish\appsettings.Development.json&apos;" date="2025-11-17T11:44:49.111" /><!-- duration: 0ms -->
          <step title="Deleting file: &apos;publish\publish\appsettings.json&apos;" date="2025-11-17T11:44:49.111" /><!-- duration: 16ms -->
          <step title="Deleting file: &apos;publish\publish\MH.Api.deps.json&apos;" date="2025-11-17T11:44:49.127" /><!-- duration: 16ms -->
          <step title="Deleting file: &apos;publish\publish\MH.Api.runtimeconfig.json&apos;" date="2025-11-17T11:44:49.142" /><!-- duration: 0ms -->
          <step title="Deleting file: &apos;publish\publish\MH.Api.staticwebassets.endpoints.json&apos;" date="2025-11-17T11:44:49.158" /><!-- duration: 0ms -->
          <step title="Deleting file: &apos;publish\publish\web.config&apos;" date="2025-11-17T11:44:49.174" /><!-- duration: 0ms -->
          <step title="Deleting file: &apos;publish\publish\publish\appsettings.Development.json&apos;" date="2025-11-17T11:44:49.189" /><!-- duration: 0ms -->
          <step title="Deleting file: &apos;publish\publish\publish\appsettings.json&apos;" date="2025-11-17T11:44:49.205" /><!-- duration: 0ms -->
          <step title="Deleting file: &apos;publish\publish\publish\MH.Api.deps.json&apos;" date="2025-11-17T11:44:49.221" /><!-- duration: 0ms -->
          <step title="Deleting file: &apos;publish\publish\publish\MH.Api.runtimeconfig.json&apos;" date="2025-11-17T11:44:49.221" /><!-- duration: 16ms -->
          <step title="Deleting file: &apos;publish\publish\publish\MH.Api.staticwebassets.endpoints.json&apos;" date="2025-11-17T11:44:49.236" /><!-- duration: 16ms -->
          <step title="Deleting file: &apos;publish\publish\publish\web.config&apos;" date="2025-11-17T11:44:49.252" /><!-- duration: 0ms -->
          <step title="Deleting file: &apos;publish\publish\publish\publish\appsettings.Development.json&apos;" date="2025-11-17T11:44:49.267" /><!-- duration: 0ms -->
          <step title="Deleting file: &apos;publish\publish\publish\publish\appsettings.json&apos;" date="2025-11-17T11:44:49.283" /><!-- duration: 0ms -->
          <step title="Deleting file: &apos;publish\publish\publish\publish\MH.Api.deps.json&apos;" date="2025-11-17T11:44:49.299" /><!-- duration: 0ms -->
          <step title="Deleting file: &apos;publish\publish\publish\publish\MH.Api.runtimeconfig.json&apos;" date="2025-11-17T11:44:49.314" /><!-- duration: 0ms -->
          <step title="Deleting file: &apos;publish\publish\publish\publish\MH.Api.staticwebassets.endpoints.json&apos;" date="2025-11-17T11:44:49.314" /><!-- duration: 16ms -->
          <step title="Deleting file: &apos;publish\publish\publish\publish\web.config&apos;" date="2025-11-17T11:44:49.330" /><!-- duration: 0ms -->
          <step title="Deleting file: &apos;publish\publish\publish\publish\publish\appsettings.Development.json&apos;" date="2025-11-17T11:44:49.346" /><!-- duration: 0ms -->
          <step title="Deleting file: &apos;publish\publish\publish\publish\publish\appsettings.json&apos;" date="2025-11-17T11:44:49.361" /><!-- duration: 0ms -->
          <step title="Deleting file: &apos;publish\publish\publish\publish\publish\MH.Api.deps.json&apos;" date="2025-11-17T11:44:49.377" /><!-- duration: 0ms -->
          <step title="Deleting file: &apos;publish\publish\publish\publish\publish\MH.Api.runtimeconfig.json&apos;" date="2025-11-17T11:44:49.377" /><!-- duration: 16ms -->
          <step title="Deleting file: &apos;publish\publish\publish\publish\publish\MH.Api.staticwebassets.endpoints.json&apos;" date="2025-11-17T11:44:49.408" /><!-- duration: 0ms -->
          <step title="Deleting file: &apos;publish\publish\publish\publish\publish\web.config&apos;" date="2025-11-17T11:44:49.408" /><!-- duration: 16ms -->
          <step title="Deleting file: &apos;publish\publish\publish\publish\publish\publish\appsettings.Development.json&apos;" date="2025-11-17T11:44:49.424" /><!-- duration: 16ms -->
          <step title="Deleting file: &apos;publish\publish\publish\publish\publish\publish\appsettings.json&apos;" date="2025-11-17T11:44:49.439" /><!-- duration: 0ms -->
          <step title="Deleting file: &apos;publish\publish\publish\publish\publish\publish\MH.Api.deps.json&apos;" date="2025-11-17T11:44:49.455" /><!-- duration: 0ms -->
          <step title="Deleting file: &apos;publish\publish\publish\publish\publish\publish\MH.Api.runtimeconfig.json&apos;" date="2025-11-17T11:44:49.471" /><!-- duration: 0ms -->
          <step title="Deleting file: &apos;publish\publish\publish\publish\publish\publish\MH.Api.staticwebassets.endpoints.json&apos;" date="2025-11-17T11:44:49.486" /><!-- duration: 0ms -->
          <step title="Deleting file: &apos;publish\publish\publish\publish\publish\publish\web.config&apos;" date="2025-11-17T11:44:49.502" /><!-- duration: 0ms -->
          <step title="Deleting file: &apos;publish\publish\publish\publish\publish\publish\publish\appsettings.Development.json&apos;" date="2025-11-17T11:44:49.517" /><!-- duration: 0ms -->
          <step title="Deleting file: &apos;publish\publish\publish\publish\publish\publish\publish\appsettings.json&apos;" date="2025-11-17T11:44:49.533" /><!-- duration: 0ms -->
          <step title="Deleting file: &apos;publish\publish\publish\publish\publish\publish\publish\MH.Api.deps.json&apos;" date="2025-11-17T11:44:49.549" /><!-- duration: 0ms -->
          <step title="Deleting file: &apos;publish\publish\publish\publish\publish\publish\publish\MH.Api.runtimeconfig.json&apos;" date="2025-11-17T11:44:49.549" /><!-- duration: 16ms -->
          <step title="Deleting file: &apos;publish\publish\publish\publish\publish\publish\publish\MH.Api.staticwebassets.endpoints.json&apos;" date="2025-11-17T11:44:49.564" /><!-- duration: 0ms -->
          <step title="Deleting file: &apos;publish\publish\publish\publish\publish\publish\publish\web.config&apos;" date="2025-11-17T11:44:49.580" /><!-- duration: 0ms -->
          <step title="Deleting file: &apos;publish\publish\publish\publish\publish\publish\publish\publish\appsettings.Development.json&apos;" date="2025-11-17T11:44:49.596" /><!-- duration: 0ms -->
          <step title="Deleting file: &apos;publish\publish\publish\publish\publish\publish\publish\publish\appsettings.json&apos;" date="2025-11-17T11:44:49.611" /><!-- duration: 0ms -->
          <step title="Deleting file: &apos;publish\publish\publish\publish\publish\publish\publish\publish\MH.Api.deps.json&apos;" date="2025-11-17T11:44:49.627" /><!-- duration: 0ms -->
          <step title="Deleting file: &apos;publish\publish\publish\publish\publish\publish\publish\publish\MH.Api.runtimeconfig.json&apos;" date="2025-11-17T11:44:49.627" /><!-- duration: 16ms -->
          <step title="Deleting file: &apos;publish\publish\publish\publish\publish\publish\publish\publish\MH.Api.staticwebassets.endpoints.json&apos;" date="2025-11-17T11:44:49.642" /><!-- duration: 16ms -->
          <step title="Deleting file: &apos;publish\publish\publish\publish\publish\publish\publish\publish\web.config&apos;" date="2025-11-17T11:44:49.658" /><!-- duration: 16ms -->
          <step title="Omitting next output lines..." date="2025-11-17T11:44:49.674" /><!-- duration: 0ms -->
          <step title="Finished successfully." date="2025-11-17T11:44:51.502" /><!-- duration: 0ms -->
        </step><!-- duration: 2797ms -->
        <step title="Build completed succesfully." date="2025-11-17T11:44:51.549" /><!-- duration: 16ms -->
        <step title="Running post deployment command(s)..." date="2025-11-17T11:44:51.611" /><!-- duration: 0ms -->
        <step title="Requesting site restart" date="2025-11-17T11:44:51.674" /><!-- duration: 0ms -->
        <step title="Requesting site restart" date="2025-11-17T11:44:51.689" /><!-- duration: 0ms -->
        <step title="Requesting site restart. Attempt #1" date="2025-11-17T11:44:51.721" /><!-- duration: 16ms -->
        <step title="Requesting site restart. Attempt #1" date="2025-11-17T11:44:51.736" /><!-- duration: 0ms -->
        <step title="Successfully requested a restart. Attempt #1" date="2025-11-17T11:44:52.080" /><!-- duration: 0ms -->
        <step title="Successfully requested a restart. Attempt #1" date="2025-11-17T11:44:52.096" /><!-- duration: 0ms -->
        <step title="Deployment successful. DEPLOYMENTINFO: deploymentPath = OneDeploy, deployer = OneDeploy, os = windows, sku = Free, siteName = NgCanduAPI, siteHostName = ngcanduapi.azurewebsites.net, deploymentStatus = Success" date="2025-11-17T11:44:52.142" /><!-- duration: 0ms -->
        <step title="Purge deployment items" date="2025-11-17T11:44:52.299" >
          <step title="Remove temp-514b, Failed, received at 11/17/2025 11:38:52 AM" date="2025-11-17T11:44:52.346" /><!-- duration: 16ms -->
          <step title="Remove 151c2eaca, Success, received at 11/14/2025 12:44:27 PM" date="2025-11-17T11:44:52.408" /><!-- duration: 0ms -->
        </step><!-- duration: 125ms -->
      </step><!-- duration: 4078ms -->
    </step><!-- duration: 4313ms -->
    <step title="Cleaning up temp files" date="2025-11-17T11:44:52.455" /><!-- duration: 0ms -->
    <step title="Skip function trigger and logicapp sync because function is not enabled." date="2025-11-17T11:44:52.471" /><!-- duration: 0ms -->
  </step><!-- duration: 5438ms -->
  <step title="LockFile &apos;C:\home\site\locks\deployments.lock&apos; released" date="2025-11-17T11:44:52.517" /><!-- duration: 0ms -->
  <step title="Deleting shutdown sentinel file" date="2025-11-17T11:44:52.533" SemaphoreCount="8" /><!-- duration: 0ms -->
</step><!-- duration: 5563ms -->
