<step title="BackgroundTrace" date="2025-11-17T14:21:42.584" instance="92ca53" url="/api/publish" method="POST" >
  <step title="Updating shutdown sentinel last write time" date="2025-11-17T14:21:42.599" SemaphoreCount="7" /><!-- duration: 0ms -->
  <step title="LockFile &apos;C:\home\site\locks\deployments.lock&apos; acquired" date="2025-11-17T14:21:42.615" /><!-- duration: 0ms -->
  <step title="Creating temporary deployment" date="2025-11-17T14:21:42.615" /><!-- duration: 31ms -->
  <step title="Performing fetch based deployment" date="2025-11-17T14:21:42.662" >
    <step title="Fetching changes." date="2025-11-17T14:21:42.709" /><!-- duration: 16ms -->
    <step title="Starting LocalZipHandler" date="2025-11-17T14:21:42.724" /><!-- duration: 0ms -->
    <step title="Cleaning up temp folders from previous zip deployments and extracting pushed zip file C:\local\Temp\zipdeploy\5lbrcjlg.zip (25.25 MB) to C:\local\Temp\zipdeploy\extracted" date="2025-11-17T14:21:42.755" /><!-- duration: 16ms -->
    <step title="Cleaning up temp folders from previous zip deployments and extracting pushed zip file C:\local\Temp\zipdeploy\5lbrcjlg.zip (25.25 MB) to C:\local\Temp\zipdeploy\extracted" date="2025-11-17T14:21:42.771" >
      <step title="Renaming extractTargetDirectory(C:\local\Temp\zipdeploy\extracted) to tempDirectory(C:\local\Temp\zipdeploy\3ob3wkl2.s5v)" date="2025-11-17T14:21:42.771" /><!-- duration: 16ms -->
      <step title="Extracting 295 entries to C:\local\Temp\zipdeploy\extracted directory" date="2025-11-17T14:21:42.787" >
        <step title="Extracting to C:\local\Temp\zipdeploy\extracted\appsettings.Development.json ..." date="2025-11-17T14:21:42.802" /><!-- duration: 16ms -->
        <step title="Extracting to C:\local\Temp\zipdeploy\extracted\appsettings.json ..." date="2025-11-17T14:21:42.818" /><!-- duration: 0ms -->
        <step title="Extracting to C:\local\Temp\zipdeploy\extracted\AutoMapper.dll ..." date="2025-11-17T14:21:42.834" /><!-- duration: 0ms -->
        <step title="Extracting to C:\local\Temp\zipdeploy\extracted\AutoMapper.Extensions.Microsoft.DependencyInjection.dll ..." date="2025-11-17T14:21:42.849" /><!-- duration: 0ms -->
        <step title="Extracting to C:\local\Temp\zipdeploy\extracted\Azure.Core.dll ..." date="2025-11-17T14:21:42.849" /><!-- duration: 16ms -->
        <step title="Omitting extracting file traces ..." date="2025-11-17T14:21:42.865" /><!-- duration: 16ms -->
      </step><!-- duration: 1000ms -->
    </step><!-- duration: 1016ms -->
    <step title="Before sending BuildRequestReceived status to /api/updatedeploystatus" date="2025-11-17T14:21:43.802" /><!-- duration: 0ms -->
    <step title="DeploymentManager.Deploy(id:cb57684d162d43e495e50d0233e2720e)" date="2025-11-17T14:21:43.818" >
      <step title="Collecting changeset information" date="2025-11-17T14:21:43.818" /><!-- duration: 31ms -->
      <step title="Updating submodules" date="2025-11-17T14:21:43.865" >
        <step title="Updating submodules." date="2025-11-17T14:21:43.959" /><!-- duration: 0ms -->
      </step><!-- duration: 94ms -->
      <step title="Preparing deployment for commit id &apos;cb57684d16&apos;." date="2025-11-17T14:21:44.005" /><!-- duration: 0ms -->
      <step title="Determining deployment builder" date="2025-11-17T14:21:44.052" >
        <step title="Builder is OneDeployBuilder" date="2025-11-17T14:21:44.052" /><!-- duration: 16ms -->
      </step><!-- duration: 16ms -->
      <step title="Copying SSH keys" date="2025-11-17T14:21:44.084" /><!-- duration: 16ms -->
      <step title="Building" date="2025-11-17T14:21:44.099" >
        <step title="Running build. Project type: OneDeploy" date="2025-11-17T14:21:44.146" /><!-- duration: 0ms -->
        <step title="Copying the manifest" date="2025-11-17T14:21:44.209" /><!-- duration: 0ms -->
        <step title="Clean deploying to C:\home\site\wwwroot" date="2025-11-17T14:21:44.287" /><!-- duration: 0ms -->
        <step title="Generating deployment script." date="2025-11-17T14:21:44.349" /><!-- duration: 0ms -->
        <step title="Generating deployment script" date="2025-11-17T14:21:44.365" >
          <step title="Using cached version of the deployment script for command: -y --no-dot-deployment -r &quot;C:\local\Temp\zipdeploy\extracted&quot; -o &quot;C:\home\site\deployments\tools&quot; --basic --sitePath &quot;C:\local\Temp\zipdeploy\extracted&quot;" date="2025-11-17T14:21:44.380" /><!-- duration: 0ms -->
          <step title="Using cached version of deployment script (command: &apos;azure -y --no-dot-deployment -r &quot;C:\local\Temp\zipdeploy\extracted&quot; -o &quot;C:\home\site\deployments\tools&quot; --basic --sitePath &quot;C:\local\Temp\zipdeploy\extracted&quot;&apos;)." date="2025-11-17T14:21:44.396" /><!-- duration: 16ms -->
        </step><!-- duration: 47ms -->
        <step title="Running deployment command..." date="2025-11-17T14:21:44.459" /><!-- duration: 0ms -->
        <step title="Command: &quot;C:\home\site\deployments\tools\deploy.cmd&quot;" date="2025-11-17T14:21:44.474" /><!-- duration: 0ms -->
        <step title="Executing external process" date="2025-11-17T14:21:44.490" type="process" path="starter.cmd" arguments="&quot;C:\home\site\deployments\tools\deploy.cmd&quot;" >
          <step title="Handling Basic Web Site deployment." date="2025-11-17T14:21:44.615" /><!-- duration: 0ms -->
          <step title="Creating app_offline.htm" date="2025-11-17T14:21:44.771" /><!-- duration: 0ms -->
          <step title="KuduSync.NET from: &apos;C:\local\Temp\zipdeploy\extracted&apos; to: &apos;C:\home\site\wwwroot&apos;" date="2025-11-17T14:21:44.787" /><!-- duration: 0ms -->
          <step title="Deleting file: &apos;publish\appsettings.Development.json&apos;" date="2025-11-17T14:21:44.802" /><!-- duration: 0ms -->
          <step title="Deleting file: &apos;publish\appsettings.json&apos;" date="2025-11-17T14:21:44.818" /><!-- duration: 0ms -->
          <step title="Deleting file: &apos;publish\MH.Api.deps.json&apos;" date="2025-11-17T14:21:44.834" /><!-- duration: 0ms -->
          <step title="Deleting file: &apos;publish\MH.Api.runtimeconfig.json&apos;" date="2025-11-17T14:21:44.849" /><!-- duration: 0ms -->
          <step title="Deleting file: &apos;publish\MH.Api.staticwebassets.endpoints.json&apos;" date="2025-11-17T14:21:44.865" /><!-- duration: 0ms -->
          <step title="Deleting file: &apos;publish\web.config&apos;" date="2025-11-17T14:21:44.880" /><!-- duration: 0ms -->
          <step title="Deleting file: &apos;publish\publish\appsettings.Development.json&apos;" date="2025-11-17T14:21:44.896" /><!-- duration: 0ms -->
          <step title="Deleting file: &apos;publish\publish\appsettings.json&apos;" date="2025-11-17T14:21:44.896" /><!-- duration: 16ms -->
          <step title="Deleting file: &apos;publish\publish\MH.Api.deps.json&apos;" date="2025-11-17T14:21:44.912" /><!-- duration: 16ms -->
          <step title="Deleting file: &apos;publish\publish\MH.Api.runtimeconfig.json&apos;" date="2025-11-17T14:21:44.927" /><!-- duration: 0ms -->
          <step title="Deleting file: &apos;publish\publish\MH.Api.staticwebassets.endpoints.json&apos;" date="2025-11-17T14:21:44.959" /><!-- duration: 0ms -->
          <step title="Deleting file: &apos;publish\publish\web.config&apos;" date="2025-11-17T14:21:44.974" /><!-- duration: 16ms -->
          <step title="Deleting file: &apos;publish\publish\publish\appsettings.Development.json&apos;" date="2025-11-17T14:21:44.990" /><!-- duration: 16ms -->
          <step title="Deleting file: &apos;publish\publish\publish\appsettings.json&apos;" date="2025-11-17T14:21:45.005" /><!-- duration: 16ms -->
          <step title="Deleting file: &apos;publish\publish\publish\MH.Api.deps.json&apos;" date="2025-11-17T14:21:45.037" /><!-- duration: 0ms -->
          <step title="Deleting file: &apos;publish\publish\publish\MH.Api.runtimeconfig.json&apos;" date="2025-11-17T14:21:45.052" /><!-- duration: 0ms -->
          <step title="Deleting file: &apos;publish\publish\publish\MH.Api.staticwebassets.endpoints.json&apos;" date="2025-11-17T14:21:45.318" /><!-- duration: 0ms -->
          <step title="Deleting file: &apos;publish\publish\publish\web.config&apos;" date="2025-11-17T14:21:45.334" /><!-- duration: 0ms -->
          <step title="Deleting directory: &apos;publish\publish\publish&apos;" date="2025-11-17T14:21:45.349" /><!-- duration: 0ms -->
          <step title="Deleting directory: &apos;publish\publish&apos;" date="2025-11-17T14:21:45.365" /><!-- duration: 0ms -->
          <step title="Deleting directory: &apos;publish&apos;" date="2025-11-17T14:21:45.365" /><!-- duration: 16ms -->
          <step title="Copying file: &apos;appsettings.Development.json&apos;" date="2025-11-17T14:21:45.380" /><!-- duration: 16ms -->
          <step title="Copying file: &apos;appsettings.json&apos;" date="2025-11-17T14:21:45.396" /><!-- duration: 16ms -->
          <step title="Copying file: &apos;AutoMapper.dll&apos;" date="2025-11-17T14:21:45.412" /><!-- duration: 16ms -->
          <step title="Copying file: &apos;AutoMapper.Extensions.Microsoft.DependencyInjection.dll&apos;" date="2025-11-17T14:21:45.427" /><!-- duration: 16ms -->
          <step title="Copying file: &apos;Azure.Core.dll&apos;" date="2025-11-17T14:21:45.443" /><!-- duration: 16ms -->
          <step title="Copying file: &apos;Azure.Identity.dll&apos;" date="2025-11-17T14:21:45.459" /><!-- duration: 16ms -->
          <step title="Copying file: &apos;BouncyCastle.Crypto.dll&apos;" date="2025-11-17T14:21:45.474" /><!-- duration: 16ms -->
          <step title="Copying file: &apos;FluentValidation.AspNetCore.dll&apos;" date="2025-11-17T14:21:45.490" /><!-- duration: 0ms -->
          <step title="Copying file: &apos;FluentValidation.DependencyInjectionExtensions.dll&apos;" date="2025-11-17T14:21:45.505" /><!-- duration: 0ms -->
          <step title="Copying file: &apos;FluentValidation.dll&apos;" date="2025-11-17T14:21:45.521" /><!-- duration: 0ms -->
          <step title="Copying file: &apos;Google.Apis.Auth.dll&apos;" date="2025-11-17T14:21:45.537" /><!-- duration: 0ms -->
          <step title="Copying file: &apos;Google.Apis.Auth.PlatformServices.dll&apos;" date="2025-11-17T14:21:45.552" /><!-- duration: 0ms -->
          <step title="Copying file: &apos;Google.Apis.Core.dll&apos;" date="2025-11-17T14:21:45.568" /><!-- duration: 0ms -->
          <step title="Copying file: &apos;Google.Apis.dll&apos;" date="2025-11-17T14:21:45.584" /><!-- duration: 0ms -->
          <step title="Copying file: &apos;Hangfire.AspNetCore.dll&apos;" date="2025-11-17T14:21:45.599" /><!-- duration: 0ms -->
          <step title="Copying file: &apos;Hangfire.Core.dll&apos;" date="2025-11-17T14:21:45.615" /><!-- duration: 0ms -->
          <step title="Copying file: &apos;Hangfire.SqlServer.dll&apos;" date="2025-11-17T14:21:45.630" /><!-- duration: 0ms -->
          <step title="Copying file: &apos;MailKit.dll&apos;" date="2025-11-17T14:21:45.646" /><!-- duration: 0ms -->
          <step title="Copying file: &apos;MH.Api.deps.json&apos;" date="2025-11-17T14:21:45.662" /><!-- duration: 0ms -->
          <step title="Copying file: &apos;MH.Api.dll&apos;" date="2025-11-17T14:21:45.677" /><!-- duration: 0ms -->
          <step title="Copying file: &apos;MH.Api.exe&apos;" date="2025-11-17T14:21:45.693" /><!-- duration: 0ms -->
          <step title="Copying file: &apos;MH.Api.pdb&apos;" date="2025-11-17T14:21:45.709" /><!-- duration: 0ms -->
          <step title="Copying file: &apos;MH.Api.runtimeconfig.json&apos;" date="2025-11-17T14:21:45.724" /><!-- duration: 0ms -->
          <step title="Copying file: &apos;MH.Api.staticwebassets.endpoints.json&apos;" date="2025-11-17T14:21:45.740" /><!-- duration: 0ms -->
          <step title="Copying file: &apos;MH.Application.deps.json&apos;" date="2025-11-17T14:21:45.755" /><!-- duration: 0ms -->
          <step title="Copying file: &apos;MH.Application.dll&apos;" date="2025-11-17T14:21:45.771" /><!-- duration: 0ms -->
          <step title="Copying file: &apos;MH.Application.pdb&apos;" date="2025-11-17T14:21:45.787" /><!-- duration: 0ms -->
          <step title="Omitting next output lines..." date="2025-11-17T14:21:45.802" /><!-- duration: 0ms -->
          <step title="Finished successfully." date="2025-11-17T14:21:50.069" /><!-- duration: 0ms -->
        </step><!-- duration: 5594ms -->
        <step title="Build completed succesfully." date="2025-11-17T14:21:50.115" /><!-- duration: 16ms -->
        <step title="Running post deployment command(s)..." date="2025-11-17T14:21:50.178" /><!-- duration: 0ms -->
        <step title="Requesting site restart" date="2025-11-17T14:21:50.225" /><!-- duration: 0ms -->
        <step title="Requesting site restart" date="2025-11-17T14:21:50.240" /><!-- duration: 0ms -->
        <step title="Requesting site restart. Attempt #1" date="2025-11-17T14:21:50.287" /><!-- duration: 0ms -->
        <step title="Requesting site restart. Attempt #1" date="2025-11-17T14:21:50.287" /><!-- duration: 16ms -->
        <step title="Successfully requested a restart. Attempt #1" date="2025-11-17T14:21:50.615" /><!-- duration: 16ms -->
        <step title="Successfully requested a restart. Attempt #1" date="2025-11-17T14:21:50.631" /><!-- duration: 0ms -->
        <step title="Deployment successful. DEPLOYMENTINFO: deploymentPath = OneDeploy, deployer = OneDeploy, os = windows, sku = Free, siteName = NgCanduAPI, siteHostName = ngcanduapi.azurewebsites.net, deploymentStatus = Success" date="2025-11-17T14:21:50.678" /><!-- duration: 0ms -->
        <step title="Purge deployment items" date="2025-11-17T14:21:50.787" >
          <step title="Remove f1e654be9, Success, received at 11/17/2025 12:32:33 PM" date="2025-11-17T14:21:50.834" /><!-- duration: 16ms -->
        </step><!-- duration: 63ms -->
      </step><!-- duration: 6766ms -->
    </step><!-- duration: 7063ms -->
    <step title="Cleaning up temp files" date="2025-11-17T14:21:50.881" /><!-- duration: 0ms -->
    <step title="Skip function trigger and logicapp sync because function is not enabled." date="2025-11-17T14:21:50.897" /><!-- duration: 0ms -->
  </step><!-- duration: 8251ms -->
  <step title="LockFile &apos;C:\home\site\locks\deployments.lock&apos; released" date="2025-11-17T14:21:50.928" /><!-- duration: 0ms -->
  <step title="Deleting shutdown sentinel file" date="2025-11-17T14:21:50.944" SemaphoreCount="8" /><!-- duration: 0ms -->
</step><!-- duration: 8360ms -->
