<step title="Incoming Request" date="2025-11-18T07:18:36.737" instance="92ca53" url="/api/publish?async=true&amp;deployer=GITHUB_ONE_DEPLOY&amp;type=zip&amp;message=%7B%22type%22%3A%22deployment%22%2C%22sha%22%3A%221c261c2fda35cd61271231eb348befec41eb6ef5%22%2C%22repoName%22%3A%22daedalusdigital-za%2FNCD-API%22%2C%22actor%22%3A%22daedalusdigital-za%22%2C%22slotName%22%3A%22Production%22%2C%22commitMessage%22%3A%22Convert%20TrainingSession%20Province%20field%20to%20ProvinceId%20foreign%20key%5Cn%5Cn-%20Changed%20Province%20(string)%20to%20ProvinceId%20(int)%20in%20entity%2C%20model%2C%20and%20viewmodel%5Cn-%20Added%20Province%20navigation%20property%20for%20EF%20Core%5Cn-%20Added%20ProvinceName%20to%20ViewModel%20for%20API%20responses%5Cn-%20Updated%20GetByProvince%20methods%20to%20accept%20int%20provinceId%20throughout%20the%20stack%5Cn-%20Updated%20statistics%20method%20to%20use%20Province%20navigation%20and%20group%20by%20Province.Name%5Cn-%20Created%20EF%20Core%20migration%20ConvertProvinceToProvinceId%5Cn-%20Added%20FK%20constraint%20to%20Provinces%20table%20with%20index%5Cn-%20Ensures%20data%20integrity%20and%20improves%20performance%20with%20integer%20joins%22%7D" method="POST" type="request" pid="11032,2,25" Transfer-Encoding="chunked" Content-Type="application/octet-stream" Authorization="Bas..." Cookie="ARRAffinity=92ca53ad8db4fbb93d4d3b7d8ab54dcf8ffecb2d731f25b0e91ad575d7534c3f;Path=/;HttpOnly;Secure;Domain=ngcanduapi.scm.azurewebsites.net; ARRAffinitySameSite=92ca53ad8db4fbb93d4d3b7d8ab54dcf8ffecb2d731f25b0e91ad575d7534c3f;Path=/;HttpOnly;SameSite=None;Secure;Domain=ngcanduapi.scm.azurewebsites.net" Host="ngcanduapi.scm.azurewebsites.net" User-Agent="GITHUBACTIONS_DeployWebAppToAzure_911ad8e07dd1095a617b283f0e1b400847f2d2bffc6e1de6b85a1cbb3aaec3dc" X-ARR-LOG-ID="40bd3a17-4ce5-44ea-aa98-5e3ec22b65bc" CLIENT-IP="135.119.38.32:41984" X-SITE-DEPLOYMENT-ID="NgCanduAPI" WAS-DEFAULT-HOSTNAME="ngcanduapi.scm.azurewebsites.net" X-Forwarded-Proto="https" X-AppService-Proto="https" X-Forwarded-TlsVersion="1.3" X-WAWS-Unencoded-URL="/api/publish?async=true&amp;deployer=GITHUB_ONE_DEPLOY&amp;type=zip&amp;message=%7B%22type%22%3A%22deployment%22%2C%22sha%22%3A%221c261c2fda35cd61271231eb348befec41eb6ef5%22%2C%22repoName%22%3A%22daedalusdigital-za%2FNCD-API%22%2C%22actor%22%3A%22daedalusdigital-za%22%2C%22slotName%22%3A%22Production%22%2C%22commitMessage%22%3A%22Convert%20TrainingSession%20Province%20field%20to%20ProvinceId%20foreign%20key%5Cn%5Cn-%20Changed%20Province%20(string)%20to%20ProvinceId%20(int)%20in%20entity%2C%20model%2C%20and%20viewmodel%5Cn-%20Added%20Province%20navigation%20property%20for%20EF%20Core%5Cn-%20Added%20ProvinceName%20to%20ViewModel%20for%20API%20responses%5Cn-%20Updated%20GetByProvince%20methods%20to%20accept%20int%20provinceId%20throughout%20the%20stack%5Cn-%20Updated%20statistics%20method%20to%20use%20Province%20navigation%20and%20group%20by%20Province.Name%5Cn-%20Created%20EF%20Core%20migration%20ConvertProvinceToProvinceId%5Cn-%20Added%20FK%20constraint%20to%20Provinces%20table%20with%20index%5Cn-%20Ensures%20data%20integrity%20and%20improves%20performance%20with%20integer%20joins%22%7D" >
  <step title="OneDeploy" date="2025-11-18T07:18:36.753" >
    <step title="Starting PushDeployAsync" date="2025-11-18T07:18:36.768" /><!-- duration: 0ms -->
    <step title="Updating shutdown sentinel last write time" date="2025-11-18T07:18:36.784" SemaphoreCount="7" /><!-- duration: 0ms -->
    <step title="LockFile &apos;C:\home\site\locks\deployments.lock&apos; acquired" date="2025-11-18T07:18:36.799" /><!-- duration: 0ms -->
    <step title="Saving request content to C:\local\Temp\zipdeploy\xbkuppmq.zip" date="2025-11-18T07:18:36.799" >
      <step title="Total 26,483,849 bytes written to C:\local\Temp\zipdeploy\xbkuppmq.zip" date="2025-11-18T07:18:37.190" /><!-- duration: 16ms -->
    </step><!-- duration: 406ms -->
    <step title="LockFile &apos;C:\home\site\locks\deployments.lock&apos; released" date="2025-11-18T07:18:37.221" /><!-- duration: 0ms -->
    <step title="Deleting shutdown sentinel file" date="2025-11-18T07:18:37.221" SemaphoreCount="8" /><!-- duration: 16ms -->
    <step title="Starting FetchDeploy" date="2025-11-18T07:18:37.237" /><!-- duration: 0ms -->
    <step title="Start deployment in the background" date="2025-11-18T07:18:37.253" /><!-- duration: 78ms -->
  </step><!-- duration: 578ms -->
  <step title="Outgoing response" date="2025-11-18T07:18:37.346" type="response" statusCode="202" statusText="Accepted" Server="Microsoft-IIS/10.0" x-ms-request-id="40bd3a17-4ce5-44ea-aa98-5e3ec22b65bc" Retry-After="30" Cache-Control="private" X-AspNet-Version="4.0.30319" Location="https://ngcanduapi.scm.azurewebsites.net/api/deployments/latest?deployer=OneDeploy&amp;time=2025-11-18_07-18-37Z" /><!-- duration: 0ms -->
</step><!-- duration: 609ms -->
