<step title="Incoming Request" date="2025-11-17T10:21:02.813" instance="92ca53" url="/api/publish?type=zip&amp;async=False" method="POST" type="request" pid="6260,2,8" Cache-Control="no-cache" Connection="Keep-Alive" Content-Length="23440923" Content-Type="application/octet-stream" Accept="*/*" Accept-Encoding="gzip, deflate" Authorization="Bas..." Host="ngcanduapi.scm.azurewebsites.net" User-Agent="AZURECLI/2.75.0 (MSI)" x-ms-client-request-id="18957fae-c39f-11f0-a0e5-c025a5cfe792" X-ARR-LOG-ID="18957fae-c39f-11f0-a0e5-c025a5cfe792" CLIENT-IP="197.234.156.224:57319" X-SITE-DEPLOYMENT-ID="NgCanduAPI" WAS-DEFAULT-HOSTNAME="ngcanduapi.scm.azurewebsites.net" X-Forwarded-Proto="https" X-AppService-Proto="https" X-Forwarded-TlsVersion="1.3" X-WAWS-Unencoded-URL="/api/publish?type=zip&amp;async=False" X-MS-COLDSTART="1" >
  <step title="OneDeploy" date="2025-11-17T10:21:03.329" >
    <step title="Starting PushDeployAsync" date="2025-11-17T10:21:03.360" /><!-- duration: 0ms -->
    <step title="Updating shutdown sentinel last write time" date="2025-11-17T10:21:03.407" SemaphoreCount="7" /><!-- duration: 0ms -->
    <step title="LockFile &apos;C:\home\site\locks\deployments.lock&apos; acquired" date="2025-11-17T10:21:03.422" /><!-- duration: 0ms -->
    <step title="Saving request content to C:\local\Temp\zipdeploy\vwmleqdw.zip" date="2025-11-17T10:21:03.422" >
      <step title="Total 23,440,923 bytes written to C:\local\Temp\zipdeploy\vwmleqdw.zip" date="2025-11-17T10:21:10.092" /><!-- duration: 16ms -->
    </step><!-- duration: 6686ms -->
    <step title="LockFile &apos;C:\home\site\locks\deployments.lock&apos; released" date="2025-11-17T10:21:10.108" /><!-- duration: 16ms -->
    <step title="Deleting shutdown sentinel file" date="2025-11-17T10:21:10.124" SemaphoreCount="8" /><!-- duration: 0ms -->
    <step title="Starting FetchDeploy" date="2025-11-17T10:21:10.139" /><!-- duration: 0ms -->
    <step title="Attempting to fetch target branch HEAD" date="2025-11-17T10:21:10.155" /><!-- duration: 0ms -->
    <step title="Updating shutdown sentinel last write time" date="2025-11-17T10:21:10.170" SemaphoreCount="7" /><!-- duration: 0ms -->
    <step title="LockFile &apos;C:\home\site\locks\deployments.lock&apos; acquired" date="2025-11-17T10:21:10.170" /><!-- duration: 0ms -->
    <step title="Performing fetch based deployment" date="2025-11-17T10:21:10.186" >
      <step title="Creating temporary deployment" date="2025-11-17T10:21:10.186" /><!-- duration: 63ms -->
      <step title="Fetching changes." date="2025-11-17T10:21:10.295" /><!-- duration: 16ms -->
      <step title="Starting LocalZipHandler" date="2025-11-17T10:21:10.311" /><!-- duration: 16ms -->
      <step title="Starting LocalZipFetch" date="2025-11-17T10:21:10.327" /><!-- duration: 16ms -->
      <step title="Cleaning up temp folders from previous zip deployments and extracting pushed zip file C:\local\Temp\zipdeploy\vwmleqdw.zip (22.36 MB) to C:\local\Temp\zipdeploy\extracted" date="2025-11-17T10:21:10.342" /><!-- duration: 0ms -->
      <step title="Cleaning up temp folders from previous zip deployments and extracting pushed zip file C:\local\Temp\zipdeploy\vwmleqdw.zip (22.36 MB) to C:\local\Temp\zipdeploy\extracted" date="2025-11-17T10:21:10.358" >
        <step title="Extracting 263 entries to C:\local\Temp\zipdeploy\extracted directory" date="2025-11-17T10:21:10.374" >
          <step title="Extracting to C:\local\Temp\zipdeploy\extracted\ca\Hangfire.Core.resources.dll ..." date="2025-11-17T10:21:10.374" /><!-- duration: 16ms -->
          <step title="Extracting to C:\local\Temp\zipdeploy\extracted\de\Hangfire.Core.resources.dll ..." date="2025-11-17T10:21:10.389" /><!-- duration: 16ms -->
          <step title="Extracting to C:\local\Temp\zipdeploy\extracted\es\Hangfire.Core.resources.dll ..." date="2025-11-17T10:21:10.405" /><!-- duration: 0ms -->
          <step title="Extracting to C:\local\Temp\zipdeploy\extracted\fa\Hangfire.Core.resources.dll ..." date="2025-11-17T10:21:10.420" /><!-- duration: 0ms -->
          <step title="Extracting to C:\local\Temp\zipdeploy\extracted\fr\Hangfire.Core.resources.dll ..." date="2025-11-17T10:21:10.420" /><!-- duration: 16ms -->
          <step title="Omitting extracting file traces ..." date="2025-11-17T10:21:10.452" /><!-- duration: 0ms -->
        </step><!-- duration: 937ms -->
      </step><!-- duration: 953ms -->
      <step title="None repository commit" date="2025-11-17T10:21:11.311" >
        <step title="Commit id: bb2cd065a5d04428b679c1f39a809e33" date="2025-11-17T10:21:11.327" Message="OneDeploy" AuthorName="N/A" AuthorEmail="N/A" /><!-- duration: 0ms -->
      </step><!-- duration: 16ms -->
      <step title="Before sending BuildRequestReceived status to /api/updatedeploystatus" date="2025-11-17T10:21:11.342" /><!-- duration: 0ms -->
      <step title="DeploymentManager.Deploy(id:bb2cd065a5d04428b679c1f39a809e33)" date="2025-11-17T10:21:11.342" >
        <step title="Collecting changeset information" date="2025-11-17T10:21:11.358" /><!-- duration: 31ms -->
        <step title="Updating submodules" date="2025-11-17T10:21:11.389" >
          <step title="Updating submodules." date="2025-11-17T10:21:11.436" /><!-- duration: 16ms -->
        </step><!-- duration: 62ms -->
        <step title="Preparing deployment for commit id &apos;bb2cd065a5&apos;." date="2025-11-17T10:21:11.499" /><!-- duration: 0ms -->
        <step title="Determining deployment builder" date="2025-11-17T10:21:11.545" >
          <step title="Builder is OneDeployBuilder" date="2025-11-17T10:21:11.545" /><!-- duration: 0ms -->
        </step><!-- duration: 16ms -->
        <step title="Copying SSH keys" date="2025-11-17T10:21:11.577" /><!-- duration: 0ms -->
        <step title="Building" date="2025-11-17T10:21:11.592" >
          <step title="Running build. Project type: OneDeploy" date="2025-11-17T10:21:11.655" /><!-- duration: 16ms -->
          <step title="Copying the manifest" date="2025-11-17T10:21:11.702" /><!-- duration: 16ms -->
          <step title="Clean deploying to C:\home\site\wwwroot" date="2025-11-17T10:21:11.764" /><!-- duration: 16ms -->
          <step title="Generating deployment script." date="2025-11-17T10:21:11.827" /><!-- duration: 0ms -->
          <step title="Generating deployment script" date="2025-11-17T10:21:11.827" >
            <step title="Using cached version of the deployment script for command: -y --no-dot-deployment -r &quot;C:\local\Temp\zipdeploy\extracted&quot; -o &quot;C:\home\site\deployments\tools&quot; --basic --sitePath &quot;C:\local\Temp\zipdeploy\extracted&quot;" date="2025-11-17T10:21:11.874" /><!-- duration: 16ms -->
            <step title="Using cached version of deployment script (command: &apos;azure -y --no-dot-deployment -r &quot;C:\local\Temp\zipdeploy\extracted&quot; -o &quot;C:\home\site\deployments\tools&quot; --basic --sitePath &quot;C:\local\Temp\zipdeploy\extracted&quot;&apos;)." date="2025-11-17T10:21:11.905" /><!-- duration: 0ms -->
          </step><!-- duration: 94ms -->
          <step title="Running deployment command..." date="2025-11-17T10:21:11.967" /><!-- duration: 0ms -->
          <step title="Command: &quot;C:\home\site\deployments\tools\deploy.cmd&quot;" date="2025-11-17T10:21:11.983" /><!-- duration: 16ms -->
          <step title="Executing external process" date="2025-11-17T10:21:11.999" type="process" path="starter.cmd" arguments="&quot;C:\home\site\deployments\tools\deploy.cmd&quot;" >
            <step title="Handling Basic Web Site deployment." date="2025-11-17T10:21:12.155" /><!-- duration: 0ms -->
            <step title="Creating app_offline.htm" date="2025-11-17T10:21:12.577" /><!-- duration: 0ms -->
            <step title="KuduSync.NET from: &apos;C:\local\Temp\zipdeploy\extracted&apos; to: &apos;C:\home\site\wwwroot&apos;" date="2025-11-17T10:21:12.592" /><!-- duration: 0ms -->
            <step title="Copying file: &apos;MH.Api.dll&apos;" date="2025-11-17T10:21:12.608" /><!-- duration: 16ms -->
            <step title="Copying file: &apos;MH.Api.exe&apos;" date="2025-11-17T10:21:12.624" /><!-- duration: 16ms -->
            <step title="Copying file: &apos;MH.Api.pdb&apos;" date="2025-11-17T10:21:12.655" /><!-- duration: 0ms -->
            <step title="Copying file: &apos;MH.Api.runtimeconfig.json&apos;" date="2025-11-17T10:21:12.670" /><!-- duration: 0ms -->
            <step title="Copying file: &apos;MH.Application.dll&apos;" date="2025-11-17T10:21:12.686" /><!-- duration: 0ms -->
            <step title="Copying file: &apos;MH.Application.pdb&apos;" date="2025-11-17T10:21:12.702" /><!-- duration: 0ms -->
            <step title="Copying file: &apos;MH.Domain.dll&apos;" date="2025-11-17T10:21:12.717" /><!-- duration: 16ms -->
            <step title="Copying file: &apos;MH.Domain.pdb&apos;" date="2025-11-17T10:21:12.733" /><!-- duration: 16ms -->
            <step title="Copying file: &apos;MH.Infrastructure.dll&apos;" date="2025-11-17T10:21:12.764" /><!-- duration: 0ms -->
            <step title="Copying file: &apos;MH.Infrastructure.pdb&apos;" date="2025-11-17T10:21:12.780" /><!-- duration: 0ms -->
            <step title="Copying file: &apos;publish\MH.Api.runtimeconfig.json&apos;" date="2025-11-17T10:21:12.795" /><!-- duration: 0ms -->
            <step title="Copying file: &apos;publish\publish\publish\publish\MH.Api.runtimeconfig.json&apos;" date="2025-11-17T10:21:12.811" /><!-- duration: 0ms -->
            <step title="Copying file: &apos;publish\publish\publish\publish\publish\publish\publish\appsettings.Development.json&apos;" date="2025-11-17T10:21:12.827" /><!-- duration: 0ms -->
            <step title="Copying file: &apos;publish\publish\publish\publish\publish\publish\publish\appsettings.json&apos;" date="2025-11-17T10:21:12.842" /><!-- duration: 16ms -->
            <step title="Copying file: &apos;publish\publish\publish\publish\publish\publish\publish\MH.Api.deps.json&apos;" date="2025-11-17T10:21:12.858" /><!-- duration: 16ms -->
            <step title="Copying file: &apos;publish\publish\publish\publish\publish\publish\publish\MH.Api.runtimeconfig.json&apos;" date="2025-11-17T10:21:12.889" /><!-- duration: 0ms -->
            <step title="Copying file: &apos;publish\publish\publish\publish\publish\publish\publish\MH.Api.staticwebassets.endpoints.json&apos;" date="2025-11-17T10:21:14.686" /><!-- duration: 0ms -->
            <step title="Copying file: &apos;publish\publish\publish\publish\publish\publish\publish\web.config&apos;" date="2025-11-17T10:21:14.702" /><!-- duration: 0ms -->
            <step title="Deleting app_offline.htm" date="2025-11-17T10:21:14.717" /><!-- duration: 16ms -->
            <step title="Finished successfully." date="2025-11-17T10:21:14.749" /><!-- duration: 0ms -->
          </step><!-- duration: 2750ms -->
          <step title="Build completed succesfully." date="2025-11-17T10:21:14.795" /><!-- duration: 0ms -->
          <step title="Running post deployment command(s)..." date="2025-11-17T10:21:14.874" /><!-- duration: 16ms -->
          <step title="Requesting site restart" date="2025-11-17T10:21:14.936" /><!-- duration: 0ms -->
          <step title="Requesting site restart" date="2025-11-17T10:21:14.952" /><!-- duration: 0ms -->
          <step title="Requesting site restart. Attempt #1" date="2025-11-17T10:21:14.999" /><!-- duration: 0ms -->
          <step title="Requesting site restart. Attempt #1" date="2025-11-17T10:21:15.014" /><!-- duration: 0ms -->
          <step title="Successfully requested a restart. Attempt #1" date="2025-11-17T10:21:15.342" /><!-- duration: 0ms -->
          <step title="Successfully requested a restart. Attempt #1" date="2025-11-17T10:21:15.358" /><!-- duration: 0ms -->
          <step title="Deployment successful. DEPLOYMENTINFO: deploymentPath = OneDeploy, deployer = OneDeploy, os = windows, sku = Free, siteName = NgCanduAPI, siteHostName = ngcanduapi.azurewebsites.net, deploymentStatus = Success" date="2025-11-17T10:21:15.405" /><!-- duration: 0ms -->
          <step title="Purge deployment items" date="2025-11-17T10:21:15.577" >
            <step title="Remove 25d153a3e, Success, received at 11/12/2025 1:37:48 PM" date="2025-11-17T10:21:15.624" /><!-- duration: 0ms -->
          </step><!-- duration: 62ms -->
        </step><!-- duration: 4063ms -->
      </step><!-- duration: 4328ms -->
      <step title="Cleaning up temp files" date="2025-11-17T10:21:15.670" /><!-- duration: 0ms -->
      <step title="Skip function trigger and logicapp sync because function is not enabled." date="2025-11-17T10:21:15.686" /><!-- duration: 0ms -->
    </step><!-- duration: 5547ms -->
    <step title="LockFile &apos;C:\home\site\locks\deployments.lock&apos; released" date="2025-11-17T10:21:15.733" /><!-- duration: 16ms -->
    <step title="Deleting shutdown sentinel file" date="2025-11-17T10:21:15.749" SemaphoreCount="8" /><!-- duration: 0ms -->
  </step><!-- duration: 12436ms -->
  <step title="Outgoing response" date="2025-11-17T10:21:15.796" type="response" statusCode="200" statusText="OK" Server="Microsoft-IIS/10.0" x-ms-request-id="18957fae-c39f-11f0-a0e5-c025a5cfe792" Cache-Control="private" X-AspNet-Version="4.0.30319" /><!-- duration: 0ms -->
</step><!-- duration: 12982ms -->
