<step title="Incoming Request" date="2025-11-17T12:35:47.907" instance="92ca53" url="/api/publish?type=zip" method="POST" type="request" pid="4108,2,7" Cache-Control="no-cache" Connection="Keep-Alive" Content-Length="24074013" Content-Type="application/octet-stream" Accept="*/*" Accept-Encoding="gzip, deflate" Authorization="Bas..." Host="ngcanduapi.scm.azurewebsites.net" User-Agent="AZURECLI/2.75.0 (MSI)" x-ms-client-request-id="ec271734-c3b1-11f0-8f27-c025a5cfe792" X-ARR-LOG-ID="ec271734-c3b1-11f0-8f27-c025a5cfe792" CLIENT-IP="197.234.156.224:64288" X-SITE-DEPLOYMENT-ID="NgCanduAPI" WAS-DEFAULT-HOSTNAME="ngcanduapi.scm.azurewebsites.net" X-Forwarded-Proto="https" X-AppService-Proto="https" X-Forwarded-TlsVersion="1.3" X-WAWS-Unencoded-URL="/api/publish?type=zip" X-MS-COLDSTART="1" >
  <step title="OneDeploy" date="2025-11-17T12:35:48.438" >
    <step title="Starting PushDeployAsync" date="2025-11-17T12:35:48.454" /><!-- duration: 16ms -->
    <step title="Updating shutdown sentinel last write time" date="2025-11-17T12:35:48.516" SemaphoreCount="7" /><!-- duration: 0ms -->
    <step title="LockFile &apos;C:\home\site\locks\deployments.lock&apos; acquired" date="2025-11-17T12:35:48.516" /><!-- duration: 16ms -->
    <step title="Saving request content to C:\local\Temp\zipdeploy\o0jbs1hs.zip" date="2025-11-17T12:35:48.532" >
      <step title="Total 24,074,013 bytes written to C:\local\Temp\zipdeploy\o0jbs1hs.zip" date="2025-11-17T12:35:49.297" /><!-- duration: 16ms -->
    </step><!-- duration: 781ms -->
    <step title="LockFile &apos;C:\home\site\locks\deployments.lock&apos; released" date="2025-11-17T12:35:49.313" /><!-- duration: 16ms -->
    <step title="Deleting shutdown sentinel file" date="2025-11-17T12:35:49.328" SemaphoreCount="8" /><!-- duration: 16ms -->
    <step title="Starting FetchDeploy" date="2025-11-17T12:35:49.344" /><!-- duration: 0ms -->
    <step title="Attempting to fetch target branch HEAD" date="2025-11-17T12:35:49.360" /><!-- duration: 0ms -->
    <step title="Updating shutdown sentinel last write time" date="2025-11-17T12:35:49.375" SemaphoreCount="7" /><!-- duration: 31ms -->
    <step title="LockFile &apos;C:\home\site\locks\deployments.lock&apos; acquired" date="2025-11-17T12:35:49.407" /><!-- duration: 0ms -->
    <step title="Performing fetch based deployment" date="2025-11-17T12:35:49.422" >
      <step title="Creating temporary deployment" date="2025-11-17T12:35:49.422" /><!-- duration: 47ms -->
      <step title="Fetching changes." date="2025-11-17T12:35:49.532" /><!-- duration: 0ms -->
      <step title="Starting LocalZipHandler" date="2025-11-17T12:35:49.547" /><!-- duration: 0ms -->
      <step title="Starting LocalZipFetch" date="2025-11-17T12:35:49.563" /><!-- duration: 0ms -->
      <step title="Cleaning up temp folders from previous zip deployments and extracting pushed zip file C:\local\Temp\zipdeploy\o0jbs1hs.zip (22.96 MB) to C:\local\Temp\zipdeploy\extracted" date="2025-11-17T12:35:49.578" /><!-- duration: 0ms -->
      <step title="Cleaning up temp folders from previous zip deployments and extracting pushed zip file C:\local\Temp\zipdeploy\o0jbs1hs.zip (22.96 MB) to C:\local\Temp\zipdeploy\extracted" date="2025-11-17T12:35:49.594" >
        <step title="Extracting 263 entries to C:\local\Temp\zipdeploy\extracted directory" date="2025-11-17T12:35:49.610" >
          <step title="Extracting to C:\local\Temp\zipdeploy\extracted\ca\Hangfire.Core.resources.dll ..." date="2025-11-17T12:35:49.625" /><!-- duration: 16ms -->
          <step title="Extracting to C:\local\Temp\zipdeploy\extracted\de\Hangfire.Core.resources.dll ..." date="2025-11-17T12:35:49.641" /><!-- duration: 16ms -->
          <step title="Extracting to C:\local\Temp\zipdeploy\extracted\es\Hangfire.Core.resources.dll ..." date="2025-11-17T12:35:49.657" /><!-- duration: 0ms -->
          <step title="Extracting to C:\local\Temp\zipdeploy\extracted\fa\Hangfire.Core.resources.dll ..." date="2025-11-17T12:35:49.657" /><!-- duration: 16ms -->
          <step title="Extracting to C:\local\Temp\zipdeploy\extracted\fr\Hangfire.Core.resources.dll ..." date="2025-11-17T12:35:49.672" /><!-- duration: 0ms -->
          <step title="Omitting extracting file traces ..." date="2025-11-17T12:35:49.688" /><!-- duration: 0ms -->
        </step><!-- duration: 953ms -->
      </step><!-- duration: 969ms -->
      <step title="None repository commit" date="2025-11-17T12:35:50.579" >
        <step title="Commit id: 0e7fdfa9e78647d8aa0858999f2a0d15" date="2025-11-17T12:35:50.579" Message="OneDeploy" AuthorName="N/A" AuthorEmail="N/A" /><!-- duration: 0ms -->
      </step><!-- duration: 0ms -->
      <step title="Before sending BuildRequestReceived status to /api/updatedeploystatus" date="2025-11-17T12:35:50.594" /><!-- duration: 0ms -->
      <step title="DeploymentManager.Deploy(id:0e7fdfa9e78647d8aa0858999f2a0d15)" date="2025-11-17T12:35:50.610" >
        <step title="Collecting changeset information" date="2025-11-17T12:35:50.610" /><!-- duration: 47ms -->
        <step title="Updating submodules" date="2025-11-17T12:35:50.657" >
          <step title="Updating submodules." date="2025-11-17T12:35:50.688" /><!-- duration: 16ms -->
        </step><!-- duration: 47ms -->
        <step title="Preparing deployment for commit id &apos;0e7fdfa9e7&apos;." date="2025-11-17T12:35:50.766" /><!-- duration: 16ms -->
        <step title="Determining deployment builder" date="2025-11-17T12:35:50.813" >
          <step title="Builder is OneDeployBuilder" date="2025-11-17T12:35:50.828" /><!-- duration: 0ms -->
        </step><!-- duration: 16ms -->
        <step title="Copying SSH keys" date="2025-11-17T12:35:50.844" /><!-- duration: 16ms -->
        <step title="Building" date="2025-11-17T12:35:50.860" >
          <step title="Running build. Project type: OneDeploy" date="2025-11-17T12:35:50.907" /><!-- duration: 0ms -->
          <step title="Copying the manifest" date="2025-11-17T12:35:50.969" /><!-- duration: 0ms -->
          <step title="Clean deploying to C:\home\site\wwwroot" date="2025-11-17T12:35:51.032" /><!-- duration: 0ms -->
          <step title="Generating deployment script." date="2025-11-17T12:35:51.078" /><!-- duration: 16ms -->
          <step title="Generating deployment script" date="2025-11-17T12:35:51.094" >
            <step title="Using cached version of the deployment script for command: -y --no-dot-deployment -r &quot;C:\local\Temp\zipdeploy\extracted&quot; -o &quot;C:\home\site\deployments\tools&quot; --basic --sitePath &quot;C:\local\Temp\zipdeploy\extracted&quot;" date="2025-11-17T12:35:51.141" /><!-- duration: 0ms -->
            <step title="Using cached version of deployment script (command: &apos;azure -y --no-dot-deployment -r &quot;C:\local\Temp\zipdeploy\extracted&quot; -o &quot;C:\home\site\deployments\tools&quot; --basic --sitePath &quot;C:\local\Temp\zipdeploy\extracted&quot;&apos;)." date="2025-11-17T12:35:51.172" /><!-- duration: 0ms -->
          </step><!-- duration: 94ms -->
          <step title="Running deployment command..." date="2025-11-17T12:35:51.235" /><!-- duration: 0ms -->
          <step title="Command: &quot;C:\home\site\deployments\tools\deploy.cmd&quot;" date="2025-11-17T12:35:51.250" /><!-- duration: 0ms -->
          <step title="Executing external process" date="2025-11-17T12:35:51.266" type="process" path="starter.cmd" arguments="&quot;C:\home\site\deployments\tools\deploy.cmd&quot;" >
            <step title="Handling Basic Web Site deployment." date="2025-11-17T12:35:51.391" /><!-- duration: 0ms -->
            <step title="Creating app_offline.htm" date="2025-11-17T12:35:53.766" /><!-- duration: 16ms -->
            <step title="KuduSync.NET from: &apos;C:\local\Temp\zipdeploy\extracted&apos; to: &apos;C:\home\site\wwwroot&apos;" date="2025-11-17T12:35:53.797" /><!-- duration: 0ms -->
            <step title="Copying file: &apos;MH.Api.dll&apos;" date="2025-11-17T12:35:53.813" /><!-- duration: 0ms -->
            <step title="Copying file: &apos;MH.Api.exe&apos;" date="2025-11-17T12:35:53.829" /><!-- duration: 0ms -->
            <step title="Copying file: &apos;MH.Api.pdb&apos;" date="2025-11-17T12:35:53.844" /><!-- duration: 16ms -->
            <step title="Copying file: &apos;MH.Application.dll&apos;" date="2025-11-17T12:35:53.860" /><!-- duration: 16ms -->
            <step title="Copying file: &apos;MH.Application.pdb&apos;" date="2025-11-17T12:35:53.891" /><!-- duration: 0ms -->
            <step title="Copying file: &apos;MH.Infrastructure.dll&apos;" date="2025-11-17T12:35:53.907" /><!-- duration: 0ms -->
            <step title="Copying file: &apos;MH.Infrastructure.pdb&apos;" date="2025-11-17T12:35:53.922" /><!-- duration: 0ms -->
            <step title="Deleting app_offline.htm" date="2025-11-17T12:35:53.938" /><!-- duration: 0ms -->
            <step title="Finished successfully." date="2025-11-17T12:35:53.954" /><!-- duration: 0ms -->
          </step><!-- duration: 2703ms -->
          <step title="Build completed succesfully." date="2025-11-17T12:35:54.000" /><!-- duration: 16ms -->
          <step title="Running post deployment command(s)..." date="2025-11-17T12:35:54.063" /><!-- duration: 0ms -->
          <step title="Requesting site restart" date="2025-11-17T12:35:54.110" /><!-- duration: 0ms -->
          <step title="Requesting site restart" date="2025-11-17T12:35:54.125" /><!-- duration: 0ms -->
          <step title="Requesting site restart. Attempt #1" date="2025-11-17T12:35:54.172" /><!-- duration: 0ms -->
          <step title="Requesting site restart. Attempt #1" date="2025-11-17T12:35:54.188" /><!-- duration: 0ms -->
          <step title="Successfully requested a restart. Attempt #1" date="2025-11-17T12:35:54.532" /><!-- duration: 0ms -->
          <step title="Successfully requested a restart. Attempt #1" date="2025-11-17T12:35:54.547" /><!-- duration: 0ms -->
          <step title="Deployment successful. DEPLOYMENTINFO: deploymentPath = OneDeploy, deployer = OneDeploy, os = windows, sku = Free, siteName = NgCanduAPI, siteHostName = ngcanduapi.azurewebsites.net, deploymentStatus = Success" date="2025-11-17T12:35:54.594" /><!-- duration: 16ms -->
          <step title="Purge deployment items" date="2025-11-17T12:35:54.750" >
            <step title="Remove bb2cd065a, Success, received at 11/17/2025 10:21:11 AM" date="2025-11-17T12:35:54.813" /><!-- duration: 0ms -->
          </step><!-- duration: 63ms -->
        </step><!-- duration: 4016ms -->
      </step><!-- duration: 4282ms -->
      <step title="Cleaning up temp files" date="2025-11-17T12:35:54.892" /><!-- duration: 0ms -->
      <step title="Skip function trigger and logicapp sync because function is not enabled." date="2025-11-17T12:35:54.907" /><!-- duration: 0ms -->
    </step><!-- duration: 5533ms -->
    <step title="LockFile &apos;C:\home\site\locks\deployments.lock&apos; released" date="2025-11-17T12:35:54.970" /><!-- duration: 0ms -->
    <step title="Deleting shutdown sentinel file" date="2025-11-17T12:35:54.986" SemaphoreCount="8" /><!-- duration: 0ms -->
  </step><!-- duration: 6548ms -->
  <step title="Outgoing response" date="2025-11-17T12:35:55.017" type="response" statusCode="200" statusText="OK" Server="Microsoft-IIS/10.0" x-ms-request-id="ec271734-c3b1-11f0-8f27-c025a5cfe792" Cache-Control="private" X-AspNet-Version="4.0.30319" /><!-- duration: 0ms -->
</step><!-- duration: 7126ms -->
