<step title="Incoming Request" date="2025-11-17T13:14:47.194" instance="92ca53" url="/api/publish?type=zip" method="POST" type="request" pid="6536,2,7" Cache-Control="no-cache" Connection="Keep-Alive" Content-Length="24073033" Content-Type="application/octet-stream" Accept="*/*" Accept-Encoding="gzip, deflate" Authorization="Bas..." Host="ngcanduapi.scm.azurewebsites.net" User-Agent="AZURECLI/2.75.0 (MSI)" x-ms-client-request-id="5e2a8fd8-c3b7-11f0-ae3a-c025a5cfe792" X-ARR-LOG-ID="5e2a8fd8-c3b7-11f0-ae3a-c025a5cfe792" CLIENT-IP="197.234.156.224:50395" X-SITE-DEPLOYMENT-ID="NgCanduAPI" WAS-DEFAULT-HOSTNAME="ngcanduapi.scm.azurewebsites.net" X-Forwarded-Proto="https" X-AppService-Proto="https" X-Forwarded-TlsVersion="1.3" X-WAWS-Unencoded-URL="/api/publish?type=zip" X-MS-COLDSTART="1" >
  <step title="OneDeploy" date="2025-11-17T13:14:47.725" >
    <step title="Starting PushDeployAsync" date="2025-11-17T13:14:47.741" /><!-- duration: 0ms -->
    <step title="Updating shutdown sentinel last write time" date="2025-11-17T13:14:47.788" SemaphoreCount="7" /><!-- duration: 16ms -->
    <step title="LockFile &apos;C:\home\site\locks\deployments.lock&apos; acquired" date="2025-11-17T13:14:47.804" /><!-- duration: 0ms -->
    <step title="Saving request content to C:\local\Temp\zipdeploy\1g31fzvv.zip" date="2025-11-17T13:14:47.819" >
      <step title="Total 24,073,033 bytes written to C:\local\Temp\zipdeploy\1g31fzvv.zip" date="2025-11-17T13:14:49.366" /><!-- duration: 0ms -->
    </step><!-- duration: 1547ms -->
    <step title="LockFile &apos;C:\home\site\locks\deployments.lock&apos; released" date="2025-11-17T13:14:49.382" /><!-- duration: 0ms -->
    <step title="Deleting shutdown sentinel file" date="2025-11-17T13:14:49.397" SemaphoreCount="8" /><!-- duration: 0ms -->
    <step title="Starting FetchDeploy" date="2025-11-17T13:14:49.413" /><!-- duration: 0ms -->
    <step title="Attempting to fetch target branch HEAD" date="2025-11-17T13:14:49.413" /><!-- duration: 0ms -->
    <step title="Updating shutdown sentinel last write time" date="2025-11-17T13:14:49.429" SemaphoreCount="7" /><!-- duration: 0ms -->
    <step title="LockFile &apos;C:\home\site\locks\deployments.lock&apos; acquired" date="2025-11-17T13:14:49.444" /><!-- duration: 0ms -->
    <step title="Performing fetch based deployment" date="2025-11-17T13:14:49.444" >
      <step title="Creating temporary deployment" date="2025-11-17T13:14:49.460" /><!-- duration: 47ms -->
      <step title="Fetching changes." date="2025-11-17T13:14:49.569" /><!-- duration: 0ms -->
      <step title="Starting LocalZipHandler" date="2025-11-17T13:14:49.585" /><!-- duration: 0ms -->
      <step title="Starting LocalZipFetch" date="2025-11-17T13:14:49.585" /><!-- duration: 16ms -->
      <step title="Cleaning up temp folders from previous zip deployments and extracting pushed zip file C:\local\Temp\zipdeploy\1g31fzvv.zip (22.96 MB) to C:\local\Temp\zipdeploy\extracted" date="2025-11-17T13:14:49.600" /><!-- duration: 16ms -->
      <step title="Cleaning up temp folders from previous zip deployments and extracting pushed zip file C:\local\Temp\zipdeploy\1g31fzvv.zip (22.96 MB) to C:\local\Temp\zipdeploy\extracted" date="2025-11-17T13:14:49.616" >
        <step title="Extracting 263 entries to C:\local\Temp\zipdeploy\extracted directory" date="2025-11-17T13:14:49.632" >
          <step title="Extracting to C:\local\Temp\zipdeploy\extracted\ca\Hangfire.Core.resources.dll ..." date="2025-11-17T13:14:49.647" /><!-- duration: 16ms -->
          <step title="Extracting to C:\local\Temp\zipdeploy\extracted\de\Hangfire.Core.resources.dll ..." date="2025-11-17T13:14:49.663" /><!-- duration: 0ms -->
          <step title="Extracting to C:\local\Temp\zipdeploy\extracted\es\Hangfire.Core.resources.dll ..." date="2025-11-17T13:14:49.679" /><!-- duration: 16ms -->
          <step title="Extracting to C:\local\Temp\zipdeploy\extracted\fa\Hangfire.Core.resources.dll ..." date="2025-11-17T13:14:49.694" /><!-- duration: 0ms -->
          <step title="Extracting to C:\local\Temp\zipdeploy\extracted\fr\Hangfire.Core.resources.dll ..." date="2025-11-17T13:14:49.710" /><!-- duration: 0ms -->
          <step title="Omitting extracting file traces ..." date="2025-11-17T13:14:49.710" /><!-- duration: 16ms -->
        </step><!-- duration: 953ms -->
      </step><!-- duration: 984ms -->
      <step title="None repository commit" date="2025-11-17T13:14:50.616" >
        <step title="Commit id: e0265f88ebec4597afc216056fe05fac" date="2025-11-17T13:14:50.616" Message="OneDeploy" AuthorName="N/A" AuthorEmail="N/A" /><!-- duration: 0ms -->
      </step><!-- duration: 16ms -->
      <step title="Before sending BuildRequestReceived status to /api/updatedeploystatus" date="2025-11-17T13:14:50.632" /><!-- duration: 0ms -->
      <step title="DeploymentManager.Deploy(id:e0265f88ebec4597afc216056fe05fac)" date="2025-11-17T13:14:50.647" >
        <step title="Collecting changeset information" date="2025-11-17T13:14:50.663" /><!-- duration: 31ms -->
        <step title="Updating submodules" date="2025-11-17T13:14:50.694" >
          <step title="Updating submodules." date="2025-11-17T13:14:50.741" /><!-- duration: 0ms -->
        </step><!-- duration: 63ms -->
        <step title="Preparing deployment for commit id &apos;e0265f88eb&apos;." date="2025-11-17T13:14:50.788" /><!-- duration: 16ms -->
        <step title="Determining deployment builder" date="2025-11-17T13:14:50.835" >
          <step title="Builder is OneDeployBuilder" date="2025-11-17T13:14:50.850" /><!-- duration: 0ms -->
        </step><!-- duration: 16ms -->
        <step title="Copying SSH keys" date="2025-11-17T13:14:50.882" /><!-- duration: 0ms -->
        <step title="Building" date="2025-11-17T13:14:50.882" >
          <step title="Running build. Project type: OneDeploy" date="2025-11-17T13:14:50.929" /><!-- duration: 0ms -->
          <step title="Copying the manifest" date="2025-11-17T13:14:50.975" /><!-- duration: 0ms -->
          <step title="Clean deploying to C:\home\site\wwwroot" date="2025-11-17T13:14:51.038" /><!-- duration: 0ms -->
          <step title="Generating deployment script." date="2025-11-17T13:14:51.100" /><!-- duration: 0ms -->
          <step title="Generating deployment script" date="2025-11-17T13:14:51.116" >
            <step title="Using cached version of the deployment script for command: -y --no-dot-deployment -r &quot;C:\local\Temp\zipdeploy\extracted&quot; -o &quot;C:\home\site\deployments\tools&quot; --basic --sitePath &quot;C:\local\Temp\zipdeploy\extracted&quot;" date="2025-11-17T13:14:51.147" /><!-- duration: 16ms -->
            <step title="Using cached version of deployment script (command: &apos;azure -y --no-dot-deployment -r &quot;C:\local\Temp\zipdeploy\extracted&quot; -o &quot;C:\home\site\deployments\tools&quot; --basic --sitePath &quot;C:\local\Temp\zipdeploy\extracted&quot;&apos;)." date="2025-11-17T13:14:51.179" /><!-- duration: 0ms -->
          </step><!-- duration: 78ms -->
          <step title="Running deployment command..." date="2025-11-17T13:14:51.257" /><!-- duration: 0ms -->
          <step title="Command: &quot;C:\home\site\deployments\tools\deploy.cmd&quot;" date="2025-11-17T13:14:51.272" /><!-- duration: 0ms -->
          <step title="Executing external process" date="2025-11-17T13:14:51.304" type="process" path="starter.cmd" arguments="&quot;C:\home\site\deployments\tools\deploy.cmd&quot;" >
            <step title="Handling Basic Web Site deployment." date="2025-11-17T13:14:51.444" /><!-- duration: 16ms -->
            <step title="Creating app_offline.htm" date="2025-11-17T13:14:54.211" /><!-- duration: 16ms -->
            <step title="KuduSync.NET from: &apos;C:\local\Temp\zipdeploy\extracted&apos; to: &apos;C:\home\site\wwwroot&apos;" date="2025-11-17T13:14:54.227" /><!-- duration: 16ms -->
            <step title="Copying file: &apos;MH.Infrastructure.dll&apos;" date="2025-11-17T13:14:54.258" /><!-- duration: 0ms -->
            <step title="Copying file: &apos;MH.Infrastructure.pdb&apos;" date="2025-11-17T13:14:54.273" /><!-- duration: 0ms -->
            <step title="Deleting app_offline.htm" date="2025-11-17T13:14:54.289" /><!-- duration: 0ms -->
            <step title="Finished successfully." date="2025-11-17T13:14:54.305" /><!-- duration: 0ms -->
          </step><!-- duration: 3017ms -->
          <step title="Build completed succesfully." date="2025-11-17T13:14:54.367" /><!-- duration: 16ms -->
          <step title="Running post deployment command(s)..." date="2025-11-17T13:14:54.414" /><!-- duration: 16ms -->
          <step title="Requesting site restart" date="2025-11-17T13:14:54.477" /><!-- duration: 16ms -->
          <step title="Requesting site restart" date="2025-11-17T13:14:54.492" /><!-- duration: 16ms -->
          <step title="Requesting site restart. Attempt #1" date="2025-11-17T13:14:54.539" /><!-- duration: 16ms -->
          <step title="Requesting site restart. Attempt #1" date="2025-11-17T13:14:54.555" /><!-- duration: 0ms -->
          <step title="Successfully requested a restart. Attempt #1" date="2025-11-17T13:14:54.883" /><!-- duration: 16ms -->
          <step title="Successfully requested a restart. Attempt #1" date="2025-11-17T13:14:54.898" /><!-- duration: 16ms -->
          <step title="Deployment successful. DEPLOYMENTINFO: deploymentPath = OneDeploy, deployer = OneDeploy, os = windows, sku = Free, siteName = NgCanduAPI, siteHostName = ngcanduapi.azurewebsites.net, deploymentStatus = Success" date="2025-11-17T13:14:54.945" /><!-- duration: 0ms -->
          <step title="Purge deployment items" date="2025-11-17T13:14:55.102" >
            <step title="Remove 5a45fa2a4, Success, received at 11/17/2025 11:47:33 AM" date="2025-11-17T13:14:55.148" /><!-- duration: 16ms -->
          </step><!-- duration: 62ms -->
        </step><!-- duration: 4314ms -->
      </step><!-- duration: 4548ms -->
      <step title="Cleaning up temp files" date="2025-11-17T13:14:55.195" /><!-- duration: 16ms -->
      <step title="Skip function trigger and logicapp sync because function is not enabled." date="2025-11-17T13:14:55.211" /><!-- duration: 16ms -->
    </step><!-- duration: 5814ms -->
    <step title="LockFile &apos;C:\home\site\locks\deployments.lock&apos; released" date="2025-11-17T13:14:55.258" /><!-- duration: 16ms -->
    <step title="Deleting shutdown sentinel file" date="2025-11-17T13:14:55.273" SemaphoreCount="8" /><!-- duration: 0ms -->
  </step><!-- duration: 7564ms -->
  <step title="Outgoing response" date="2025-11-17T13:14:55.320" type="response" statusCode="200" statusText="OK" Server="Microsoft-IIS/10.0" x-ms-request-id="5e2a8fd8-c3b7-11f0-ae3a-c025a5cfe792" Cache-Control="private" X-AspNet-Version="4.0.30319" /><!-- duration: 0ms -->
</step><!-- duration: 8126ms -->
