<step title="Incoming Request" date="2025-11-14T11:48:36.714" instance="92ca53" url="/api/publish?type=zip" method="POST" type="request" pid="12788,2,7" Cache-Control="no-cache" Connection="Keep-Alive" Content-Length="23275363" Content-Type="application/octet-stream" Accept="*/*" Accept-Encoding="gzip, deflate" Authorization="Bas..." Host="ngcanduapi.scm.azurewebsites.net" User-Agent="AZURECLI/2.75.0 (MSI)" x-ms-client-request-id="d2076e6f-c14f-11f0-bf56-c025a5cfe792" X-ARR-LOG-ID="d2076e6f-c14f-11f0-bf56-c025a5cfe792" CLIENT-IP="197.234.156.224:60123" X-SITE-DEPLOYMENT-ID="NgCanduAPI" WAS-DEFAULT-HOSTNAME="ngcanduapi.scm.azurewebsites.net" X-Forwarded-Proto="https" X-AppService-Proto="https" X-Forwarded-TlsVersion="1.3" X-WAWS-Unencoded-URL="/api/publish?type=zip" X-MS-COLDSTART="1" >
  <step title="OneDeploy" date="2025-11-14T11:48:37.245" >
    <step title="Starting PushDeployAsync" date="2025-11-14T11:48:37.261" /><!-- duration: 16ms -->
    <step title="Updating shutdown sentinel last write time" date="2025-11-14T11:48:37.323" SemaphoreCount="7" /><!-- duration: 0ms -->
    <step title="LockFile &apos;C:\home\site\locks\deployments.lock&apos; acquired" date="2025-11-14T11:48:37.323" /><!-- duration: 0ms -->
    <step title="Saving request content to C:\local\Temp\zipdeploy\flib2kmc.zip" date="2025-11-14T11:48:37.339" >
      <step title="Total 23,275,363 bytes written to C:\local\Temp\zipdeploy\flib2kmc.zip" date="2025-11-14T11:48:38.714" /><!-- duration: 0ms -->
    </step><!-- duration: 1391ms -->
    <step title="LockFile &apos;C:\home\site\locks\deployments.lock&apos; released" date="2025-11-14T11:48:38.729" /><!-- duration: 0ms -->
    <step title="Deleting shutdown sentinel file" date="2025-11-14T11:48:38.745" SemaphoreCount="8" /><!-- duration: 0ms -->
    <step title="Starting FetchDeploy" date="2025-11-14T11:48:38.761" /><!-- duration: 0ms -->
    <step title="Attempting to fetch target branch HEAD" date="2025-11-14T11:48:38.761" /><!-- duration: 16ms -->
    <step title="Updating shutdown sentinel last write time" date="2025-11-14T11:48:38.792" SemaphoreCount="7" /><!-- duration: 0ms -->
    <step title="LockFile &apos;C:\home\site\locks\deployments.lock&apos; acquired" date="2025-11-14T11:48:38.792" /><!-- duration: 31ms -->
    <step title="Performing fetch based deployment" date="2025-11-14T11:48:38.839" >
      <step title="Creating temporary deployment" date="2025-11-14T11:48:38.839" /><!-- duration: 63ms -->
      <step title="Fetching changes." date="2025-11-14T11:48:38.964" /><!-- duration: 16ms -->
      <step title="Starting LocalZipHandler" date="2025-11-14T11:48:38.979" /><!-- duration: 16ms -->
      <step title="Starting LocalZipFetch" date="2025-11-14T11:48:38.995" /><!-- duration: 16ms -->
      <step title="Cleaning up temp folders from previous zip deployments and extracting pushed zip file C:\local\Temp\zipdeploy\flib2kmc.zip (22.20 MB) to C:\local\Temp\zipdeploy\extracted" date="2025-11-14T11:48:39.011" /><!-- duration: 16ms -->
      <step title="Cleaning up temp folders from previous zip deployments and extracting pushed zip file C:\local\Temp\zipdeploy\flib2kmc.zip (22.20 MB) to C:\local\Temp\zipdeploy\extracted" date="2025-11-14T11:48:39.026" >
        <step title="Extracting 227 entries to C:\local\Temp\zipdeploy\extracted directory" date="2025-11-14T11:48:39.042" >
          <step title="Extracting to C:\local\Temp\zipdeploy\extracted\ca\Hangfire.Core.resources.dll ..." date="2025-11-14T11:48:39.042" /><!-- duration: 16ms -->
          <step title="Extracting to C:\local\Temp\zipdeploy\extracted\de\Hangfire.Core.resources.dll ..." date="2025-11-14T11:48:39.073" /><!-- duration: 0ms -->
          <step title="Extracting to C:\local\Temp\zipdeploy\extracted\es\Hangfire.Core.resources.dll ..." date="2025-11-14T11:48:39.073" /><!-- duration: 16ms -->
          <step title="Extracting to C:\local\Temp\zipdeploy\extracted\fa\Hangfire.Core.resources.dll ..." date="2025-11-14T11:48:39.089" /><!-- duration: 0ms -->
          <step title="Extracting to C:\local\Temp\zipdeploy\extracted\fr\Hangfire.Core.resources.dll ..." date="2025-11-14T11:48:39.104" /><!-- duration: 0ms -->
          <step title="Omitting extracting file traces ..." date="2025-11-14T11:48:39.120" /><!-- duration: 0ms -->
        </step><!-- duration: 922ms -->
      </step><!-- duration: 938ms -->
      <step title="None repository commit" date="2025-11-14T11:48:39.964" >
        <step title="Commit id: 828ef8d341864872a8a76420eadf1a8a" date="2025-11-14T11:48:39.979" Message="OneDeploy" AuthorName="N/A" AuthorEmail="N/A" /><!-- duration: 0ms -->
      </step><!-- duration: 16ms -->
      <step title="Before sending BuildRequestReceived status to /api/updatedeploystatus" date="2025-11-14T11:48:39.979" /><!-- duration: 16ms -->
      <step title="DeploymentManager.Deploy(id:828ef8d341864872a8a76420eadf1a8a)" date="2025-11-14T11:48:39.995" >
        <step title="Collecting changeset information" date="2025-11-14T11:48:40.011" /><!-- duration: 31ms -->
        <step title="Updating submodules" date="2025-11-14T11:48:40.058" >
          <step title="Updating submodules." date="2025-11-14T11:48:40.089" /><!-- duration: 16ms -->
        </step><!-- duration: 47ms -->
        <step title="Preparing deployment for commit id &apos;828ef8d341&apos;." date="2025-11-14T11:48:40.151" /><!-- duration: 16ms -->
        <step title="Determining deployment builder" date="2025-11-14T11:48:40.214" >
          <step title="Builder is OneDeployBuilder" date="2025-11-14T11:48:40.229" /><!-- duration: 0ms -->
        </step><!-- duration: 16ms -->
        <step title="Copying SSH keys" date="2025-11-14T11:48:40.261" /><!-- duration: 0ms -->
        <step title="Building" date="2025-11-14T11:48:40.261" >
          <step title="Running build. Project type: OneDeploy" date="2025-11-14T11:48:40.323" /><!-- duration: 0ms -->
          <step title="Copying the manifest" date="2025-11-14T11:48:40.370" /><!-- duration: 16ms -->
          <step title="Clean deploying to C:\home\site\wwwroot" date="2025-11-14T11:48:40.464" /><!-- duration: 0ms -->
          <step title="Generating deployment script." date="2025-11-14T11:48:40.511" /><!-- duration: 0ms -->
          <step title="Generating deployment script" date="2025-11-14T11:48:40.526" >
            <step title="Using cached version of the deployment script for command: -y --no-dot-deployment -r &quot;C:\local\Temp\zipdeploy\extracted&quot; -o &quot;C:\home\site\deployments\tools&quot; --basic --sitePath &quot;C:\local\Temp\zipdeploy\extracted&quot;" date="2025-11-14T11:48:40.573" /><!-- duration: 0ms -->
            <step title="Using cached version of deployment script (command: &apos;azure -y --no-dot-deployment -r &quot;C:\local\Temp\zipdeploy\extracted&quot; -o &quot;C:\home\site\deployments\tools&quot; --basic --sitePath &quot;C:\local\Temp\zipdeploy\extracted&quot;&apos;)." date="2025-11-14T11:48:40.589" /><!-- duration: 16ms -->
          </step><!-- duration: 94ms -->
          <step title="Running deployment command..." date="2025-11-14T11:48:40.683" /><!-- duration: 0ms -->
          <step title="Command: &quot;C:\home\site\deployments\tools\deploy.cmd&quot;" date="2025-11-14T11:48:40.698" /><!-- duration: 0ms -->
          <step title="Executing external process" date="2025-11-14T11:48:40.714" type="process" path="starter.cmd" arguments="&quot;C:\home\site\deployments\tools\deploy.cmd&quot;" >
            <step title="Handling Basic Web Site deployment." date="2025-11-14T11:48:40.854" /><!-- duration: 16ms -->
            <step title="Creating app_offline.htm" date="2025-11-14T11:48:40.995" /><!-- duration: 0ms -->
            <step title="KuduSync.NET from: &apos;C:\local\Temp\zipdeploy\extracted&apos; to: &apos;C:\home\site\wwwroot&apos;" date="2025-11-14T11:48:41.011" /><!-- duration: 16ms -->
            <step title="Deleting file: &apos;MH.Application.deps.json&apos;" date="2025-11-14T11:48:41.026" /><!-- duration: 16ms -->
            <step title="Deleting file: &apos;MH.Domain.deps.json&apos;" date="2025-11-14T11:48:41.058" /><!-- duration: 16ms -->
            <step title="Deleting file: &apos;MH.Infrastructure.deps.json&apos;" date="2025-11-14T11:48:41.073" /><!-- duration: 16ms -->
            <step title="Deleting file: &apos;MH.Infrastructure.runtimeconfig.json&apos;" date="2025-11-14T11:48:41.104" /><!-- duration: 0ms -->
            <step title="Deleting file: &apos;Microsoft.AspNetCore.Cryptography.Internal.dll&apos;" date="2025-11-14T11:48:41.120" /><!-- duration: 0ms -->
            <step title="Deleting file: &apos;Microsoft.AspNetCore.Cryptography.KeyDerivation.dll&apos;" date="2025-11-14T11:48:41.136" /><!-- duration: 16ms -->
            <step title="Deleting file: &apos;Microsoft.AspNetCore.Http.Features.dll&apos;" date="2025-11-14T11:48:41.167" /><!-- duration: 0ms -->
            <step title="Deleting file: &apos;Microsoft.Extensions.Caching.Abstractions.dll&apos;" date="2025-11-14T11:48:41.183" /><!-- duration: 0ms -->
            <step title="Deleting file: &apos;Microsoft.Extensions.Caching.Memory.dll&apos;" date="2025-11-14T11:48:41.198" /><!-- duration: 16ms -->
            <step title="Deleting file: &apos;Microsoft.Extensions.Configuration.Abstractions.dll&apos;" date="2025-11-14T11:48:41.229" /><!-- duration: 0ms -->
            <step title="Deleting file: &apos;Microsoft.Extensions.DependencyInjection.Abstractions.dll&apos;" date="2025-11-14T11:48:41.245" /><!-- duration: 0ms -->
            <step title="Deleting file: &apos;Microsoft.Extensions.DependencyInjection.dll&apos;" date="2025-11-14T11:48:41.261" /><!-- duration: 16ms -->
            <step title="Deleting file: &apos;Microsoft.Extensions.Identity.Core.dll&apos;" date="2025-11-14T11:48:41.292" /><!-- duration: 0ms -->
            <step title="Deleting file: &apos;Microsoft.Extensions.Identity.Stores.dll&apos;" date="2025-11-14T11:48:41.308" /><!-- duration: 0ms -->
            <step title="Deleting file: &apos;Microsoft.Extensions.Logging.Abstractions.dll&apos;" date="2025-11-14T11:48:41.323" /><!-- duration: 0ms -->
            <step title="Deleting file: &apos;Microsoft.Extensions.Logging.dll&apos;" date="2025-11-14T11:48:41.339" /><!-- duration: 16ms -->
            <step title="Deleting file: &apos;Microsoft.Extensions.Options.dll&apos;" date="2025-11-14T11:48:41.370" /><!-- duration: 0ms -->
            <step title="Deleting file: &apos;Microsoft.Extensions.Primitives.dll&apos;" date="2025-11-14T11:48:41.386" /><!-- duration: 0ms -->
            <step title="Deleting file: &apos;System.Diagnostics.EventLog.dll&apos;" date="2025-11-14T11:48:41.401" /><!-- duration: 0ms -->
            <step title="Deleting file: &apos;System.IO.Pipelines.dll&apos;" date="2025-11-14T11:48:41.417" /><!-- duration: 0ms -->
            <step title="Deleting file: &apos;System.Security.Cryptography.Pkcs.dll&apos;" date="2025-11-14T11:48:41.433" /><!-- duration: 16ms -->
            <step title="Copying file: &apos;MH.Api.dll&apos;" date="2025-11-14T11:48:41.464" /><!-- duration: 0ms -->
            <step title="Copying file: &apos;MH.Api.exe&apos;" date="2025-11-14T11:48:41.479" /><!-- duration: 0ms -->
            <step title="Copying file: &apos;MH.Api.pdb&apos;" date="2025-11-14T11:48:41.495" /><!-- duration: 16ms -->
            <step title="Copying file: &apos;MH.Application.dll&apos;" date="2025-11-14T11:48:41.511" /><!-- duration: 16ms -->
            <step title="Copying file: &apos;MH.Application.pdb&apos;" date="2025-11-14T11:48:41.558" /><!-- duration: 31ms -->
            <step title="Copying file: &apos;MH.Domain.dll&apos;" date="2025-11-14T11:48:41.604" /><!-- duration: 0ms -->
            <step title="Copying file: &apos;MH.Domain.pdb&apos;" date="2025-11-14T11:48:41.620" /><!-- duration: 16ms -->
            <step title="Copying file: &apos;MH.Infrastructure.dll&apos;" date="2025-11-14T11:48:41.651" /><!-- duration: 0ms -->
            <step title="Copying file: &apos;MH.Infrastructure.pdb&apos;" date="2025-11-14T11:48:41.667" /><!-- duration: 0ms -->
            <step title="Copying file: &apos;publish\appsettings.Development.json&apos;" date="2025-11-14T11:48:41.683" /><!-- duration: 16ms -->
            <step title="Copying file: &apos;publish\appsettings.json&apos;" date="2025-11-14T11:48:41.698" /><!-- duration: 16ms -->
            <step title="Copying file: &apos;publish\MH.Api.deps.json&apos;" date="2025-11-14T11:48:41.729" /><!-- duration: 0ms -->
            <step title="Copying file: &apos;publish\MH.Api.runtimeconfig.json&apos;" date="2025-11-14T11:48:41.745" /><!-- duration: 0ms -->
            <step title="Copying file: &apos;publish\MH.Api.staticwebassets.endpoints.json&apos;" date="2025-11-14T11:48:41.761" /><!-- duration: 0ms -->
            <step title="Deleting file: &apos;runtimes\win\lib\net6.0\System.Security.Cryptography.Pkcs.dll&apos;" date="2025-11-14T11:48:41.776" /><!-- duration: 16ms -->
            <step title="Deleting file: &apos;runtimes\win\lib\net7.0\System.Diagnostics.EventLog.dll&apos;" date="2025-11-14T11:48:41.808" /><!-- duration: 16ms -->
            <step title="Deleting file: &apos;runtimes\win\lib\net7.0\System.Diagnostics.EventLog.Messages.dll&apos;" date="2025-11-14T11:48:41.839" /><!-- duration: 0ms -->
            <step title="Copying file: &apos;publish\web.config&apos;" date="2025-11-14T11:48:41.854" /><!-- duration: 0ms -->
            <step title="Deleting app_offline.htm" date="2025-11-14T11:48:41.870" /><!-- duration: 0ms -->
            <step title="Finished successfully." date="2025-11-14T11:48:41.886" /><!-- duration: 16ms -->
          </step><!-- duration: 1203ms -->
          <step title="Build completed succesfully." date="2025-11-14T11:48:41.964" /><!-- duration: 0ms -->
          <step title="Running post deployment command(s)..." date="2025-11-14T11:48:42.011" /><!-- duration: 16ms -->
          <step title="Requesting site restart" date="2025-11-14T11:48:42.073" /><!-- duration: 0ms -->
          <step title="Requesting site restart" date="2025-11-14T11:48:42.089" /><!-- duration: 0ms -->
          <step title="Requesting site restart. Attempt #1" date="2025-11-14T11:48:42.167" /><!-- duration: 0ms -->
          <step title="Requesting site restart. Attempt #1" date="2025-11-14T11:48:42.183" /><!-- duration: 0ms -->
          <step title="Successfully requested a restart. Attempt #1" date="2025-11-14T11:48:42.542" /><!-- duration: 0ms -->
          <step title="Successfully requested a restart. Attempt #1" date="2025-11-14T11:48:42.558" /><!-- duration: 0ms -->
          <step title="Deployment successful. DEPLOYMENTINFO: deploymentPath = OneDeploy, deployer = OneDeploy, os = windows, sku = Free, siteName = NgCanduAPI, siteHostName = ngcanduapi.azurewebsites.net, deploymentStatus = Success" date="2025-11-14T11:48:42.604" /><!-- duration: 0ms -->
          <step title="Purge deployment items" date="2025-11-14T11:48:42.792" >
            <step title="Remove e7a7def56, Success, received at 11/12/2025 11:21:17 AM" date="2025-11-14T11:48:42.839" /><!-- duration: 16ms -->
          </step><!-- duration: 62ms -->
        </step><!-- duration: 2625ms -->
      </step><!-- duration: 2891ms -->
      <step title="Cleaning up temp files" date="2025-11-14T11:48:42.933" /><!-- duration: 0ms -->
      <step title="Skip function trigger and logicapp sync because function is not enabled." date="2025-11-14T11:48:42.948" /><!-- duration: 16ms -->
    </step><!-- duration: 4157ms -->
    <step title="LockFile &apos;C:\home\site\locks\deployments.lock&apos; released" date="2025-11-14T11:48:43.011" /><!-- duration: 0ms -->
    <step title="Deleting shutdown sentinel file" date="2025-11-14T11:48:43.027" SemaphoreCount="8" /><!-- duration: 0ms -->
  </step><!-- duration: 5782ms -->
  <step title="Outgoing response" date="2025-11-14T11:48:43.058" type="response" statusCode="200" statusText="OK" Server="Microsoft-IIS/10.0" x-ms-request-id="d2076e6f-c14f-11f0-bf56-c025a5cfe792" Cache-Control="private" X-AspNet-Version="4.0.30319" /><!-- duration: 16ms -->
</step><!-- duration: 6360ms -->
