<step title="Incoming Request" date="2025-11-12T13:37:46.239" instance="22a7da" url="/api/publish?async=true&amp;deployer=GITHUB_ONE_DEPLOY&amp;type=zip&amp;message=%7B%22type%22%3A%22deployment%22%2C%22sha%22%3A%2241983ec0cf8eeaa5c1f9932fd4dd7c42534486f2%22%2C%22repoName%22%3A%22daedalusdigital-za%2FNCD-API%22%2C%22actor%22%3A%22daedalusdigital-za%22%2C%22slotName%22%3A%22Production%22%2C%22commitMessage%22%3A%22feat%3A%20Add%20database%20cleanup%20script%20to%20identify%20and%20remove%20old%2Funused%20data%22%7D" method="POST" type="request" pid="11076,2,57" Transfer-Encoding="chunked" Content-Type="application/octet-stream" Authorization="Bas..." Cookie="ARRAffinity=22a7daa836b64a8ce56c907737553d08297ff2e76cd06a1f52c29956b9a85c17;Path=/;HttpOnly;Secure;Domain=ngcanduapi.scm.azurewebsites.net; ARRAffinitySameSite=22a7daa836b64a8ce56c907737553d08297ff2e76cd06a1f52c29956b9a85c17;Path=/;HttpOnly;SameSite=None;Secure;Domain=ngcanduapi.scm.azurewebsites.net" Host="ngcanduapi.scm.azurewebsites.net" User-Agent="GITHUBACTIONS_DeployWebAppToAzure_911ad8e07dd1095a617b283f0e1b400847f2d2bffc6e1de6b85a1cbb3aaec3dc" X-ARR-LOG-ID="7cc1a4a6-a7ff-4e14-9163-d14fee6e87eb" CLIENT-IP="52.154.131.96:33792" X-SITE-DEPLOYMENT-ID="NgCanduAPI" WAS-DEFAULT-HOSTNAME="ngcanduapi.scm.azurewebsites.net" X-Forwarded-Proto="https" X-AppService-Proto="https" X-Forwarded-TlsVersion="1.3" X-WAWS-Unencoded-URL="/api/publish?async=true&amp;deployer=GITHUB_ONE_DEPLOY&amp;type=zip&amp;message=%7B%22type%22%3A%22deployment%22%2C%22sha%22%3A%2241983ec0cf8eeaa5c1f9932fd4dd7c42534486f2%22%2C%22repoName%22%3A%22daedalusdigital-za%2FNCD-API%22%2C%22actor%22%3A%22daedalusdigital-za%22%2C%22slotName%22%3A%22Production%22%2C%22commitMessage%22%3A%22feat%3A%20Add%20database%20cleanup%20script%20to%20identify%20and%20remove%20old%2Funused%20data%22%7D" >
  <step title="OneDeploy" date="2025-11-12T13:37:46.286" >
    <step title="Starting PushDeployAsync" date="2025-11-12T13:37:46.301" /><!-- duration: 0ms -->
    <step title="Updating shutdown sentinel last write time" date="2025-11-12T13:37:46.317" SemaphoreCount="7" /><!-- duration: 0ms -->
    <step title="LockFile &apos;C:\home\site\locks\deployments.lock&apos; acquired" date="2025-11-12T13:37:46.333" /><!-- duration: 0ms -->
    <step title="Saving request content to C:\local\Temp\zipdeploy\ilmpbyeq.zip" date="2025-11-12T13:37:46.348" >
      <step title="Total 26,466,210 bytes written to C:\local\Temp\zipdeploy\ilmpbyeq.zip" date="2025-11-12T13:37:46.848" /><!-- duration: 0ms -->
    </step><!-- duration: 516ms -->
    <step title="LockFile &apos;C:\home\site\locks\deployments.lock&apos; released" date="2025-11-12T13:37:46.864" /><!-- duration: 0ms -->
    <step title="Deleting shutdown sentinel file" date="2025-11-12T13:37:46.879" SemaphoreCount="8" /><!-- duration: 0ms -->
    <step title="Starting FetchDeploy" date="2025-11-12T13:37:46.879" /><!-- duration: 16ms -->
    <step title="Start deployment in the background" date="2025-11-12T13:37:46.895" /><!-- duration: 78ms -->
  </step><!-- duration: 687ms -->
  <step title="Outgoing response" date="2025-11-12T13:37:46.989" type="response" statusCode="202" statusText="Accepted" Server="Microsoft-IIS/10.0" x-ms-request-id="7cc1a4a6-a7ff-4e14-9163-d14fee6e87eb" Retry-After="30" Cache-Control="private" X-AspNet-Version="4.0.30319" Location="https://ngcanduapi.scm.azurewebsites.net/api/deployments/latest?deployer=OneDeploy&amp;time=2025-11-12_13-37-46Z" /><!-- duration: 0ms -->
</step><!-- duration: 750ms -->
