<step title="BackgroundTrace" date="2025-11-12T13:35:28.401" instance="22a7da" url="/api/publish" method="POST" >
  <step title="Updating shutdown sentinel last write time" date="2025-11-12T13:35:28.416" SemaphoreCount="7" /><!-- duration: 0ms -->
  <step title="LockFile &apos;C:\home\site\locks\deployments.lock&apos; acquired" date="2025-11-12T13:35:28.416" /><!-- duration: 16ms -->
  <step title="Creating temporary deployment" date="2025-11-12T13:35:28.432" /><!-- duration: 16ms -->
  <step title="Performing fetch based deployment" date="2025-11-12T13:35:28.463" >
    <step title="Fetching changes." date="2025-11-12T13:35:28.494" /><!-- duration: 16ms -->
    <step title="Starting LocalZipHandler" date="2025-11-12T13:35:28.510" /><!-- duration: 0ms -->
    <step title="Cleaning up temp folders from previous zip deployments and extracting pushed zip file C:\local\Temp\zipdeploy\zj3kxzvg.zip (25.24 MB) to C:\local\Temp\zipdeploy\extracted" date="2025-11-12T13:35:28.541" /><!-- duration: 0ms -->
    <step title="Cleaning up temp folders from previous zip deployments and extracting pushed zip file C:\local\Temp\zipdeploy\zj3kxzvg.zip (25.24 MB) to C:\local\Temp\zipdeploy\extracted" date="2025-11-12T13:35:28.557" >
      <step title="Renaming extractTargetDirectory(C:\local\Temp\zipdeploy\extracted) to tempDirectory(C:\local\Temp\zipdeploy\bzq5oqwt.4ky)" date="2025-11-12T13:35:28.557" /><!-- duration: 0ms -->
      <step title="Extracting 295 entries to C:\local\Temp\zipdeploy\extracted directory" date="2025-11-12T13:35:28.572" >
        <step title="Extracting to C:\local\Temp\zipdeploy\extracted\appsettings.Development.json ..." date="2025-11-12T13:35:28.572" /><!-- duration: 0ms -->
        <step title="Extracting to C:\local\Temp\zipdeploy\extracted\appsettings.json ..." date="2025-11-12T13:35:28.588" /><!-- duration: 0ms -->
        <step title="Extracting to C:\local\Temp\zipdeploy\extracted\AutoMapper.dll ..." date="2025-11-12T13:35:28.588" /><!-- duration: 16ms -->
        <step title="Extracting to C:\local\Temp\zipdeploy\extracted\AutoMapper.Extensions.Microsoft.DependencyInjection.dll ..." date="2025-11-12T13:35:28.619" /><!-- duration: 16ms -->
        <step title="Extracting to C:\local\Temp\zipdeploy\extracted\Azure.Core.dll ..." date="2025-11-12T13:35:28.635" /><!-- duration: 16ms -->
        <step title="Omitting extracting file traces ..." date="2025-11-12T13:35:28.651" /><!-- duration: 0ms -->
      </step><!-- duration: 984ms -->
    </step><!-- duration: 1000ms -->
    <step title="Before sending BuildRequestReceived status to /api/updatedeploystatus" date="2025-11-12T13:35:29.557" /><!-- duration: 0ms -->
    <step title="DeploymentManager.Deploy(id:c60fd00969774239a7f721c39f6f69bc)" date="2025-11-12T13:35:29.573" >
      <step title="Collecting changeset information" date="2025-11-12T13:35:29.573" /><!-- duration: 47ms -->
      <step title="Updating submodules" date="2025-11-12T13:35:29.619" >
        <step title="Updating submodules." date="2025-11-12T13:35:29.651" /><!-- duration: 16ms -->
      </step><!-- duration: 47ms -->
      <step title="Preparing deployment for commit id &apos;c60fd00969&apos;." date="2025-11-12T13:35:29.697" /><!-- duration: 16ms -->
      <step title="Determining deployment builder" date="2025-11-12T13:35:29.744" >
        <step title="Builder is OneDeployBuilder" date="2025-11-12T13:35:29.744" /><!-- duration: 16ms -->
      </step><!-- duration: 16ms -->
      <step title="Copying SSH keys" date="2025-11-12T13:35:29.776" /><!-- duration: 0ms -->
      <step title="Building" date="2025-11-12T13:35:29.776" >
        <step title="Running build. Project type: OneDeploy" date="2025-11-12T13:35:29.823" /><!-- duration: 0ms -->
        <step title="Copying the manifest" date="2025-11-12T13:35:29.885" /><!-- duration: 0ms -->
        <step title="Clean deploying to C:\home\site\wwwroot" date="2025-11-12T13:35:29.947" /><!-- duration: 0ms -->
        <step title="Generating deployment script." date="2025-11-12T13:35:30.010" /><!-- duration: 16ms -->
        <step title="Generating deployment script" date="2025-11-12T13:35:30.026" >
          <step title="Using cached version of the deployment script for command: -y --no-dot-deployment -r &quot;C:\local\Temp\zipdeploy\extracted&quot; -o &quot;C:\home\site\deployments\tools&quot; --basic --sitePath &quot;C:\local\Temp\zipdeploy\extracted&quot;" date="2025-11-12T13:35:30.041" /><!-- duration: 0ms -->
          <step title="Using cached version of deployment script (command: &apos;azure -y --no-dot-deployment -r &quot;C:\local\Temp\zipdeploy\extracted&quot; -o &quot;C:\home\site\deployments\tools&quot; --basic --sitePath &quot;C:\local\Temp\zipdeploy\extracted&quot;&apos;)." date="2025-11-12T13:35:30.057" /><!-- duration: 16ms -->
        </step><!-- duration: 47ms -->
        <step title="Running deployment command..." date="2025-11-12T13:35:30.119" /><!-- duration: 0ms -->
        <step title="Command: &quot;C:\home\site\deployments\tools\deploy.cmd&quot;" date="2025-11-12T13:35:30.119" /><!-- duration: 16ms -->
        <step title="Executing external process" date="2025-11-12T13:35:30.135" type="process" path="starter.cmd" arguments="&quot;C:\home\site\deployments\tools\deploy.cmd&quot;" >
          <step title="Handling Basic Web Site deployment." date="2025-11-12T13:35:30.244" /><!-- duration: 16ms -->
          <step title="Creating app_offline.htm" date="2025-11-12T13:35:30.916" /><!-- duration: 0ms -->
          <step title="KuduSync.NET from: &apos;C:\local\Temp\zipdeploy\extracted&apos; to: &apos;C:\home\site\wwwroot&apos;" date="2025-11-12T13:35:30.916" /><!-- duration: 16ms -->
          <step title="Copying file: &apos;appsettings.Development.json&apos;" date="2025-11-12T13:35:30.932" /><!-- duration: 0ms -->
          <step title="Copying file: &apos;appsettings.json&apos;" date="2025-11-12T13:35:30.947" /><!-- duration: 0ms -->
          <step title="Copying file: &apos;AutoMapper.dll&apos;" date="2025-11-12T13:35:30.963" /><!-- duration: 0ms -->
          <step title="Copying file: &apos;AutoMapper.Extensions.Microsoft.DependencyInjection.dll&apos;" date="2025-11-12T13:35:30.979" /><!-- duration: 16ms -->
          <step title="Copying file: &apos;Azure.Core.dll&apos;" date="2025-11-12T13:35:31.010" /><!-- duration: 0ms -->
          <step title="Copying file: &apos;Azure.Identity.dll&apos;" date="2025-11-12T13:35:31.010" /><!-- duration: 16ms -->
          <step title="Copying file: &apos;BouncyCastle.Crypto.dll&apos;" date="2025-11-12T13:35:31.026" /><!-- duration: 16ms -->
          <step title="Copying file: &apos;FluentValidation.AspNetCore.dll&apos;" date="2025-11-12T13:35:31.041" /><!-- duration: 16ms -->
          <step title="Copying file: &apos;FluentValidation.DependencyInjectionExtensions.dll&apos;" date="2025-11-12T13:35:31.057" /><!-- duration: 16ms -->
          <step title="Copying file: &apos;FluentValidation.dll&apos;" date="2025-11-12T13:35:31.072" /><!-- duration: 0ms -->
          <step title="Copying file: &apos;Google.Apis.Auth.dll&apos;" date="2025-11-12T13:35:31.088" /><!-- duration: 0ms -->
          <step title="Copying file: &apos;Google.Apis.Auth.PlatformServices.dll&apos;" date="2025-11-12T13:35:31.104" /><!-- duration: 0ms -->
          <step title="Copying file: &apos;Google.Apis.Core.dll&apos;" date="2025-11-12T13:35:31.135" /><!-- duration: 0ms -->
          <step title="Copying file: &apos;Google.Apis.dll&apos;" date="2025-11-12T13:35:31.151" /><!-- duration: 0ms -->
          <step title="Copying file: &apos;Hangfire.AspNetCore.dll&apos;" date="2025-11-12T13:35:31.151" /><!-- duration: 16ms -->
          <step title="Copying file: &apos;Hangfire.Core.dll&apos;" date="2025-11-12T13:35:31.166" /><!-- duration: 0ms -->
          <step title="Copying file: &apos;Hangfire.SqlServer.dll&apos;" date="2025-11-12T13:35:31.182" /><!-- duration: 0ms -->
          <step title="Copying file: &apos;MailKit.dll&apos;" date="2025-11-12T13:35:31.197" /><!-- duration: 0ms -->
          <step title="Copying file: &apos;MH.Api.deps.json&apos;" date="2025-11-12T13:35:31.213" /><!-- duration: 0ms -->
          <step title="Copying file: &apos;MH.Api.dll&apos;" date="2025-11-12T13:35:31.229" /><!-- duration: 0ms -->
          <step title="Copying file: &apos;MH.Api.exe&apos;" date="2025-11-12T13:35:31.229" /><!-- duration: 16ms -->
          <step title="Copying file: &apos;MH.Api.pdb&apos;" date="2025-11-12T13:35:31.244" /><!-- duration: 0ms -->
          <step title="Copying file: &apos;MH.Api.runtimeconfig.json&apos;" date="2025-11-12T13:35:31.401" /><!-- duration: 0ms -->
          <step title="Copying file: &apos;MH.Api.staticwebassets.endpoints.json&apos;" date="2025-11-12T13:35:31.416" /><!-- duration: 0ms -->
          <step title="Copying file: &apos;MH.Application.deps.json&apos;" date="2025-11-12T13:35:31.416" /><!-- duration: 16ms -->
          <step title="Copying file: &apos;MH.Application.dll&apos;" date="2025-11-12T13:35:31.432" /><!-- duration: 16ms -->
          <step title="Copying file: &apos;MH.Application.pdb&apos;" date="2025-11-12T13:35:31.447" /><!-- duration: 16ms -->
          <step title="Copying file: &apos;MH.Domain.deps.json&apos;" date="2025-11-12T13:35:31.463" /><!-- duration: 0ms -->
          <step title="Copying file: &apos;MH.Domain.dll&apos;" date="2025-11-12T13:35:31.494" /><!-- duration: 0ms -->
          <step title="Copying file: &apos;MH.Domain.pdb&apos;" date="2025-11-12T13:35:31.510" /><!-- duration: 0ms -->
          <step title="Copying file: &apos;MH.Infrastructure.deps.json&apos;" date="2025-11-12T13:35:31.526" /><!-- duration: 0ms -->
          <step title="Copying file: &apos;MH.Infrastructure.dll&apos;" date="2025-11-12T13:35:31.541" /><!-- duration: 0ms -->
          <step title="Copying file: &apos;MH.Infrastructure.pdb&apos;" date="2025-11-12T13:35:31.541" /><!-- duration: 16ms -->
          <step title="Copying file: &apos;MH.Infrastructure.runtimeconfig.json&apos;" date="2025-11-12T13:35:31.557" /><!-- duration: 0ms -->
          <step title="Copying file: &apos;Microsoft.ApplicationInsights.dll&apos;" date="2025-11-12T13:35:31.572" /><!-- duration: 0ms -->
          <step title="Copying file: &apos;Microsoft.AspNetCore.Authentication.Facebook.dll&apos;" date="2025-11-12T13:35:31.588" /><!-- duration: 0ms -->
          <step title="Copying file: &apos;Microsoft.AspNetCore.Authentication.JwtBearer.dll&apos;" date="2025-11-12T13:35:31.604" /><!-- duration: 16ms -->
          <step title="Copying file: &apos;Microsoft.AspNetCore.Cryptography.Internal.dll&apos;" date="2025-11-12T13:35:31.635" /><!-- duration: 0ms -->
          <step title="Copying file: &apos;Microsoft.AspNetCore.Cryptography.KeyDerivation.dll&apos;" date="2025-11-12T13:35:31.635" /><!-- duration: 16ms -->
          <step title="Copying file: &apos;Microsoft.AspNetCore.Http.Features.dll&apos;" date="2025-11-12T13:35:31.651" /><!-- duration: 16ms -->
          <step title="Copying file: &apos;Microsoft.AspNetCore.Identity.EntityFrameworkCore.dll&apos;" date="2025-11-12T13:35:31.666" /><!-- duration: 16ms -->
          <step title="Copying file: &apos;Microsoft.Bcl.AsyncInterfaces.dll&apos;" date="2025-11-12T13:35:31.682" /><!-- duration: 0ms -->
          <step title="Copying file: &apos;Microsoft.Data.SqlClient.dll&apos;" date="2025-11-12T13:35:31.697" /><!-- duration: 0ms -->
          <step title="Copying file: &apos;Microsoft.EntityFrameworkCore.Abstractions.dll&apos;" date="2025-11-12T13:35:31.713" /><!-- duration: 0ms -->
          <step title="Copying file: &apos;Microsoft.EntityFrameworkCore.dll&apos;" date="2025-11-12T13:35:31.729" /><!-- duration: 0ms -->
          <step title="Copying file: &apos;Microsoft.EntityFrameworkCore.Relational.dll&apos;" date="2025-11-12T13:35:31.744" /><!-- duration: 0ms -->
          <step title="Copying file: &apos;Microsoft.EntityFrameworkCore.SqlServer.dll&apos;" date="2025-11-12T13:35:31.744" /><!-- duration: 16ms -->
          <step title="Copying file: &apos;Microsoft.Extensions.Caching.Abstractions.dll&apos;" date="2025-11-12T13:35:31.760" /><!-- duration: 0ms -->
          <step title="Omitting next output lines..." date="2025-11-12T13:35:31.776" /><!-- duration: 0ms -->
          <step title="Finished successfully." date="2025-11-12T13:35:35.588" /><!-- duration: 16ms -->
        </step><!-- duration: 5469ms -->
        <step title="Build completed succesfully." date="2025-11-12T13:35:35.635" /><!-- duration: 16ms -->
        <step title="Running post deployment command(s)..." date="2025-11-12T13:35:35.682" /><!-- duration: 0ms -->
        <step title="Requesting site restart" date="2025-11-12T13:35:35.729" /><!-- duration: 0ms -->
        <step title="Requesting site restart" date="2025-11-12T13:35:35.745" /><!-- duration: 0ms -->
        <step title="Requesting site restart. Attempt #1" date="2025-11-12T13:35:35.792" /><!-- duration: 16ms -->
        <step title="Requesting site restart. Attempt #1" date="2025-11-12T13:35:35.807" /><!-- duration: 0ms -->
        <step title="Successfully requested a restart. Attempt #1" date="2025-11-12T13:35:35.948" /><!-- duration: 0ms -->
        <step title="Successfully requested a restart. Attempt #1" date="2025-11-12T13:35:35.948" /><!-- duration: 16ms -->
        <step title="Deployment successful. DEPLOYMENTINFO: deploymentPath = OneDeploy, deployer = OneDeploy, os = windows, sku = Free, siteName = NgCanduAPI, siteHostName = ngcanduapi.azurewebsites.net, deploymentStatus = Success" date="2025-11-12T13:35:35.995" /><!-- duration: 0ms -->
        <step title="Purge deployment items" date="2025-11-12T13:35:36.088" >
          <step title="Remove 5808e7155, Success, received at 11/12/2025 10:56:04 AM" date="2025-11-12T13:35:36.151" /><!-- duration: 0ms -->
        </step><!-- duration: 78ms -->
      </step><!-- duration: 6407ms -->
    </step><!-- duration: 6610ms -->
    <step title="Cleaning up temp files" date="2025-11-12T13:35:36.198" /><!-- duration: 0ms -->
    <step title="Skip function trigger and logicapp sync because function is not enabled." date="2025-11-12T13:35:36.198" /><!-- duration: 16ms -->
  </step><!-- duration: 7766ms -->
  <step title="LockFile &apos;C:\home\site\locks\deployments.lock&apos; released" date="2025-11-12T13:35:36.229" /><!-- duration: 0ms -->
  <step title="Deleting shutdown sentinel file" date="2025-11-12T13:35:36.245" SemaphoreCount="8" /><!-- duration: 0ms -->
</step><!-- duration: 7860ms -->
