<step title="Incoming Request" date="2025-11-17T10:40:25.266" instance="92ca53" url="/api/publish?type=zip&amp;async=False" method="POST" type="request" pid="14448,2,7" Cache-Control="no-cache" Connection="Keep-Alive" Content-Length="23497044" Content-Type="application/octet-stream" Accept="*/*" Accept-Encoding="gzip, deflate" Authorization="Bas..." Host="ngcanduapi.scm.azurewebsites.net" User-Agent="AZURECLI/2.75.0 (MSI)" x-ms-client-request-id="c40cbf89-c3a1-11f0-ae91-c025a5cfe792" X-ARR-LOG-ID="c40cbf89-c3a1-11f0-ae91-c025a5cfe792" CLIENT-IP="197.234.156.224:64347" X-SITE-DEPLOYMENT-ID="NgCanduAPI" WAS-DEFAULT-HOSTNAME="ngcanduapi.scm.azurewebsites.net" X-Forwarded-Proto="https" X-AppService-Proto="https" X-Forwarded-TlsVersion="1.3" X-WAWS-Unencoded-URL="/api/publish?type=zip&amp;async=False" X-MS-COLDSTART="1" >
  <step title="OneDeploy" date="2025-11-17T10:40:25.813" >
    <step title="Starting PushDeployAsync" date="2025-11-17T10:40:25.828" /><!-- duration: 0ms -->
    <step title="Updating shutdown sentinel last write time" date="2025-11-17T10:40:25.875" SemaphoreCount="7" /><!-- duration: 16ms -->
    <step title="LockFile &apos;C:\home\site\locks\deployments.lock&apos; acquired" date="2025-11-17T10:40:25.891" /><!-- duration: 0ms -->
    <step title="Saving request content to C:\local\Temp\zipdeploy\oqq0bgsi.zip" date="2025-11-17T10:40:25.907" >
      <step title="Total 23,497,044 bytes written to C:\local\Temp\zipdeploy\oqq0bgsi.zip" date="2025-11-17T10:40:28.360" /><!-- duration: 16ms -->
    </step><!-- duration: 2469ms -->
    <step title="LockFile &apos;C:\home\site\locks\deployments.lock&apos; released" date="2025-11-17T10:40:28.391" /><!-- duration: 0ms -->
    <step title="Deleting shutdown sentinel file" date="2025-11-17T10:40:28.391" SemaphoreCount="8" /><!-- duration: 16ms -->
    <step title="Starting FetchDeploy" date="2025-11-17T10:40:28.407" /><!-- duration: 0ms -->
    <step title="Attempting to fetch target branch HEAD" date="2025-11-17T10:40:28.422" /><!-- duration: 0ms -->
    <step title="Updating shutdown sentinel last write time" date="2025-11-17T10:40:28.438" SemaphoreCount="7" /><!-- duration: 0ms -->
    <step title="LockFile &apos;C:\home\site\locks\deployments.lock&apos; acquired" date="2025-11-17T10:40:28.438" /><!-- duration: 16ms -->
    <step title="Performing fetch based deployment" date="2025-11-17T10:40:28.454" >
      <step title="Creating temporary deployment" date="2025-11-17T10:40:28.454" /><!-- duration: 63ms -->
      <step title="Fetching changes." date="2025-11-17T10:40:28.579" /><!-- duration: 16ms -->
      <step title="Starting LocalZipHandler" date="2025-11-17T10:40:28.594" /><!-- duration: 16ms -->
      <step title="Starting LocalZipFetch" date="2025-11-17T10:40:28.610" /><!-- duration: 0ms -->
      <step title="Cleaning up temp folders from previous zip deployments and extracting pushed zip file C:\local\Temp\zipdeploy\oqq0bgsi.zip (22.41 MB) to C:\local\Temp\zipdeploy\extracted" date="2025-11-17T10:40:28.626" /><!-- duration: 0ms -->
      <step title="Cleaning up temp folders from previous zip deployments and extracting pushed zip file C:\local\Temp\zipdeploy\oqq0bgsi.zip (22.41 MB) to C:\local\Temp\zipdeploy\extracted" date="2025-11-17T10:40:28.641" >
        <step title="Extracting 275 entries to C:\local\Temp\zipdeploy\extracted directory" date="2025-11-17T10:40:28.657" >
          <step title="Extracting to C:\local\Temp\zipdeploy\extracted\ca\Hangfire.Core.resources.dll ..." date="2025-11-17T10:40:28.657" /><!-- duration: 16ms -->
          <step title="Extracting to C:\local\Temp\zipdeploy\extracted\de\Hangfire.Core.resources.dll ..." date="2025-11-17T10:40:28.672" /><!-- duration: 16ms -->
          <step title="Extracting to C:\local\Temp\zipdeploy\extracted\es\Hangfire.Core.resources.dll ..." date="2025-11-17T10:40:28.688" /><!-- duration: 16ms -->
          <step title="Extracting to C:\local\Temp\zipdeploy\extracted\fa\Hangfire.Core.resources.dll ..." date="2025-11-17T10:40:28.704" /><!-- duration: 0ms -->
          <step title="Extracting to C:\local\Temp\zipdeploy\extracted\fr\Hangfire.Core.resources.dll ..." date="2025-11-17T10:40:28.719" /><!-- duration: 0ms -->
          <step title="Omitting extracting file traces ..." date="2025-11-17T10:40:28.719" /><!-- duration: 16ms -->
        </step><!-- duration: 938ms -->
      </step><!-- duration: 953ms -->
      <step title="None repository commit" date="2025-11-17T10:40:29.594" >
        <step title="Commit id: e276254d58a447e0b77e03946b3affad" date="2025-11-17T10:40:29.610" Message="OneDeploy" AuthorName="N/A" AuthorEmail="N/A" /><!-- duration: 0ms -->
      </step><!-- duration: 16ms -->
      <step title="Before sending BuildRequestReceived status to /api/updatedeploystatus" date="2025-11-17T10:40:29.610" /><!-- duration: 16ms -->
      <step title="DeploymentManager.Deploy(id:e276254d58a447e0b77e03946b3affad)" date="2025-11-17T10:40:29.626" >
        <step title="Collecting changeset information" date="2025-11-17T10:40:29.641" /><!-- duration: 31ms -->
        <step title="Updating submodules" date="2025-11-17T10:40:29.672" >
          <step title="Updating submodules." date="2025-11-17T10:40:29.719" /><!-- duration: 0ms -->
        </step><!-- duration: 63ms -->
        <step title="Preparing deployment for commit id &apos;e276254d58&apos;." date="2025-11-17T10:40:29.766" /><!-- duration: 16ms -->
        <step title="Determining deployment builder" date="2025-11-17T10:40:29.813" >
          <step title="Builder is OneDeployBuilder" date="2025-11-17T10:40:29.829" /><!-- duration: 0ms -->
        </step><!-- duration: 16ms -->
        <step title="Copying SSH keys" date="2025-11-17T10:40:29.860" /><!-- duration: 0ms -->
        <step title="Building" date="2025-11-17T10:40:29.860" >
          <step title="Running build. Project type: OneDeploy" date="2025-11-17T10:40:29.922" /><!-- duration: 0ms -->
          <step title="Copying the manifest" date="2025-11-17T10:40:29.969" /><!-- duration: 0ms -->
          <step title="Clean deploying to C:\home\site\wwwroot" date="2025-11-17T10:40:30.016" /><!-- duration: 16ms -->
          <step title="Generating deployment script." date="2025-11-17T10:40:30.079" /><!-- duration: 0ms -->
          <step title="Generating deployment script" date="2025-11-17T10:40:30.094" >
            <step title="Using cached version of the deployment script for command: -y --no-dot-deployment -r &quot;C:\local\Temp\zipdeploy\extracted&quot; -o &quot;C:\home\site\deployments\tools&quot; --basic --sitePath &quot;C:\local\Temp\zipdeploy\extracted&quot;" date="2025-11-17T10:40:30.126" /><!-- duration: 16ms -->
            <step title="Using cached version of deployment script (command: &apos;azure -y --no-dot-deployment -r &quot;C:\local\Temp\zipdeploy\extracted&quot; -o &quot;C:\home\site\deployments\tools&quot; --basic --sitePath &quot;C:\local\Temp\zipdeploy\extracted&quot;&apos;)." date="2025-11-17T10:40:30.157" /><!-- duration: 0ms -->
          </step><!-- duration: 78ms -->
          <step title="Running deployment command..." date="2025-11-17T10:40:30.219" /><!-- duration: 0ms -->
          <step title="Command: &quot;C:\home\site\deployments\tools\deploy.cmd&quot;" date="2025-11-17T10:40:30.235" /><!-- duration: 0ms -->
          <step title="Executing external process" date="2025-11-17T10:40:30.251" type="process" path="starter.cmd" arguments="&quot;C:\home\site\deployments\tools\deploy.cmd&quot;" >
            <step title="Handling Basic Web Site deployment." date="2025-11-17T10:40:30.376" /><!-- duration: 16ms -->
            <step title="Creating app_offline.htm" date="2025-11-17T10:40:30.813" /><!-- duration: 16ms -->
            <step title="KuduSync.NET from: &apos;C:\local\Temp\zipdeploy\extracted&apos; to: &apos;C:\home\site\wwwroot&apos;" date="2025-11-17T10:40:30.829" /><!-- duration: 16ms -->
            <step title="Copying file: &apos;MH.Api.dll&apos;" date="2025-11-17T10:40:30.860" /><!-- duration: 0ms -->
            <step title="Copying file: &apos;MH.Api.exe&apos;" date="2025-11-17T10:40:30.907" /><!-- duration: 0ms -->
            <step title="Copying file: &apos;MH.Api.pdb&apos;" date="2025-11-17T10:40:30.938" /><!-- duration: 16ms -->
            <step title="Copying file: &apos;MH.Api.runtimeconfig.json&apos;" date="2025-11-17T10:40:30.954" /><!-- duration: 16ms -->
            <step title="Copying file: &apos;MH.Application.dll&apos;" date="2025-11-17T10:40:30.985" /><!-- duration: 0ms -->
            <step title="Copying file: &apos;MH.Application.pdb&apos;" date="2025-11-17T10:40:31.001" /><!-- duration: 0ms -->
            <step title="Copying file: &apos;MH.Domain.dll&apos;" date="2025-11-17T10:40:31.016" /><!-- duration: 0ms -->
            <step title="Copying file: &apos;MH.Domain.pdb&apos;" date="2025-11-17T10:40:31.032" /><!-- duration: 0ms -->
            <step title="Copying file: &apos;MH.Infrastructure.dll&apos;" date="2025-11-17T10:40:31.063" /><!-- duration: 0ms -->
            <step title="Copying file: &apos;MH.Infrastructure.pdb&apos;" date="2025-11-17T10:40:31.079" /><!-- duration: 0ms -->
            <step title="Copying file: &apos;publish\MH.Api.runtimeconfig.json&apos;" date="2025-11-17T10:40:31.094" /><!-- duration: 0ms -->
            <step title="Copying file: &apos;publish\publish\publish\MH.Api.runtimeconfig.json&apos;" date="2025-11-17T10:40:31.110" /><!-- duration: 0ms -->
            <step title="Copying file: &apos;publish\publish\publish\publish\publish\publish\MH.Api.runtimeconfig.json&apos;" date="2025-11-17T10:40:31.126" /><!-- duration: 0ms -->
            <step title="Copying file: &apos;publish\publish\publish\publish\publish\publish\publish\publish\publish\appsettings.Development.json&apos;" date="2025-11-17T10:40:31.141" /><!-- duration: 0ms -->
            <step title="Copying file: &apos;publish\publish\publish\publish\publish\publish\publish\publish\publish\appsettings.json&apos;" date="2025-11-17T10:40:31.157" /><!-- duration: 0ms -->
            <step title="Copying file: &apos;publish\publish\publish\publish\publish\publish\publish\publish\publish\MH.Api.deps.json&apos;" date="2025-11-17T10:40:31.172" /><!-- duration: 16ms -->
            <step title="Copying file: &apos;publish\publish\publish\publish\publish\publish\publish\publish\publish\MH.Api.runtimeconfig.json&apos;" date="2025-11-17T10:40:33.454" /><!-- duration: 16ms -->
            <step title="Copying file: &apos;publish\publish\publish\publish\publish\publish\publish\publish\publish\MH.Api.staticwebassets.endpoints.json&apos;" date="2025-11-17T10:40:33.486" /><!-- duration: 0ms -->
            <step title="Copying file: &apos;publish\publish\publish\publish\publish\publish\publish\publish\publish\web.config&apos;" date="2025-11-17T10:40:33.501" /><!-- duration: 0ms -->
            <step title="Deleting app_offline.htm" date="2025-11-17T10:40:33.517" /><!-- duration: 0ms -->
            <step title="Finished successfully." date="2025-11-17T10:40:33.532" /><!-- duration: 0ms -->
          </step><!-- duration: 3298ms -->
          <step title="Build completed succesfully." date="2025-11-17T10:40:33.595" /><!-- duration: 16ms -->
          <step title="Running post deployment command(s)..." date="2025-11-17T10:40:33.673" /><!-- duration: 0ms -->
          <step title="Requesting site restart" date="2025-11-17T10:40:33.720" /><!-- duration: 16ms -->
          <step title="Requesting site restart" date="2025-11-17T10:40:33.736" /><!-- duration: 0ms -->
          <step title="Requesting site restart. Attempt #1" date="2025-11-17T10:40:33.782" /><!-- duration: 0ms -->
          <step title="Requesting site restart. Attempt #1" date="2025-11-17T10:40:33.798" /><!-- duration: 0ms -->
          <step title="Successfully requested a restart. Attempt #1" date="2025-11-17T10:40:34.126" /><!-- duration: 0ms -->
          <step title="Successfully requested a restart. Attempt #1" date="2025-11-17T10:40:34.142" /><!-- duration: 0ms -->
          <step title="Deployment successful. DEPLOYMENTINFO: deploymentPath = OneDeploy, deployer = OneDeploy, os = windows, sku = Free, siteName = NgCanduAPI, siteHostName = ngcanduapi.azurewebsites.net, deploymentStatus = Success" date="2025-11-17T10:40:34.189" /><!-- duration: 0ms -->
          <step title="Purge deployment items" date="2025-11-17T10:40:34.345" >
            <step title="Remove 5b2e765a1, Success, received at 11/14/2025 9:23:35 AM" date="2025-11-17T10:40:34.408" /><!-- duration: 0ms -->
          </step><!-- duration: 63ms -->
        </step><!-- duration: 4579ms -->
      </step><!-- duration: 4814ms -->
      <step title="Cleaning up temp files" date="2025-11-17T10:40:34.439" /><!-- duration: 16ms -->
      <step title="Skip function trigger and logicapp sync because function is not enabled." date="2025-11-17T10:40:34.455" /><!-- duration: 16ms -->
    </step><!-- duration: 6048ms -->
    <step title="LockFile &apos;C:\home\site\locks\deployments.lock&apos; released" date="2025-11-17T10:40:34.517" /><!-- duration: 0ms -->
    <step title="Deleting shutdown sentinel file" date="2025-11-17T10:40:34.533" SemaphoreCount="8" /><!-- duration: 0ms -->
  </step><!-- duration: 8736ms -->
  <step title="Outgoing response" date="2025-11-17T10:40:34.580" type="response" statusCode="200" statusText="OK" Server="Microsoft-IIS/10.0" x-ms-request-id="c40cbf89-c3a1-11f0-ae91-c025a5cfe792" Cache-Control="private" X-AspNet-Version="4.0.30319" /><!-- duration: 0ms -->
</step><!-- duration: 9314ms -->
