<step title="Incoming Request" date="2025-11-12T12:27:12.163" instance="22a7da" url="/api/publish?async=true&amp;deployer=GITHUB_ONE_DEPLOY&amp;type=zip&amp;message=%7B%22type%22%3A%22deployment%22%2C%22sha%22%3A%2292f0aaf2312f83087b65260e2e6caa21a9a26d79%22%2C%22repoName%22%3A%22daedalusdigital-za%2FNCD-API%22%2C%22actor%22%3A%22daedalusdigital-za%22%2C%22slotName%22%3A%22Production%22%2C%22commitMessage%22%3A%22fix%3A%20Simplify%20TrainerConfiguration%20to%20minimal%20mapping%22%7D" method="POST" type="request" pid="2676,2,36" Transfer-Encoding="chunked" Content-Type="application/octet-stream" Authorization="Bas..." Cookie="ARRAffinity=22a7daa836b64a8ce56c907737553d08297ff2e76cd06a1f52c29956b9a85c17;Path=/;HttpOnly;Secure;Domain=ngcanduapi.scm.azurewebsites.net; ARRAffinitySameSite=22a7daa836b64a8ce56c907737553d08297ff2e76cd06a1f52c29956b9a85c17;Path=/;HttpOnly;SameSite=None;Secure;Domain=ngcanduapi.scm.azurewebsites.net" Host="ngcanduapi.scm.azurewebsites.net" User-Agent="GITHUBACTIONS_DeployWebAppToAzure_911ad8e07dd1095a617b283f0e1b400847f2d2bffc6e1de6b85a1cbb3aaec3dc" X-ARR-LOG-ID="06d5ad16-a1ba-4cb1-a316-135c094e46f6" CLIENT-IP="64.236.141.177:20488" X-SITE-DEPLOYMENT-ID="NgCanduAPI" WAS-DEFAULT-HOSTNAME="ngcanduapi.scm.azurewebsites.net" X-Forwarded-Proto="https" X-AppService-Proto="https" X-Forwarded-TlsVersion="1.3" X-WAWS-Unencoded-URL="/api/publish?async=true&amp;deployer=GITHUB_ONE_DEPLOY&amp;type=zip&amp;message=%7B%22type%22%3A%22deployment%22%2C%22sha%22%3A%2292f0aaf2312f83087b65260e2e6caa21a9a26d79%22%2C%22repoName%22%3A%22daedalusdigital-za%2FNCD-API%22%2C%22actor%22%3A%22daedalusdigital-za%22%2C%22slotName%22%3A%22Production%22%2C%22commitMessage%22%3A%22fix%3A%20Simplify%20TrainerConfiguration%20to%20minimal%20mapping%22%7D" >
  <step title="OneDeploy" date="2025-11-12T12:27:12.178" >
    <step title="Starting PushDeployAsync" date="2025-11-12T12:27:12.178" /><!-- duration: 16ms -->
    <step title="Updating shutdown sentinel last write time" date="2025-11-12T12:27:12.194" SemaphoreCount="7" /><!-- duration: 16ms -->
    <step title="LockFile &apos;C:\home\site\locks\deployments.lock&apos; acquired" date="2025-11-12T12:27:12.209" /><!-- duration: 0ms -->
    <step title="Saving request content to C:\local\Temp\zipdeploy\bhw3tk5e.zip" date="2025-11-12T12:27:12.225" >
      <step title="Total 26,464,705 bytes written to C:\local\Temp\zipdeploy\bhw3tk5e.zip" date="2025-11-12T12:27:12.557" /><!-- duration: 0ms -->
    </step><!-- duration: 347ms -->
    <step title="LockFile &apos;C:\home\site\locks\deployments.lock&apos; released" date="2025-11-12T12:27:12.572" /><!-- duration: 0ms -->
    <step title="Deleting shutdown sentinel file" date="2025-11-12T12:27:12.588" SemaphoreCount="8" /><!-- duration: 0ms -->
    <step title="Starting FetchDeploy" date="2025-11-12T12:27:12.588" /><!-- duration: 16ms -->
    <step title="Start deployment in the background" date="2025-11-12T12:27:12.604" /><!-- duration: 78ms -->
  </step><!-- duration: 519ms -->
  <step title="Outgoing response" date="2025-11-12T12:27:12.697" type="response" statusCode="202" statusText="Accepted" Server="Microsoft-IIS/10.0" x-ms-request-id="06d5ad16-a1ba-4cb1-a316-135c094e46f6" Retry-After="30" Cache-Control="private" X-AspNet-Version="4.0.30319" Location="https://ngcanduapi.scm.azurewebsites.net/api/deployments/latest?deployer=OneDeploy&amp;time=2025-11-12_12-27-12Z" /><!-- duration: 0ms -->
</step><!-- duration: 550ms -->
