<step title="Incoming Request" date="2025-11-18T06:48:44.646" instance="92ca53" url="/api/publish?type=zip" method="POST" type="request" pid="11032,2,8" Cache-Control="no-cache" Content-Length="23395805" Content-Type="application/octet-stream" Accept="*/*" Accept-Encoding="gzip, deflate" Authorization="Bas..." Host="ngcanduapi.scm.azurewebsites.net" User-Agent="AZURECLI/2.75.0 (MSI)" x-ms-client-request-id="9a41a1bf-c44a-11f0-a8e1-c025a5cfe792" X-ARR-LOG-ID="9a41a1bf-c44a-11f0-a8e1-c025a5cfe792" CLIENT-IP="197.234.156.224:54238" X-SITE-DEPLOYMENT-ID="NgCanduAPI" WAS-DEFAULT-HOSTNAME="ngcanduapi.scm.azurewebsites.net" X-Forwarded-Proto="https" X-AppService-Proto="https" X-Forwarded-TlsVersion="1.3" X-WAWS-Unencoded-URL="/api/publish?type=zip" >
  <step title="OneDeploy" date="2025-11-18T06:48:44.896" >
    <step title="Starting PushDeployAsync" date="2025-11-18T06:48:44.927" /><!-- duration: 0ms -->
    <step title="Updating shutdown sentinel last write time" date="2025-11-18T06:48:44.974" SemaphoreCount="7" /><!-- duration: 16ms -->
    <step title="LockFile &apos;C:\home\site\locks\deployments.lock&apos; acquired" date="2025-11-18T06:48:44.990" /><!-- duration: 0ms -->
    <step title="Saving request content to C:\local\Temp\zipdeploy\xljoiilw.zip" date="2025-11-18T06:48:45.005" >
      <step title="Total 23,395,805 bytes written to C:\local\Temp\zipdeploy\xljoiilw.zip" date="2025-11-18T06:48:46.755" /><!-- duration: 16ms -->
    </step><!-- duration: 1766ms -->
    <step title="LockFile &apos;C:\home\site\locks\deployments.lock&apos; released" date="2025-11-18T06:48:46.787" /><!-- duration: 0ms -->
    <step title="Deleting shutdown sentinel file" date="2025-11-18T06:48:46.802" SemaphoreCount="8" /><!-- duration: 0ms -->
    <step title="Starting FetchDeploy" date="2025-11-18T06:48:46.802" /><!-- duration: 16ms -->
    <step title="Attempting to fetch target branch HEAD" date="2025-11-18T06:48:46.818" /><!-- duration: 0ms -->
    <step title="Updating shutdown sentinel last write time" date="2025-11-18T06:48:46.833" SemaphoreCount="7" /><!-- duration: 0ms -->
    <step title="LockFile &apos;C:\home\site\locks\deployments.lock&apos; acquired" date="2025-11-18T06:48:46.849" /><!-- duration: 0ms -->
    <step title="Performing fetch based deployment" date="2025-11-18T06:48:46.865" >
      <step title="Creating temporary deployment" date="2025-11-18T06:48:46.865" /><!-- duration: 47ms -->
      <step title="Fetching changes." date="2025-11-18T06:48:46.990" /><!-- duration: 0ms -->
      <step title="Starting LocalZipHandler" date="2025-11-18T06:48:47.005" /><!-- duration: 16ms -->
      <step title="Starting LocalZipFetch" date="2025-11-18T06:48:47.021" /><!-- duration: 0ms -->
      <step title="Cleaning up temp folders from previous zip deployments and extracting pushed zip file C:\local\Temp\zipdeploy\xljoiilw.zip (22.31 MB) to C:\local\Temp\zipdeploy\extracted" date="2025-11-18T06:48:47.037" /><!-- duration: 0ms -->
      <step title="Cleaning up temp folders from previous zip deployments and extracting pushed zip file C:\local\Temp\zipdeploy\xljoiilw.zip (22.31 MB) to C:\local\Temp\zipdeploy\extracted" date="2025-11-18T06:48:47.052" >
        <step title="Renaming extractTargetDirectory(C:\local\Temp\zipdeploy\extracted) to tempDirectory(C:\local\Temp\zipdeploy\gxaurphe.s4g)" date="2025-11-18T06:48:47.052" /><!-- duration: 16ms -->
        <step title="Extracting 251 entries to C:\local\Temp\zipdeploy\extracted directory" date="2025-11-18T06:48:47.083" >
          <step title="Extracting to C:\local\Temp\zipdeploy\extracted\ca\Hangfire.Core.resources.dll ..." date="2025-11-18T06:48:47.083" /><!-- duration: 16ms -->
          <step title="Extracting to C:\local\Temp\zipdeploy\extracted\de\Hangfire.Core.resources.dll ..." date="2025-11-18T06:48:47.099" /><!-- duration: 16ms -->
          <step title="Extracting to C:\local\Temp\zipdeploy\extracted\es\Hangfire.Core.resources.dll ..." date="2025-11-18T06:48:47.115" /><!-- duration: 16ms -->
          <step title="Extracting to C:\local\Temp\zipdeploy\extracted\fa\Hangfire.Core.resources.dll ..." date="2025-11-18T06:48:47.146" /><!-- duration: 0ms -->
          <step title="Extracting to C:\local\Temp\zipdeploy\extracted\fr\Hangfire.Core.resources.dll ..." date="2025-11-18T06:48:47.146" /><!-- duration: 16ms -->
          <step title="Omitting extracting file traces ..." date="2025-11-18T06:48:47.162" /><!-- duration: 0ms -->
        </step><!-- duration: 938ms -->
      </step><!-- duration: 969ms -->
      <step title="None repository commit" date="2025-11-18T06:48:48.037" >
        <step title="Commit id: 7e3882d2223a4d88b7e9e1d13b37ff76" date="2025-11-18T06:48:48.037" Message="OneDeploy" AuthorName="N/A" AuthorEmail="N/A" /><!-- duration: 63ms -->
      </step><!-- duration: 63ms -->
      <step title="Before sending BuildRequestReceived status to /api/updatedeploystatus" date="2025-11-18T06:48:48.099" /><!-- duration: 0ms -->
      <step title="DeploymentManager.Deploy(id:7e3882d2223a4d88b7e9e1d13b37ff76)" date="2025-11-18T06:48:48.115" >
        <step title="Collecting changeset information" date="2025-11-18T06:48:48.130" /><!-- duration: 31ms -->
        <step title="Updating submodules" date="2025-11-18T06:48:48.177" >
          <step title="Updating submodules." date="2025-11-18T06:48:48.224" /><!-- duration: 0ms -->
        </step><!-- duration: 62ms -->
        <step title="Preparing deployment for commit id &apos;7e3882d222&apos;." date="2025-11-18T06:48:48.287" /><!-- duration: 0ms -->
        <step title="Determining deployment builder" date="2025-11-18T06:48:48.333" >
          <step title="Builder is OneDeployBuilder" date="2025-11-18T06:48:48.333" /><!-- duration: 16ms -->
        </step><!-- duration: 16ms -->
        <step title="Copying SSH keys" date="2025-11-18T06:48:48.365" /><!-- duration: 16ms -->
        <step title="Building" date="2025-11-18T06:48:48.380" >
          <step title="Running build. Project type: OneDeploy" date="2025-11-18T06:48:48.443" /><!-- duration: 0ms -->
          <step title="Copying the manifest" date="2025-11-18T06:48:48.490" /><!-- duration: 0ms -->
          <step title="Clean deploying to C:\home\site\wwwroot" date="2025-11-18T06:48:48.568" /><!-- duration: 16ms -->
          <step title="Generating deployment script." date="2025-11-18T06:48:48.630" /><!-- duration: 0ms -->
          <step title="Generating deployment script" date="2025-11-18T06:48:48.646" >
            <step title="Using cached version of the deployment script for command: -y --no-dot-deployment -r &quot;C:\local\Temp\zipdeploy\extracted&quot; -o &quot;C:\home\site\deployments\tools&quot; --basic --sitePath &quot;C:\local\Temp\zipdeploy\extracted&quot;" date="2025-11-18T06:48:48.708" /><!-- duration: 0ms -->
            <step title="Using cached version of deployment script (command: &apos;azure -y --no-dot-deployment -r &quot;C:\local\Temp\zipdeploy\extracted&quot; -o &quot;C:\home\site\deployments\tools&quot; --basic --sitePath &quot;C:\local\Temp\zipdeploy\extracted&quot;&apos;)." date="2025-11-18T06:48:48.724" /><!-- duration: 16ms -->
          </step><!-- duration: 109ms -->
          <step title="Running deployment command..." date="2025-11-18T06:48:48.802" /><!-- duration: 0ms -->
          <step title="Command: &quot;C:\home\site\deployments\tools\deploy.cmd&quot;" date="2025-11-18T06:48:48.818" /><!-- duration: 0ms -->
          <step title="Executing external process" date="2025-11-18T06:48:48.833" type="process" path="starter.cmd" arguments="&quot;C:\home\site\deployments\tools\deploy.cmd&quot;" >
            <step title="Handling Basic Web Site deployment." date="2025-11-18T06:48:48.974" /><!-- duration: 0ms -->
            <step title="Creating app_offline.htm" date="2025-11-18T06:48:51.287" /><!-- duration: 0ms -->
            <step title="KuduSync.NET from: &apos;C:\local\Temp\zipdeploy\extracted&apos; to: &apos;C:\home\site\wwwroot&apos;" date="2025-11-18T06:48:51.302" /><!-- duration: 0ms -->
            <step title="Copying file: &apos;MH.Api.dll&apos;" date="2025-11-18T06:48:51.318" /><!-- duration: 16ms -->
            <step title="Copying file: &apos;MH.Api.exe&apos;" date="2025-11-18T06:48:51.349" /><!-- duration: 0ms -->
            <step title="Copying file: &apos;MH.Api.pdb&apos;" date="2025-11-18T06:48:51.365" /><!-- duration: 0ms -->
            <step title="Copying file: &apos;MH.Application.dll&apos;" date="2025-11-18T06:48:51.396" /><!-- duration: 0ms -->
            <step title="Copying file: &apos;MH.Application.pdb&apos;" date="2025-11-18T06:48:51.412" /><!-- duration: 0ms -->
            <step title="Copying file: &apos;MH.Domain.dll&apos;" date="2025-11-18T06:48:51.427" /><!-- duration: 16ms -->
            <step title="Copying file: &apos;MH.Domain.pdb&apos;" date="2025-11-18T06:48:51.443" /><!-- duration: 16ms -->
            <step title="Copying file: &apos;MH.Infrastructure.dll&apos;" date="2025-11-18T06:48:51.474" /><!-- duration: 0ms -->
            <step title="Copying file: &apos;MH.Infrastructure.pdb&apos;" date="2025-11-18T06:48:51.490" /><!-- duration: 0ms -->
            <step title="Copying file: &apos;publish\publish\MH.Api.deps.json&apos;" date="2025-11-18T06:48:51.521" /><!-- duration: 0ms -->
            <step title="Copying file: &apos;publish\publish\publish\publish\publish\appsettings.Development.json&apos;" date="2025-11-18T06:48:51.537" /><!-- duration: 0ms -->
            <step title="Copying file: &apos;publish\publish\publish\publish\publish\appsettings.json&apos;" date="2025-11-18T06:48:51.552" /><!-- duration: 0ms -->
            <step title="Copying file: &apos;publish\publish\publish\publish\publish\MH.Api.deps.json&apos;" date="2025-11-18T06:48:51.568" /><!-- duration: 16ms -->
            <step title="Copying file: &apos;publish\publish\publish\publish\publish\MH.Api.runtimeconfig.json&apos;" date="2025-11-18T06:48:51.599" /><!-- duration: 0ms -->
            <step title="Copying file: &apos;publish\publish\publish\publish\publish\MH.Api.staticwebassets.endpoints.json&apos;" date="2025-11-18T06:48:51.615" /><!-- duration: 0ms -->
            <step title="Copying file: &apos;publish\publish\publish\publish\publish\web.config&apos;" date="2025-11-18T06:48:51.630" /><!-- duration: 0ms -->
            <step title="Deleting app_offline.htm" date="2025-11-18T06:48:51.646" /><!-- duration: 16ms -->
            <step title="Finished successfully." date="2025-11-18T06:48:51.662" /><!-- duration: 16ms -->
          </step><!-- duration: 2844ms -->
          <step title="Build completed succesfully." date="2025-11-18T06:48:51.724" /><!-- duration: 0ms -->
          <step title="Running post deployment command(s)..." date="2025-11-18T06:48:51.787" /><!-- duration: 0ms -->
          <step title="Requesting site restart" date="2025-11-18T06:48:51.834" /><!-- duration: 16ms -->
          <step title="Requesting site restart" date="2025-11-18T06:48:51.850" /><!-- duration: 16ms -->
          <step title="Requesting site restart. Attempt #1" date="2025-11-18T06:48:51.912" /><!-- duration: 0ms -->
          <step title="Requesting site restart. Attempt #1" date="2025-11-18T06:48:51.912" /><!-- duration: 16ms -->
          <step title="Successfully requested a restart. Attempt #1" date="2025-11-18T06:48:52.271" /><!-- duration: 16ms -->
          <step title="Successfully requested a restart. Attempt #1" date="2025-11-18T06:48:52.287" /><!-- duration: 16ms -->
          <step title="Deployment successful. DEPLOYMENTINFO: deploymentPath = OneDeploy, deployer = OneDeploy, os = windows, sku = Free, siteName = NgCanduAPI, siteHostName = ngcanduapi.azurewebsites.net, deploymentStatus = Success" date="2025-11-18T06:48:52.334" /><!-- duration: 16ms -->
          <step title="Purge deployment items" date="2025-11-18T06:48:52.521" >
            <step title="Remove 22ff018b7, Success, received at 11/17/2025 12:54:55 PM" date="2025-11-18T06:48:52.584" /><!-- duration: 0ms -->
          </step><!-- duration: 63ms -->
        </step><!-- duration: 4235ms -->
      </step><!-- duration: 4501ms -->
      <step title="Cleaning up temp files" date="2025-11-18T06:48:52.631" /><!-- duration: 0ms -->
      <step title="Skip function trigger and logicapp sync because function is not enabled." date="2025-11-18T06:48:52.647" /><!-- duration: 0ms -->
    </step><!-- duration: 5829ms -->
    <step title="LockFile &apos;C:\home\site\locks\deployments.lock&apos; released" date="2025-11-18T06:48:52.693" /><!-- duration: 0ms -->
    <step title="Deleting shutdown sentinel file" date="2025-11-18T06:48:52.710" SemaphoreCount="8" /><!-- duration: 0ms -->
  </step><!-- duration: 7814ms -->
  <step title="Outgoing response" date="2025-11-18T06:48:52.756" type="response" statusCode="200" statusText="OK" Server="Microsoft-IIS/10.0" x-ms-request-id="9a41a1bf-c44a-11f0-a8e1-c025a5cfe792" Cache-Control="private" X-AspNet-Version="4.0.30319" /><!-- duration: 0ms -->
</step><!-- duration: 8126ms -->
