<step title="Incoming Request" date="2025-11-17T10:06:11.810" instance="92ca53" url="/api/publish?type=zip&amp;async=False" method="POST" type="request" pid="14240,2,7" Cache-Control="no-cache" Connection="Keep-Alive" Content-Length="23413105" Content-Type="application/octet-stream" Accept="*/*" Accept-Encoding="gzip, deflate" Authorization="Bas..." Host="ngcanduapi.scm.azurewebsites.net" User-Agent="AZURECLI/2.75.0 (MSI)" x-ms-client-request-id="026dcca9-c39d-11f0-aaa2-c025a5cfe792" X-ARR-LOG-ID="026dcca9-c39d-11f0-aaa2-c025a5cfe792" CLIENT-IP="197.234.156.224:57666" X-SITE-DEPLOYMENT-ID="NgCanduAPI" WAS-DEFAULT-HOSTNAME="ngcanduapi.scm.azurewebsites.net" X-Forwarded-Proto="https" X-AppService-Proto="https" X-Forwarded-TlsVersion="1.3" X-WAWS-Unencoded-URL="/api/publish?type=zip&amp;async=False" X-MS-COLDSTART="1" >
  <step title="OneDeploy" date="2025-11-17T10:06:12.325" >
    <step title="Starting PushDeployAsync" date="2025-11-17T10:06:12.341" /><!-- duration: 16ms -->
    <step title="Updating shutdown sentinel last write time" date="2025-11-17T10:06:12.403" SemaphoreCount="7" /><!-- duration: 16ms -->
    <step title="LockFile &apos;C:\home\site\locks\deployments.lock&apos; acquired" date="2025-11-17T10:06:12.419" /><!-- duration: 16ms -->
    <step title="Saving request content to C:\local\Temp\zipdeploy\xtbg2aqy.zip" date="2025-11-17T10:06:12.435" >
      <step title="Total 23,413,105 bytes written to C:\local\Temp\zipdeploy\xtbg2aqy.zip" date="2025-11-17T10:06:15.734" /><!-- duration: 16ms -->
    </step><!-- duration: 3315ms -->
    <step title="LockFile &apos;C:\home\site\locks\deployments.lock&apos; released" date="2025-11-17T10:06:15.765" /><!-- duration: 0ms -->
    <step title="Deleting shutdown sentinel file" date="2025-11-17T10:06:15.765" SemaphoreCount="8" /><!-- duration: 16ms -->
    <step title="Starting FetchDeploy" date="2025-11-17T10:06:15.781" /><!-- duration: 0ms -->
    <step title="Attempting to fetch target branch HEAD" date="2025-11-17T10:06:15.797" /><!-- duration: 0ms -->
    <step title="Updating shutdown sentinel last write time" date="2025-11-17T10:06:15.812" SemaphoreCount="7" /><!-- duration: 0ms -->
    <step title="LockFile &apos;C:\home\site\locks\deployments.lock&apos; acquired" date="2025-11-17T10:06:15.812" /><!-- duration: 0ms -->
    <step title="Performing fetch based deployment" date="2025-11-17T10:06:15.828" >
      <step title="Creating temporary deployment" date="2025-11-17T10:06:15.828" /><!-- duration: 47ms -->
      <step title="Fetching changes." date="2025-11-17T10:06:15.937" /><!-- duration: 0ms -->
      <step title="Starting LocalZipHandler" date="2025-11-17T10:06:15.953" /><!-- duration: 0ms -->
      <step title="Starting LocalZipFetch" date="2025-11-17T10:06:15.969" /><!-- duration: 0ms -->
      <step title="Cleaning up temp folders from previous zip deployments and extracting pushed zip file C:\local\Temp\zipdeploy\xtbg2aqy.zip (22.33 MB) to C:\local\Temp\zipdeploy\extracted" date="2025-11-17T10:06:15.984" /><!-- duration: 0ms -->
      <step title="Cleaning up temp folders from previous zip deployments and extracting pushed zip file C:\local\Temp\zipdeploy\xtbg2aqy.zip (22.33 MB) to C:\local\Temp\zipdeploy\extracted" date="2025-11-17T10:06:16.000" >
        <step title="Extracting 257 entries to C:\local\Temp\zipdeploy\extracted directory" date="2025-11-17T10:06:16.015" >
          <step title="Extracting to C:\local\Temp\zipdeploy\extracted\ca\Hangfire.Core.resources.dll ..." date="2025-11-17T10:06:16.015" /><!-- duration: 16ms -->
          <step title="Extracting to C:\local\Temp\zipdeploy\extracted\de\Hangfire.Core.resources.dll ..." date="2025-11-17T10:06:16.031" /><!-- duration: 16ms -->
          <step title="Extracting to C:\local\Temp\zipdeploy\extracted\es\Hangfire.Core.resources.dll ..." date="2025-11-17T10:06:16.047" /><!-- duration: 16ms -->
          <step title="Extracting to C:\local\Temp\zipdeploy\extracted\fa\Hangfire.Core.resources.dll ..." date="2025-11-17T10:06:16.062" /><!-- duration: 0ms -->
          <step title="Extracting to C:\local\Temp\zipdeploy\extracted\fr\Hangfire.Core.resources.dll ..." date="2025-11-17T10:06:16.078" /><!-- duration: 0ms -->
          <step title="Omitting extracting file traces ..." date="2025-11-17T10:06:16.078" /><!-- duration: 16ms -->
        </step><!-- duration: 922ms -->
      </step><!-- duration: 938ms -->
      <step title="None repository commit" date="2025-11-17T10:06:16.953" >
        <step title="Commit id: e793ed6a77034cf985793e40ac53e7a7" date="2025-11-17T10:06:16.953" Message="OneDeploy" AuthorName="N/A" AuthorEmail="N/A" /><!-- duration: 0ms -->
      </step><!-- duration: 16ms -->
      <step title="Before sending BuildRequestReceived status to /api/updatedeploystatus" date="2025-11-17T10:06:16.969" /><!-- duration: 0ms -->
      <step title="DeploymentManager.Deploy(id:e793ed6a77034cf985793e40ac53e7a7)" date="2025-11-17T10:06:16.984" >
        <step title="Collecting changeset information" date="2025-11-17T10:06:16.984" /><!-- duration: 31ms -->
        <step title="Updating submodules" date="2025-11-17T10:06:17.047" >
          <step title="Updating submodules." date="2025-11-17T10:06:17.078" /><!-- duration: 16ms -->
        </step><!-- duration: 47ms -->
        <step title="Preparing deployment for commit id &apos;e793ed6a77&apos;." date="2025-11-17T10:06:17.140" /><!-- duration: 0ms -->
        <step title="Determining deployment builder" date="2025-11-17T10:06:17.187" >
          <step title="Builder is OneDeployBuilder" date="2025-11-17T10:06:17.187" /><!-- duration: 16ms -->
        </step><!-- duration: 16ms -->
        <step title="Copying SSH keys" date="2025-11-17T10:06:17.219" /><!-- duration: 16ms -->
        <step title="Building" date="2025-11-17T10:06:17.234" >
          <step title="Running build. Project type: OneDeploy" date="2025-11-17T10:06:17.265" /><!-- duration: 16ms -->
          <step title="Copying the manifest" date="2025-11-17T10:06:17.328" /><!-- duration: 0ms -->
          <step title="Clean deploying to C:\home\site\wwwroot" date="2025-11-17T10:06:17.390" /><!-- duration: 16ms -->
          <step title="Generating deployment script." date="2025-11-17T10:06:17.437" /><!-- duration: 16ms -->
          <step title="Generating deployment script" date="2025-11-17T10:06:17.453" >
            <step title="Using cached version of the deployment script for command: -y --no-dot-deployment -r &quot;C:\local\Temp\zipdeploy\extracted&quot; -o &quot;C:\home\site\deployments\tools&quot; --basic --sitePath &quot;C:\local\Temp\zipdeploy\extracted&quot;" date="2025-11-17T10:06:17.500" /><!-- duration: 0ms -->
            <step title="Using cached version of deployment script (command: &apos;azure -y --no-dot-deployment -r &quot;C:\local\Temp\zipdeploy\extracted&quot; -o &quot;C:\home\site\deployments\tools&quot; --basic --sitePath &quot;C:\local\Temp\zipdeploy\extracted&quot;&apos;)." date="2025-11-17T10:06:17.531" /><!-- duration: 0ms -->
          </step><!-- duration: 94ms -->
          <step title="Running deployment command..." date="2025-11-17T10:06:17.594" /><!-- duration: 0ms -->
          <step title="Command: &quot;C:\home\site\deployments\tools\deploy.cmd&quot;" date="2025-11-17T10:06:17.609" /><!-- duration: 0ms -->
          <step title="Executing external process" date="2025-11-17T10:06:17.625" type="process" path="starter.cmd" arguments="&quot;C:\home\site\deployments\tools\deploy.cmd&quot;" >
            <step title="Handling Basic Web Site deployment." date="2025-11-17T10:06:17.750" /><!-- duration: 16ms -->
            <step title="Creating app_offline.htm" date="2025-11-17T10:06:18.187" /><!-- duration: 0ms -->
            <step title="KuduSync.NET from: &apos;C:\local\Temp\zipdeploy\extracted&apos; to: &apos;C:\home\site\wwwroot&apos;" date="2025-11-17T10:06:18.203" /><!-- duration: 16ms -->
            <step title="Copying file: &apos;MH.Api.dll&apos;" date="2025-11-17T10:06:18.219" /><!-- duration: 16ms -->
            <step title="Copying file: &apos;MH.Api.exe&apos;" date="2025-11-17T10:06:18.250" /><!-- duration: 0ms -->
            <step title="Copying file: &apos;MH.Api.pdb&apos;" date="2025-11-17T10:06:18.265" /><!-- duration: 0ms -->
            <step title="Copying file: &apos;MH.Api.runtimeconfig.json&apos;" date="2025-11-17T10:06:18.281" /><!-- duration: 0ms -->
            <step title="Copying file: &apos;MH.Application.dll&apos;" date="2025-11-17T10:06:18.297" /><!-- duration: 0ms -->
            <step title="Copying file: &apos;MH.Application.pdb&apos;" date="2025-11-17T10:06:18.312" /><!-- duration: 0ms -->
            <step title="Copying file: &apos;MH.Domain.dll&apos;" date="2025-11-17T10:06:18.328" /><!-- duration: 16ms -->
            <step title="Copying file: &apos;MH.Domain.pdb&apos;" date="2025-11-17T10:06:18.344" /><!-- duration: 16ms -->
            <step title="Copying file: &apos;MH.Infrastructure.dll&apos;" date="2025-11-17T10:06:18.375" /><!-- duration: 0ms -->
            <step title="Copying file: &apos;MH.Infrastructure.pdb&apos;" date="2025-11-17T10:06:18.390" /><!-- duration: 0ms -->
            <step title="Copying file: &apos;publish\MH.Api.runtimeconfig.json&apos;" date="2025-11-17T10:06:18.406" /><!-- duration: 0ms -->
            <step title="Copying file: &apos;publish\publish\MH.Api.runtimeconfig.json&apos;" date="2025-11-17T10:06:18.422" /><!-- duration: 0ms -->
            <step title="Copying file: &apos;publish\publish\publish\MH.Api.runtimeconfig.json&apos;" date="2025-11-17T10:06:18.437" /><!-- duration: 16ms -->
            <step title="Copying file: &apos;publish\publish\publish\publish\publish\publish\appsettings.Development.json&apos;" date="2025-11-17T10:06:18.453" /><!-- duration: 16ms -->
            <step title="Copying file: &apos;publish\publish\publish\publish\publish\publish\appsettings.json&apos;" date="2025-11-17T10:06:18.484" /><!-- duration: 0ms -->
            <step title="Copying file: &apos;publish\publish\publish\publish\publish\publish\MH.Api.deps.json&apos;" date="2025-11-17T10:06:18.500" /><!-- duration: 0ms -->
            <step title="Copying file: &apos;publish\publish\publish\publish\publish\publish\MH.Api.runtimeconfig.json&apos;" date="2025-11-17T10:06:18.531" /><!-- duration: 0ms -->
            <step title="Copying file: &apos;publish\publish\publish\publish\publish\publish\MH.Api.staticwebassets.endpoints.json&apos;" date="2025-11-17T10:06:20.312" /><!-- duration: 16ms -->
            <step title="Copying file: &apos;publish\publish\publish\publish\publish\publish\web.config&apos;" date="2025-11-17T10:06:20.328" /><!-- duration: 16ms -->
            <step title="Deleting app_offline.htm" date="2025-11-17T10:06:20.359" /><!-- duration: 0ms -->
            <step title="Finished successfully." date="2025-11-17T10:06:20.375" /><!-- duration: 0ms -->
          </step><!-- duration: 2766ms -->
          <step title="Build completed succesfully." date="2025-11-17T10:06:20.437" /><!-- duration: 0ms -->
          <step title="Running post deployment command(s)..." date="2025-11-17T10:06:20.484" /><!-- duration: 0ms -->
          <step title="Requesting site restart" date="2025-11-17T10:06:20.531" /><!-- duration: 16ms -->
          <step title="Requesting site restart" date="2025-11-17T10:06:20.547" /><!-- duration: 0ms -->
          <step title="Requesting site restart. Attempt #1" date="2025-11-17T10:06:20.625" /><!-- duration: 0ms -->
          <step title="Requesting site restart. Attempt #1" date="2025-11-17T10:06:20.640" /><!-- duration: 0ms -->
          <step title="Successfully requested a restart. Attempt #1" date="2025-11-17T10:06:20.984" /><!-- duration: 0ms -->
          <step title="Successfully requested a restart. Attempt #1" date="2025-11-17T10:06:21.000" /><!-- duration: 0ms -->
          <step title="Deployment successful. DEPLOYMENTINFO: deploymentPath = OneDeploy, deployer = OneDeploy, os = windows, sku = Free, siteName = NgCanduAPI, siteHostName = ngcanduapi.azurewebsites.net, deploymentStatus = Success" date="2025-11-17T10:06:21.031" /><!-- duration: 16ms -->
          <step title="Purge deployment items" date="2025-11-17T10:06:21.203" >
            <step title="Remove c60fd0096, Success, received at 11/12/2025 1:35:29 PM" date="2025-11-17T10:06:21.265" /><!-- duration: 0ms -->
          </step><!-- duration: 63ms -->
        </step><!-- duration: 4063ms -->
      </step><!-- duration: 4313ms -->
      <step title="Cleaning up temp files" date="2025-11-17T10:06:21.297" /><!-- duration: 0ms -->
      <step title="Skip function trigger and logicapp sync because function is not enabled." date="2025-11-17T10:06:21.312" /><!-- duration: 16ms -->
    </step><!-- duration: 5531ms -->
    <step title="LockFile &apos;C:\home\site\locks\deployments.lock&apos; released" date="2025-11-17T10:06:21.375" /><!-- duration: 0ms -->
    <step title="Deleting shutdown sentinel file" date="2025-11-17T10:06:21.375" SemaphoreCount="8" /><!-- duration: 16ms -->
  </step><!-- duration: 9065ms -->
  <step title="Outgoing response" date="2025-11-17T10:06:21.422" type="response" statusCode="200" statusText="OK" Server="Microsoft-IIS/10.0" x-ms-request-id="026dcca9-c39d-11f0-aaa2-c025a5cfe792" Cache-Control="private" X-AspNet-Version="4.0.30319" /><!-- duration: 16ms -->
</step><!-- duration: 9628ms -->
