<step title="Incoming Request" date="2025-11-12T13:35:28.072" instance="22a7da" url="/api/publish?async=true&amp;deployer=GITHUB_ONE_DEPLOY&amp;type=zip&amp;message=%7B%22type%22%3A%22deployment%22%2C%22sha%22%3A%2275cbd1da172d80bb02ed6bbc63d2cd164f5487dd%22%2C%22repoName%22%3A%22daedalusdigital-za%2FNCD-API%22%2C%22actor%22%3A%22daedalusdigital-za%22%2C%22slotName%22%3A%22Production%22%2C%22commitMessage%22%3A%22feat%3A%20Add%20SQL%20script%20to%20create%20all%20missing%20tables%20(Provinces%2C%20Districts%2C%20Hospitals%2C%20Clinics%2C%20InventoryItems%2C%20Sales%2C%20SaleItems%2C%20TrainingSessions)%22%7D" method="POST" type="request" pid="11076,2,40" Transfer-Encoding="chunked" Content-Type="application/octet-stream" Authorization="Bas..." Cookie="ARRAffinity=22a7daa836b64a8ce56c907737553d08297ff2e76cd06a1f52c29956b9a85c17;Path=/;HttpOnly;Secure;Domain=ngcanduapi.scm.azurewebsites.net; ARRAffinitySameSite=22a7daa836b64a8ce56c907737553d08297ff2e76cd06a1f52c29956b9a85c17;Path=/;HttpOnly;SameSite=None;Secure;Domain=ngcanduapi.scm.azurewebsites.net" Host="ngcanduapi.scm.azurewebsites.net" User-Agent="GITHUBACTIONS_DeployWebAppToAzure_911ad8e07dd1095a617b283f0e1b400847f2d2bffc6e1de6b85a1cbb3aaec3dc" X-ARR-LOG-ID="5cd5bc9a-0193-4f28-9590-a23e29497f25" CLIENT-IP="135.232.201.32:13312" X-SITE-DEPLOYMENT-ID="NgCanduAPI" WAS-DEFAULT-HOSTNAME="ngcanduapi.scm.azurewebsites.net" X-Forwarded-Proto="https" X-AppService-Proto="https" X-Forwarded-TlsVersion="1.3" X-WAWS-Unencoded-URL="/api/publish?async=true&amp;deployer=GITHUB_ONE_DEPLOY&amp;type=zip&amp;message=%7B%22type%22%3A%22deployment%22%2C%22sha%22%3A%2275cbd1da172d80bb02ed6bbc63d2cd164f5487dd%22%2C%22repoName%22%3A%22daedalusdigital-za%2FNCD-API%22%2C%22actor%22%3A%22daedalusdigital-za%22%2C%22slotName%22%3A%22Production%22%2C%22commitMessage%22%3A%22feat%3A%20Add%20SQL%20script%20to%20create%20all%20missing%20tables%20(Provinces%2C%20Districts%2C%20Hospitals%2C%20Clinics%2C%20InventoryItems%2C%20Sales%2C%20SaleItems%2C%20TrainingSessions)%22%7D" >
  <step title="OneDeploy" date="2025-11-12T13:35:28.088" >
    <step title="Starting PushDeployAsync" date="2025-11-12T13:35:28.104" /><!-- duration: 0ms -->
    <step title="Updating shutdown sentinel last write time" date="2025-11-12T13:35:28.119" SemaphoreCount="7" /><!-- duration: 0ms -->
    <step title="LockFile &apos;C:\home\site\locks\deployments.lock&apos; acquired" date="2025-11-12T13:35:28.135" /><!-- duration: 0ms -->
    <step title="Saving request content to C:\local\Temp\zipdeploy\zj3kxzvg.zip" date="2025-11-12T13:35:28.135" >
      <step title="Total 26,466,166 bytes written to C:\local\Temp\zipdeploy\zj3kxzvg.zip" date="2025-11-12T13:35:28.354" /><!-- duration: 0ms -->
    </step><!-- duration: 234ms -->
    <step title="LockFile &apos;C:\home\site\locks\deployments.lock&apos; released" date="2025-11-12T13:35:28.369" /><!-- duration: 0ms -->
    <step title="Deleting shutdown sentinel file" date="2025-11-12T13:35:28.385" SemaphoreCount="8" /><!-- duration: 0ms -->
    <step title="Starting FetchDeploy" date="2025-11-12T13:35:28.385" /><!-- duration: 16ms -->
    <step title="Start deployment in the background" date="2025-11-12T13:35:28.401" /><!-- duration: 63ms -->
  </step><!-- duration: 375ms -->
  <step title="Outgoing response" date="2025-11-12T13:35:28.463" type="response" statusCode="202" statusText="Accepted" Server="Microsoft-IIS/10.0" x-ms-request-id="5cd5bc9a-0193-4f28-9590-a23e29497f25" Retry-After="30" Cache-Control="private" X-AspNet-Version="4.0.30319" Location="https://ngcanduapi.scm.azurewebsites.net/api/deployments/latest?deployer=OneDeploy&amp;time=2025-11-12_13-35-28Z" /><!-- duration: 0ms -->
</step><!-- duration: 406ms -->
