<step title="Incoming Request" date="2025-11-17T10:46:03.307" instance="92ca53" url="/api/publish?type=zip&amp;async=False" method="POST" type="request" pid="10876,2,7" Cache-Control="no-cache" Connection="Keep-Alive" Content-Length="23525159" Content-Type="application/octet-stream" Accept="*/*" Accept-Encoding="gzip, deflate" Authorization="Bas..." Host="ngcanduapi.scm.azurewebsites.net" User-Agent="AZURECLI/2.75.0 (MSI)" x-ms-client-request-id="96721c73-c3a2-11f0-9f61-c025a5cfe792" X-ARR-LOG-ID="96721c73-c3a2-11f0-9f61-c025a5cfe792" CLIENT-IP="197.234.156.224:56964" X-SITE-DEPLOYMENT-ID="NgCanduAPI" WAS-DEFAULT-HOSTNAME="ngcanduapi.scm.azurewebsites.net" X-Forwarded-Proto="https" X-AppService-Proto="https" X-Forwarded-TlsVersion="1.3" X-WAWS-Unencoded-URL="/api/publish?type=zip&amp;async=False" X-MS-COLDSTART="1" >
  <step title="OneDeploy" date="2025-11-17T10:46:03.822" >
    <step title="Starting PushDeployAsync" date="2025-11-17T10:46:03.853" /><!-- duration: 0ms -->
    <step title="Updating shutdown sentinel last write time" date="2025-11-17T10:46:03.900" SemaphoreCount="7" /><!-- duration: 16ms -->
    <step title="LockFile &apos;C:\home\site\locks\deployments.lock&apos; acquired" date="2025-11-17T10:46:03.916" /><!-- duration: 0ms -->
    <step title="Saving request content to C:\local\Temp\zipdeploy\absmqzel.zip" date="2025-11-17T10:46:03.931" >
      <step title="Total 23,525,159 bytes written to C:\local\Temp\zipdeploy\absmqzel.zip" date="2025-11-17T10:46:05.697" /><!-- duration: 0ms -->
    </step><!-- duration: 1781ms -->
    <step title="LockFile &apos;C:\home\site\locks\deployments.lock&apos; released" date="2025-11-17T10:46:05.713" /><!-- duration: 0ms -->
    <step title="Deleting shutdown sentinel file" date="2025-11-17T10:46:05.728" SemaphoreCount="8" /><!-- duration: 0ms -->
    <step title="Starting FetchDeploy" date="2025-11-17T10:46:05.744" /><!-- duration: 0ms -->
    <step title="Attempting to fetch target branch HEAD" date="2025-11-17T10:46:05.744" /><!-- duration: 0ms -->
    <step title="Updating shutdown sentinel last write time" date="2025-11-17T10:46:05.760" SemaphoreCount="7" /><!-- duration: 0ms -->
    <step title="LockFile &apos;C:\home\site\locks\deployments.lock&apos; acquired" date="2025-11-17T10:46:05.775" /><!-- duration: 0ms -->
    <step title="Performing fetch based deployment" date="2025-11-17T10:46:05.775" >
      <step title="Creating temporary deployment" date="2025-11-17T10:46:05.791" /><!-- duration: 47ms -->
      <step title="Fetching changes." date="2025-11-17T10:46:05.916" /><!-- duration: 0ms -->
      <step title="Starting LocalZipHandler" date="2025-11-17T10:46:05.931" /><!-- duration: 0ms -->
      <step title="Starting LocalZipFetch" date="2025-11-17T10:46:05.947" /><!-- duration: 0ms -->
      <step title="Cleaning up temp folders from previous zip deployments and extracting pushed zip file C:\local\Temp\zipdeploy\absmqzel.zip (22.44 MB) to C:\local\Temp\zipdeploy\extracted" date="2025-11-17T10:46:05.963" /><!-- duration: 0ms -->
      <step title="Cleaning up temp folders from previous zip deployments and extracting pushed zip file C:\local\Temp\zipdeploy\absmqzel.zip (22.44 MB) to C:\local\Temp\zipdeploy\extracted" date="2025-11-17T10:46:05.963" >
        <step title="Extracting 281 entries to C:\local\Temp\zipdeploy\extracted directory" date="2025-11-17T10:46:05.994" >
          <step title="Extracting to C:\local\Temp\zipdeploy\extracted\ca\Hangfire.Core.resources.dll ..." date="2025-11-17T10:46:05.994" /><!-- duration: 16ms -->
          <step title="Extracting to C:\local\Temp\zipdeploy\extracted\de\Hangfire.Core.resources.dll ..." date="2025-11-17T10:46:06.010" /><!-- duration: 0ms -->
          <step title="Extracting to C:\local\Temp\zipdeploy\extracted\es\Hangfire.Core.resources.dll ..." date="2025-11-17T10:46:06.025" /><!-- duration: 0ms -->
          <step title="Extracting to C:\local\Temp\zipdeploy\extracted\fa\Hangfire.Core.resources.dll ..." date="2025-11-17T10:46:06.025" /><!-- duration: 16ms -->
          <step title="Extracting to C:\local\Temp\zipdeploy\extracted\fr\Hangfire.Core.resources.dll ..." date="2025-11-17T10:46:06.041" /><!-- duration: 16ms -->
          <step title="Omitting extracting file traces ..." date="2025-11-17T10:46:06.056" /><!-- duration: 0ms -->
        </step><!-- duration: 937ms -->
      </step><!-- duration: 984ms -->
      <step title="None repository commit" date="2025-11-17T10:46:06.947" >
        <step title="Commit id: a1b617dff4bf4e099538738f8b619921" date="2025-11-17T10:46:06.947" Message="OneDeploy" AuthorName="N/A" AuthorEmail="N/A" /><!-- duration: 16ms -->
      </step><!-- duration: 16ms -->
      <step title="Before sending BuildRequestReceived status to /api/updatedeploystatus" date="2025-11-17T10:46:06.963" /><!-- duration: 16ms -->
      <step title="DeploymentManager.Deploy(id:a1b617dff4bf4e099538738f8b619921)" date="2025-11-17T10:46:06.978" >
        <step title="Collecting changeset information" date="2025-11-17T10:46:06.994" /><!-- duration: 31ms -->
        <step title="Updating submodules" date="2025-11-17T10:46:07.025" >
          <step title="Updating submodules." date="2025-11-17T10:46:07.073" /><!-- duration: 0ms -->
        </step><!-- duration: 63ms -->
        <step title="Preparing deployment for commit id &apos;a1b617dff4&apos;." date="2025-11-17T10:46:07.135" /><!-- duration: 0ms -->
        <step title="Determining deployment builder" date="2025-11-17T10:46:07.182" >
          <step title="Builder is OneDeployBuilder" date="2025-11-17T10:46:07.182" /><!-- duration: 16ms -->
        </step><!-- duration: 16ms -->
        <step title="Copying SSH keys" date="2025-11-17T10:46:07.213" /><!-- duration: 16ms -->
        <step title="Building" date="2025-11-17T10:46:07.229" >
          <step title="Running build. Project type: OneDeploy" date="2025-11-17T10:46:07.276" /><!-- duration: 0ms -->
          <step title="Copying the manifest" date="2025-11-17T10:46:07.323" /><!-- duration: 16ms -->
          <step title="Clean deploying to C:\home\site\wwwroot" date="2025-11-17T10:46:07.401" /><!-- duration: 0ms -->
          <step title="Generating deployment script." date="2025-11-17T10:46:07.448" /><!-- duration: 0ms -->
          <step title="Generating deployment script" date="2025-11-17T10:46:07.463" >
            <step title="Using cached version of the deployment script for command: -y --no-dot-deployment -r &quot;C:\local\Temp\zipdeploy\extracted&quot; -o &quot;C:\home\site\deployments\tools&quot; --basic --sitePath &quot;C:\local\Temp\zipdeploy\extracted&quot;" date="2025-11-17T10:46:07.510" /><!-- duration: 0ms -->
            <step title="Using cached version of deployment script (command: &apos;azure -y --no-dot-deployment -r &quot;C:\local\Temp\zipdeploy\extracted&quot; -o &quot;C:\home\site\deployments\tools&quot; --basic --sitePath &quot;C:\local\Temp\zipdeploy\extracted&quot;&apos;)." date="2025-11-17T10:46:07.526" /><!-- duration: 0ms -->
          </step><!-- duration: 78ms -->
          <step title="Running deployment command..." date="2025-11-17T10:46:07.604" /><!-- duration: 16ms -->
          <step title="Command: &quot;C:\home\site\deployments\tools\deploy.cmd&quot;" date="2025-11-17T10:46:07.635" /><!-- duration: 16ms -->
          <step title="Executing external process" date="2025-11-17T10:46:07.666" type="process" path="starter.cmd" arguments="&quot;C:\home\site\deployments\tools\deploy.cmd&quot;" >
            <step title="Handling Basic Web Site deployment." date="2025-11-17T10:46:07.791" /><!-- duration: 0ms -->
            <step title="Creating app_offline.htm" date="2025-11-17T10:46:08.245" /><!-- duration: 0ms -->
            <step title="KuduSync.NET from: &apos;C:\local\Temp\zipdeploy\extracted&apos; to: &apos;C:\home\site\wwwroot&apos;" date="2025-11-17T10:46:08.261" /><!-- duration: 0ms -->
            <step title="Copying file: &apos;MH.Api.dll&apos;" date="2025-11-17T10:46:08.276" /><!-- duration: 0ms -->
            <step title="Copying file: &apos;MH.Api.exe&apos;" date="2025-11-17T10:46:08.292" /><!-- duration: 0ms -->
            <step title="Copying file: &apos;MH.Api.pdb&apos;" date="2025-11-17T10:46:08.308" /><!-- duration: 0ms -->
            <step title="Copying file: &apos;MH.Api.runtimeconfig.json&apos;" date="2025-11-17T10:46:08.323" /><!-- duration: 0ms -->
            <step title="Copying file: &apos;MH.Application.dll&apos;" date="2025-11-17T10:46:08.339" /><!-- duration: 16ms -->
            <step title="Copying file: &apos;MH.Application.pdb&apos;" date="2025-11-17T10:46:08.354" /><!-- duration: 16ms -->
            <step title="Copying file: &apos;MH.Domain.dll&apos;" date="2025-11-17T10:46:08.370" /><!-- duration: 16ms -->
            <step title="Copying file: &apos;MH.Domain.pdb&apos;" date="2025-11-17T10:46:08.401" /><!-- duration: 0ms -->
            <step title="Copying file: &apos;MH.Infrastructure.dll&apos;" date="2025-11-17T10:46:08.417" /><!-- duration: 0ms -->
            <step title="Copying file: &apos;MH.Infrastructure.pdb&apos;" date="2025-11-17T10:46:08.433" /><!-- duration: 0ms -->
            <step title="Copying file: &apos;publish\MH.Api.runtimeconfig.json&apos;" date="2025-11-17T10:46:08.448" /><!-- duration: 16ms -->
            <step title="Copying file: &apos;publish\publish\MH.Api.runtimeconfig.json&apos;" date="2025-11-17T10:46:08.464" /><!-- duration: 16ms -->
            <step title="Copying file: &apos;publish\publish\publish\publish\MH.Api.runtimeconfig.json&apos;" date="2025-11-17T10:46:08.479" /><!-- duration: 16ms -->
            <step title="Copying file: &apos;publish\publish\publish\publish\publish\publish\publish\MH.Api.runtimeconfig.json&apos;" date="2025-11-17T10:46:08.511" /><!-- duration: 0ms -->
            <step title="Copying file: &apos;publish\publish\publish\publish\publish\publish\publish\publish\publish\publish\appsettings.Development.json&apos;" date="2025-11-17T10:46:08.526" /><!-- duration: 0ms -->
            <step title="Copying file: &apos;publish\publish\publish\publish\publish\publish\publish\publish\publish\publish\appsettings.json&apos;" date="2025-11-17T10:46:08.542" /><!-- duration: 0ms -->
            <step title="Copying file: &apos;publish\publish\publish\publish\publish\publish\publish\publish\publish\publish\MH.Api.deps.json&apos;" date="2025-11-17T10:46:10.870" /><!-- duration: 16ms -->
            <step title="Copying file: &apos;publish\publish\publish\publish\publish\publish\publish\publish\publish\publish\MH.Api.runtimeconfig.json&apos;" date="2025-11-17T10:46:10.901" /><!-- duration: 0ms -->
            <step title="Copying file: &apos;publish\publish\publish\publish\publish\publish\publish\publish\publish\publish\MH.Api.staticwebassets.endpoints.json&apos;" date="2025-11-17T10:46:10.917" /><!-- duration: 0ms -->
            <step title="Copying file: &apos;publish\publish\publish\publish\publish\publish\publish\publish\publish\publish\web.config&apos;" date="2025-11-17T10:46:10.933" /><!-- duration: 0ms -->
            <step title="Deleting app_offline.htm" date="2025-11-17T10:46:10.948" /><!-- duration: 0ms -->
            <step title="Finished successfully." date="2025-11-17T10:46:10.964" /><!-- duration: 16ms -->
          </step><!-- duration: 3313ms -->
          <step title="Build completed succesfully." date="2025-11-17T10:46:11.026" /><!-- duration: 0ms -->
          <step title="Running post deployment command(s)..." date="2025-11-17T10:46:11.073" /><!-- duration: 0ms -->
          <step title="Requesting site restart" date="2025-11-17T10:46:11.120" /><!-- duration: 16ms -->
          <step title="Requesting site restart" date="2025-11-17T10:46:11.136" /><!-- duration: 0ms -->
          <step title="Requesting site restart. Attempt #1" date="2025-11-17T10:46:11.199" /><!-- duration: 0ms -->
          <step title="Requesting site restart. Attempt #1" date="2025-11-17T10:46:11.214" /><!-- duration: 0ms -->
          <step title="Successfully requested a restart. Attempt #1" date="2025-11-17T10:46:11.558" /><!-- duration: 0ms -->
          <step title="Successfully requested a restart. Attempt #1" date="2025-11-17T10:46:11.574" /><!-- duration: 0ms -->
          <step title="Deployment successful. DEPLOYMENTINFO: deploymentPath = OneDeploy, deployer = OneDeploy, os = windows, sku = Free, siteName = NgCanduAPI, siteHostName = ngcanduapi.azurewebsites.net, deploymentStatus = Success" date="2025-11-17T10:46:11.605" /><!-- duration: 16ms -->
          <step title="Purge deployment items" date="2025-11-17T10:46:11.793" >
            <step title="Remove 828ef8d34, Success, received at 11/14/2025 11:48:40 AM" date="2025-11-17T10:46:11.839" /><!-- duration: 16ms -->
          </step><!-- duration: 63ms -->
        </step><!-- duration: 4658ms -->
      </step><!-- duration: 4908ms -->
      <step title="Cleaning up temp files" date="2025-11-17T10:46:11.902" /><!-- duration: 0ms -->
      <step title="Skip function trigger and logicapp sync because function is not enabled." date="2025-11-17T10:46:11.918" /><!-- duration: 0ms -->
    </step><!-- duration: 6174ms -->
    <step title="LockFile &apos;C:\home\site\locks\deployments.lock&apos; released" date="2025-11-17T10:46:11.964" /><!-- duration: 0ms -->
    <step title="Deleting shutdown sentinel file" date="2025-11-17T10:46:11.980" SemaphoreCount="8" /><!-- duration: 0ms -->
  </step><!-- duration: 8158ms -->
  <step title="Outgoing response" date="2025-11-17T10:46:12.011" type="response" statusCode="200" statusText="OK" Server="Microsoft-IIS/10.0" x-ms-request-id="96721c73-c3a2-11f0-9f61-c025a5cfe792" Cache-Control="private" X-AspNet-Version="4.0.30319" /><!-- duration: 16ms -->
</step><!-- duration: 8720ms -->
