<step title="BackgroundTrace" date="2025-11-12T13:30:23.522" instance="22a7da" url="/api/publish" method="POST" >
  <step title="Updating shutdown sentinel last write time" date="2025-11-12T13:30:23.537" SemaphoreCount="7" /><!-- duration: 0ms -->
  <step title="LockFile &apos;C:\home\site\locks\deployments.lock&apos; acquired" date="2025-11-12T13:30:23.537" /><!-- duration: 16ms -->
  <step title="Creating temporary deployment" date="2025-11-12T13:30:23.553" /><!-- duration: 31ms -->
  <step title="Performing fetch based deployment" date="2025-11-12T13:30:23.584" >
    <step title="Fetching changes." date="2025-11-12T13:30:23.647" /><!-- duration: 0ms -->
    <step title="Starting LocalZipHandler" date="2025-11-12T13:30:23.662" /><!-- duration: 0ms -->
    <step title="Cleaning up temp folders from previous zip deployments and extracting pushed zip file C:\local\Temp\zipdeploy\5jbzl1ol.zip (25.24 MB) to C:\local\Temp\zipdeploy\extracted" date="2025-11-12T13:30:23.694" /><!-- duration: 16ms -->
    <step title="Cleaning up temp folders from previous zip deployments and extracting pushed zip file C:\local\Temp\zipdeploy\5jbzl1ol.zip (25.24 MB) to C:\local\Temp\zipdeploy\extracted" date="2025-11-12T13:30:23.709" >
      <step title="Renaming extractTargetDirectory(C:\local\Temp\zipdeploy\extracted) to tempDirectory(C:\local\Temp\zipdeploy\ogu4mpyg.bdb)" date="2025-11-12T13:30:23.709" /><!-- duration: 31ms -->
      <step title="Extracting 295 entries to C:\local\Temp\zipdeploy\extracted directory" date="2025-11-12T13:30:23.741" >
        <step title="Extracting to C:\local\Temp\zipdeploy\extracted\appsettings.Development.json ..." date="2025-11-12T13:30:23.741" /><!-- duration: 16ms -->
        <step title="Extracting to C:\local\Temp\zipdeploy\extracted\appsettings.json ..." date="2025-11-12T13:30:23.756" /><!-- duration: 0ms -->
        <step title="Extracting to C:\local\Temp\zipdeploy\extracted\AutoMapper.dll ..." date="2025-11-12T13:30:23.772" /><!-- duration: 0ms -->
        <step title="Extracting to C:\local\Temp\zipdeploy\extracted\AutoMapper.Extensions.Microsoft.DependencyInjection.dll ..." date="2025-11-12T13:30:23.772" /><!-- duration: 16ms -->
        <step title="Extracting to C:\local\Temp\zipdeploy\extracted\Azure.Core.dll ..." date="2025-11-12T13:30:23.787" /><!-- duration: 16ms -->
        <step title="Omitting extracting file traces ..." date="2025-11-12T13:30:23.803" /><!-- duration: 16ms -->
      </step><!-- duration: 969ms -->
    </step><!-- duration: 1016ms -->
    <step title="Before sending BuildRequestReceived status to /api/updatedeploystatus" date="2025-11-12T13:30:24.725" /><!-- duration: 0ms -->
    <step title="DeploymentManager.Deploy(id:8ce10d30fd76445281196ff25735cad0)" date="2025-11-12T13:30:24.725" >
      <step title="Collecting changeset information" date="2025-11-12T13:30:24.741" /><!-- duration: 31ms -->
      <step title="Updating submodules" date="2025-11-12T13:30:24.772" >
        <step title="Updating submodules." date="2025-11-12T13:30:24.819" /><!-- duration: 0ms -->
      </step><!-- duration: 47ms -->
      <step title="Preparing deployment for commit id &apos;8ce10d30fd&apos;." date="2025-11-12T13:30:24.881" /><!-- duration: 0ms -->
      <step title="Determining deployment builder" date="2025-11-12T13:30:24.912" >
        <step title="Builder is OneDeployBuilder" date="2025-11-12T13:30:24.912" /><!-- duration: 16ms -->
      </step><!-- duration: 16ms -->
      <step title="Copying SSH keys" date="2025-11-12T13:30:24.944" /><!-- duration: 0ms -->
      <step title="Building" date="2025-11-12T13:30:24.959" >
        <step title="Running build. Project type: OneDeploy" date="2025-11-12T13:30:24.991" /><!-- duration: 16ms -->
        <step title="Copying the manifest" date="2025-11-12T13:30:25.037" /><!-- duration: 0ms -->
        <step title="Clean deploying to C:\home\site\wwwroot" date="2025-11-12T13:30:25.116" /><!-- duration: 16ms -->
        <step title="Generating deployment script." date="2025-11-12T13:30:25.178" /><!-- duration: 0ms -->
        <step title="Generating deployment script" date="2025-11-12T13:30:25.178" >
          <step title="Using cached version of the deployment script for command: -y --no-dot-deployment -r &quot;C:\local\Temp\zipdeploy\extracted&quot; -o &quot;C:\home\site\deployments\tools&quot; --basic --sitePath &quot;C:\local\Temp\zipdeploy\extracted&quot;" date="2025-11-12T13:30:25.194" /><!-- duration: 0ms -->
          <step title="Using cached version of deployment script (command: &apos;azure -y --no-dot-deployment -r &quot;C:\local\Temp\zipdeploy\extracted&quot; -o &quot;C:\home\site\deployments\tools&quot; --basic --sitePath &quot;C:\local\Temp\zipdeploy\extracted&quot;&apos;)." date="2025-11-12T13:30:25.209" /><!-- duration: 16ms -->
        </step><!-- duration: 47ms -->
        <step title="Running deployment command..." date="2025-11-12T13:30:25.272" /><!-- duration: 0ms -->
        <step title="Command: &quot;C:\home\site\deployments\tools\deploy.cmd&quot;" date="2025-11-12T13:30:25.272" /><!-- duration: 16ms -->
        <step title="Executing external process" date="2025-11-12T13:30:25.287" type="process" path="starter.cmd" arguments="&quot;C:\home\site\deployments\tools\deploy.cmd&quot;" >
          <step title="Handling Basic Web Site deployment." date="2025-11-12T13:30:25.397" /><!-- duration: 16ms -->
          <step title="Creating app_offline.htm" date="2025-11-12T13:30:26.006" /><!-- duration: 0ms -->
          <step title="KuduSync.NET from: &apos;C:\local\Temp\zipdeploy\extracted&apos; to: &apos;C:\home\site\wwwroot&apos;" date="2025-11-12T13:30:26.022" /><!-- duration: 0ms -->
          <step title="Copying file: &apos;appsettings.Development.json&apos;" date="2025-11-12T13:30:26.037" /><!-- duration: 0ms -->
          <step title="Copying file: &apos;appsettings.json&apos;" date="2025-11-12T13:30:26.037" /><!-- duration: 16ms -->
          <step title="Copying file: &apos;AutoMapper.dll&apos;" date="2025-11-12T13:30:26.053" /><!-- duration: 16ms -->
          <step title="Copying file: &apos;AutoMapper.Extensions.Microsoft.DependencyInjection.dll&apos;" date="2025-11-12T13:30:26.069" /><!-- duration: 0ms -->
          <step title="Copying file: &apos;Azure.Core.dll&apos;" date="2025-11-12T13:30:26.084" /><!-- duration: 0ms -->
          <step title="Copying file: &apos;Azure.Identity.dll&apos;" date="2025-11-12T13:30:26.100" /><!-- duration: 0ms -->
          <step title="Copying file: &apos;BouncyCastle.Crypto.dll&apos;" date="2025-11-12T13:30:26.116" /><!-- duration: 0ms -->
          <step title="Copying file: &apos;FluentValidation.AspNetCore.dll&apos;" date="2025-11-12T13:30:26.131" /><!-- duration: 0ms -->
          <step title="Copying file: &apos;FluentValidation.DependencyInjectionExtensions.dll&apos;" date="2025-11-12T13:30:26.162" /><!-- duration: 0ms -->
          <step title="Copying file: &apos;FluentValidation.dll&apos;" date="2025-11-12T13:30:26.178" /><!-- duration: 0ms -->
          <step title="Copying file: &apos;Google.Apis.Auth.dll&apos;" date="2025-11-12T13:30:26.178" /><!-- duration: 16ms -->
          <step title="Copying file: &apos;Google.Apis.Auth.PlatformServices.dll&apos;" date="2025-11-12T13:30:26.194" /><!-- duration: 0ms -->
          <step title="Copying file: &apos;Google.Apis.Core.dll&apos;" date="2025-11-12T13:30:26.209" /><!-- duration: 0ms -->
          <step title="Copying file: &apos;Google.Apis.dll&apos;" date="2025-11-12T13:30:26.225" /><!-- duration: 0ms -->
          <step title="Copying file: &apos;Hangfire.AspNetCore.dll&apos;" date="2025-11-12T13:30:26.241" /><!-- duration: 0ms -->
          <step title="Copying file: &apos;Hangfire.Core.dll&apos;" date="2025-11-12T13:30:26.241" /><!-- duration: 16ms -->
          <step title="Copying file: &apos;Hangfire.SqlServer.dll&apos;" date="2025-11-12T13:30:26.256" /><!-- duration: 16ms -->
          <step title="Copying file: &apos;MailKit.dll&apos;" date="2025-11-12T13:30:26.272" /><!-- duration: 16ms -->
          <step title="Copying file: &apos;MH.Api.deps.json&apos;" date="2025-11-12T13:30:26.287" /><!-- duration: 0ms -->
          <step title="Copying file: &apos;MH.Api.dll&apos;" date="2025-11-12T13:30:26.303" /><!-- duration: 0ms -->
          <step title="Copying file: &apos;MH.Api.exe&apos;" date="2025-11-12T13:30:26.319" /><!-- duration: 0ms -->
          <step title="Copying file: &apos;MH.Api.pdb&apos;" date="2025-11-12T13:30:26.319" /><!-- duration: 16ms -->
          <step title="Copying file: &apos;MH.Api.runtimeconfig.json&apos;" date="2025-11-12T13:30:26.475" /><!-- duration: 0ms -->
          <step title="Copying file: &apos;MH.Api.staticwebassets.endpoints.json&apos;" date="2025-11-12T13:30:26.475" /><!-- duration: 16ms -->
          <step title="Copying file: &apos;MH.Application.deps.json&apos;" date="2025-11-12T13:30:26.491" /><!-- duration: 16ms -->
          <step title="Copying file: &apos;MH.Application.dll&apos;" date="2025-11-12T13:30:26.522" /><!-- duration: 16ms -->
          <step title="Copying file: &apos;MH.Application.pdb&apos;" date="2025-11-12T13:30:26.537" /><!-- duration: 0ms -->
          <step title="Copying file: &apos;MH.Domain.deps.json&apos;" date="2025-11-12T13:30:26.553" /><!-- duration: 0ms -->
          <step title="Copying file: &apos;MH.Domain.dll&apos;" date="2025-11-12T13:30:26.569" /><!-- duration: 0ms -->
          <step title="Copying file: &apos;MH.Domain.pdb&apos;" date="2025-11-12T13:30:26.584" /><!-- duration: 0ms -->
          <step title="Copying file: &apos;MH.Infrastructure.deps.json&apos;" date="2025-11-12T13:30:26.584" /><!-- duration: 16ms -->
          <step title="Copying file: &apos;MH.Infrastructure.dll&apos;" date="2025-11-12T13:30:26.600" /><!-- duration: 16ms -->
          <step title="Copying file: &apos;MH.Infrastructure.pdb&apos;" date="2025-11-12T13:30:26.616" /><!-- duration: 0ms -->
          <step title="Copying file: &apos;MH.Infrastructure.runtimeconfig.json&apos;" date="2025-11-12T13:30:26.631" /><!-- duration: 0ms -->
          <step title="Copying file: &apos;Microsoft.ApplicationInsights.dll&apos;" date="2025-11-12T13:30:26.647" /><!-- duration: 0ms -->
          <step title="Copying file: &apos;Microsoft.AspNetCore.Authentication.Facebook.dll&apos;" date="2025-11-12T13:30:26.662" /><!-- duration: 0ms -->
          <step title="Copying file: &apos;Microsoft.AspNetCore.Authentication.JwtBearer.dll&apos;" date="2025-11-12T13:30:26.662" /><!-- duration: 16ms -->
          <step title="Copying file: &apos;Microsoft.AspNetCore.Cryptography.Internal.dll&apos;" date="2025-11-12T13:30:26.678" /><!-- duration: 16ms -->
          <step title="Copying file: &apos;Microsoft.AspNetCore.Cryptography.KeyDerivation.dll&apos;" date="2025-11-12T13:30:26.694" /><!-- duration: 16ms -->
          <step title="Copying file: &apos;Microsoft.AspNetCore.Http.Features.dll&apos;" date="2025-11-12T13:30:26.709" /><!-- duration: 0ms -->
          <step title="Copying file: &apos;Microsoft.AspNetCore.Identity.EntityFrameworkCore.dll&apos;" date="2025-11-12T13:30:26.725" /><!-- duration: 0ms -->
          <step title="Copying file: &apos;Microsoft.Bcl.AsyncInterfaces.dll&apos;" date="2025-11-12T13:30:26.741" /><!-- duration: 0ms -->
          <step title="Copying file: &apos;Microsoft.Data.SqlClient.dll&apos;" date="2025-11-12T13:30:26.756" /><!-- duration: 0ms -->
          <step title="Copying file: &apos;Microsoft.EntityFrameworkCore.Abstractions.dll&apos;" date="2025-11-12T13:30:26.772" /><!-- duration: 0ms -->
          <step title="Copying file: &apos;Microsoft.EntityFrameworkCore.dll&apos;" date="2025-11-12T13:30:26.772" /><!-- duration: 16ms -->
          <step title="Copying file: &apos;Microsoft.EntityFrameworkCore.Relational.dll&apos;" date="2025-11-12T13:30:26.803" /><!-- duration: 0ms -->
          <step title="Copying file: &apos;Microsoft.EntityFrameworkCore.SqlServer.dll&apos;" date="2025-11-12T13:30:26.803" /><!-- duration: 16ms -->
          <step title="Copying file: &apos;Microsoft.Extensions.Caching.Abstractions.dll&apos;" date="2025-11-12T13:30:26.819" /><!-- duration: 16ms -->
          <step title="Omitting next output lines..." date="2025-11-12T13:30:26.834" /><!-- duration: 0ms -->
          <step title="Finished successfully." date="2025-11-12T13:30:30.732" /><!-- duration: 16ms -->
        </step><!-- duration: 5460ms -->
        <step title="Build completed succesfully." date="2025-11-12T13:30:30.795" /><!-- duration: 0ms -->
        <step title="Running post deployment command(s)..." date="2025-11-12T13:30:30.826" /><!-- duration: 16ms -->
        <step title="Requesting site restart" date="2025-11-12T13:30:30.873" /><!-- duration: 0ms -->
        <step title="Requesting site restart" date="2025-11-12T13:30:30.888" /><!-- duration: 0ms -->
        <step title="Requesting site restart. Attempt #1" date="2025-11-12T13:30:30.935" /><!-- duration: 0ms -->
        <step title="Requesting site restart. Attempt #1" date="2025-11-12T13:30:30.935" /><!-- duration: 0ms -->
        <step title="Successfully requested a restart. Attempt #1" date="2025-11-12T13:30:31.263" /><!-- duration: 0ms -->
        <step title="Successfully requested a restart. Attempt #1" date="2025-11-12T13:30:31.263" /><!-- duration: 16ms -->
        <step title="Deployment successful. DEPLOYMENTINFO: deploymentPath = OneDeploy, deployer = OneDeploy, os = windows, sku = Free, siteName = NgCanduAPI, siteHostName = ngcanduapi.azurewebsites.net, deploymentStatus = Success" date="2025-11-12T13:30:31.310" /><!-- duration: 16ms -->
        <step title="Purge deployment items" date="2025-11-12T13:30:31.404" >
          <step title="Remove b75148f7e, Success, received at 11/12/2025 10:44:39 AM" date="2025-11-12T13:30:31.451" /><!-- duration: 16ms -->
        </step><!-- duration: 62ms -->
      </step><!-- duration: 6523ms -->
    </step><!-- duration: 6773ms -->
    <step title="Cleaning up temp files" date="2025-11-12T13:30:31.498" /><!-- duration: 0ms -->
    <step title="Skip function trigger and logicapp sync because function is not enabled." date="2025-11-12T13:30:31.513" /><!-- duration: 0ms -->
  </step><!-- duration: 7945ms -->
  <step title="LockFile &apos;C:\home\site\locks\deployments.lock&apos; released" date="2025-11-12T13:30:31.529" /><!-- duration: 16ms -->
  <step title="Deleting shutdown sentinel file" date="2025-11-12T13:30:31.545" SemaphoreCount="8" /><!-- duration: 16ms -->
</step><!-- duration: 8038ms -->
