<step title="Incoming Request" date="2025-11-17T14:28:47.295" instance="92ca53" url="/api/publish?type=zip&amp;async=True" method="POST" type="request" pid="8256,2,60" Cache-Control="no-cache" Content-Length="23340587" Content-Type="application/octet-stream" Accept="*/*" Accept-Encoding="gzip, deflate" Authorization="Bas..." Host="ngcanduapi.scm.azurewebsites.net" User-Agent="AZURECLI/2.75.0 (MSI)" x-ms-client-request-id="b635e3a3-c3c1-11f0-8a93-c025a5cfe792" X-ARR-LOG-ID="b635e3a3-c3c1-11f0-8a93-c025a5cfe792" CLIENT-IP="197.234.156.224:59523" X-SITE-DEPLOYMENT-ID="NgCanduAPI" WAS-DEFAULT-HOSTNAME="ngcanduapi.scm.azurewebsites.net" X-Forwarded-Proto="https" X-AppService-Proto="https" X-Forwarded-TlsVersion="1.3" X-WAWS-Unencoded-URL="/api/publish?type=zip&amp;async=True" >
  <step title="Cleanup Xml Logs" date="2025-11-17T14:28:47.295" /><!-- duration: 16ms -->
  <step title="OneDeploy" date="2025-11-17T14:28:47.732" >
    <step title="Starting PushDeployAsync" date="2025-11-17T14:28:47.748" /><!-- duration: 0ms -->
    <step title="Updating shutdown sentinel last write time" date="2025-11-17T14:28:47.763" SemaphoreCount="7" /><!-- duration: 0ms -->
    <step title="LockFile &apos;C:\home\site\locks\deployments.lock&apos; acquired" date="2025-11-17T14:28:47.779" /><!-- duration: 0ms -->
    <step title="Saving request content to C:\local\Temp\zipdeploy\1wvei4j4.zip" date="2025-11-17T14:28:47.779" >
      <step title="Total 23,340,587 bytes written to C:\local\Temp\zipdeploy\1wvei4j4.zip" date="2025-11-17T14:28:50.484" /><!-- duration: 0ms -->
    </step><!-- duration: 2721ms -->
    <step title="LockFile &apos;C:\home\site\locks\deployments.lock&apos; released" date="2025-11-17T14:28:50.500" /><!-- duration: 0ms -->
    <step title="Deleting shutdown sentinel file" date="2025-11-17T14:28:50.516" SemaphoreCount="8" /><!-- duration: 16ms -->
    <step title="Starting FetchDeploy" date="2025-11-17T14:28:50.563" /><!-- duration: 0ms -->
    <step title="Start deployment in the background" date="2025-11-17T14:28:50.563" /><!-- duration: 78ms -->
  </step><!-- duration: 2908ms -->
  <step title="Outgoing response" date="2025-11-17T14:28:50.641" type="response" statusCode="202" statusText="Accepted" Server="Microsoft-IIS/10.0" x-ms-request-id="b635e3a3-c3c1-11f0-8a93-c025a5cfe792" Retry-After="30" Cache-Control="private" X-AspNet-Version="4.0.30319" Location="https://ngcanduapi.scm.azurewebsites.net/api/deployments/latest?deployer=OneDeploy&amp;time=2025-11-17_14-28-50Z" /><!-- duration: 16ms -->
</step><!-- duration: 3362ms -->
