<step title="BackgroundTrace" date="2025-11-17T11:50:19.412" instance="92ca53" url="/api/publish" method="POST" >
  <step title="Updating shutdown sentinel last write time" date="2025-11-17T11:50:19.412" SemaphoreCount="7" /><!-- duration: 16ms -->
  <step title="LockFile &apos;C:\home\site\locks\deployments.lock&apos; acquired" date="2025-11-17T11:50:19.428" /><!-- duration: 0ms -->
  <step title="Creating temporary deployment" date="2025-11-17T11:50:19.443" /><!-- duration: 47ms -->
  <step title="Performing fetch based deployment" date="2025-11-17T11:50:19.490" >
    <step title="Fetching changes." date="2025-11-17T11:50:19.553" /><!-- duration: 16ms -->
    <step title="Starting LocalZipHandler" date="2025-11-17T11:50:19.584" /><!-- duration: 0ms -->
    <step title="Cleaning up temp folders from previous zip deployments and extracting pushed zip file C:\local\Temp\zipdeploy\odhy0g3l.zip (22.22 MB) to C:\local\Temp\zipdeploy\extracted" date="2025-11-17T11:50:19.615" /><!-- duration: 0ms -->
    <step title="Cleaning up temp folders from previous zip deployments and extracting pushed zip file C:\local\Temp\zipdeploy\odhy0g3l.zip (22.22 MB) to C:\local\Temp\zipdeploy\extracted" date="2025-11-17T11:50:19.631" >
      <step title="Extracting 233 entries to C:\local\Temp\zipdeploy\extracted directory" date="2025-11-17T11:50:19.646" >
        <step title="Extracting to C:\local\Temp\zipdeploy\extracted\ca\Hangfire.Core.resources.dll ..." date="2025-11-17T11:50:19.646" /><!-- duration: 16ms -->
        <step title="Extracting to C:\local\Temp\zipdeploy\extracted\de\Hangfire.Core.resources.dll ..." date="2025-11-17T11:50:19.662" /><!-- duration: 16ms -->
        <step title="Extracting to C:\local\Temp\zipdeploy\extracted\es\Hangfire.Core.resources.dll ..." date="2025-11-17T11:50:19.678" /><!-- duration: 0ms -->
        <step title="Extracting to C:\local\Temp\zipdeploy\extracted\fa\Hangfire.Core.resources.dll ..." date="2025-11-17T11:50:19.693" /><!-- duration: 0ms -->
        <step title="Extracting to C:\local\Temp\zipdeploy\extracted\fr\Hangfire.Core.resources.dll ..." date="2025-11-17T11:50:19.709" /><!-- duration: 0ms -->
        <step title="Omitting extracting file traces ..." date="2025-11-17T11:50:19.709" /><!-- duration: 16ms -->
      </step><!-- duration: 906ms -->
    </step><!-- duration: 922ms -->
    <step title="Before sending BuildRequestReceived status to /api/updatedeploystatus" date="2025-11-17T11:50:20.568" /><!-- duration: 0ms -->
    <step title="DeploymentManager.Deploy(id:194632e9506e494bb4d801292b41370a)" date="2025-11-17T11:50:20.568" >
      <step title="Collecting changeset information" date="2025-11-17T11:50:20.584" /><!-- duration: 31ms -->
      <step title="Updating submodules" date="2025-11-17T11:50:20.631" >
        <step title="Updating submodules." date="2025-11-17T11:50:20.662" /><!-- duration: 0ms -->
      </step><!-- duration: 47ms -->
      <step title="Preparing deployment for commit id &apos;194632e950&apos;." date="2025-11-17T11:50:20.725" /><!-- duration: 16ms -->
      <step title="Determining deployment builder" date="2025-11-17T11:50:20.771" >
        <step title="Builder is OneDeployBuilder" date="2025-11-17T11:50:20.771" /><!-- duration: 0ms -->
      </step><!-- duration: 16ms -->
      <step title="Copying SSH keys" date="2025-11-17T11:50:20.818" /><!-- duration: 0ms -->
      <step title="Building" date="2025-11-17T11:50:20.818" >
        <step title="Running build. Project type: OneDeploy" date="2025-11-17T11:50:20.865" /><!-- duration: 0ms -->
        <step title="Copying the manifest" date="2025-11-17T11:50:20.912" /><!-- duration: 0ms -->
        <step title="Clean deploying to C:\home\site\wwwroot" date="2025-11-17T11:50:20.959" /><!-- duration: 0ms -->
        <step title="Generating deployment script." date="2025-11-17T11:50:21.006" /><!-- duration: 0ms -->
        <step title="Generating deployment script" date="2025-11-17T11:50:21.021" >
          <step title="Using cached version of the deployment script for command: -y --no-dot-deployment -r &quot;C:\local\Temp\zipdeploy\extracted&quot; -o &quot;C:\home\site\deployments\tools&quot; --basic --sitePath &quot;C:\local\Temp\zipdeploy\extracted&quot;" date="2025-11-17T11:50:21.053" /><!-- duration: 16ms -->
          <step title="Using cached version of deployment script (command: &apos;azure -y --no-dot-deployment -r &quot;C:\local\Temp\zipdeploy\extracted&quot; -o &quot;C:\home\site\deployments\tools&quot; --basic --sitePath &quot;C:\local\Temp\zipdeploy\extracted&quot;&apos;)." date="2025-11-17T11:50:21.084" /><!-- duration: 0ms -->
        </step><!-- duration: 78ms -->
        <step title="Running deployment command..." date="2025-11-17T11:50:21.131" /><!-- duration: 16ms -->
        <step title="Command: &quot;C:\home\site\deployments\tools\deploy.cmd&quot;" date="2025-11-17T11:50:21.146" /><!-- duration: 16ms -->
        <step title="Executing external process" date="2025-11-17T11:50:21.162" type="process" path="starter.cmd" arguments="&quot;C:\home\site\deployments\tools\deploy.cmd&quot;" >
          <step title="Handling Basic Web Site deployment." date="2025-11-17T11:50:21.287" /><!-- duration: 16ms -->
          <step title="Creating app_offline.htm" date="2025-11-17T11:50:23.928" /><!-- duration: 0ms -->
          <step title="KuduSync.NET from: &apos;C:\local\Temp\zipdeploy\extracted&apos; to: &apos;C:\home\site\wwwroot&apos;" date="2025-11-17T11:50:23.943" /><!-- duration: 0ms -->
          <step title="Copying file: &apos;MH.Infrastructure.dll&apos;" date="2025-11-17T11:50:23.990" /><!-- duration: 47ms -->
          <step title="Copying file: &apos;MH.Infrastructure.pdb&apos;" date="2025-11-17T11:50:24.053" /><!-- duration: 0ms -->
          <step title="Copying file: &apos;publish\publish\appsettings.Development.json&apos;" date="2025-11-17T11:50:24.053" /><!-- duration: 16ms -->
          <step title="Copying file: &apos;publish\publish\appsettings.json&apos;" date="2025-11-17T11:50:24.068" /><!-- duration: 16ms -->
          <step title="Copying file: &apos;publish\publish\MH.Api.deps.json&apos;" date="2025-11-17T11:50:24.084" /><!-- duration: 0ms -->
          <step title="Copying file: &apos;publish\publish\MH.Api.runtimeconfig.json&apos;" date="2025-11-17T11:50:24.100" /><!-- duration: 0ms -->
          <step title="Copying file: &apos;publish\publish\MH.Api.staticwebassets.endpoints.json&apos;" date="2025-11-17T11:50:24.115" /><!-- duration: 0ms -->
          <step title="Copying file: &apos;publish\publish\web.config&apos;" date="2025-11-17T11:50:24.131" /><!-- duration: 0ms -->
          <step title="Deleting app_offline.htm" date="2025-11-17T11:50:24.131" /><!-- duration: 16ms -->
          <step title="Finished successfully." date="2025-11-17T11:50:24.147" /><!-- duration: 16ms -->
        </step><!-- duration: 3000ms -->
        <step title="Build completed succesfully." date="2025-11-17T11:50:24.240" /><!-- duration: 16ms -->
        <step title="Running post deployment command(s)..." date="2025-11-17T11:50:24.287" /><!-- duration: 16ms -->
        <step title="Requesting site restart" date="2025-11-17T11:50:24.350" /><!-- duration: 0ms -->
        <step title="Requesting site restart" date="2025-11-17T11:50:24.350" /><!-- duration: 0ms -->
        <step title="Requesting site restart. Attempt #1" date="2025-11-17T11:50:24.397" /><!-- duration: 16ms -->
        <step title="Requesting site restart. Attempt #1" date="2025-11-17T11:50:24.412" /><!-- duration: 0ms -->
        <step title="Successfully requested a restart. Attempt #1" date="2025-11-17T11:50:24.756" /><!-- duration: 0ms -->
        <step title="Successfully requested a restart. Attempt #1" date="2025-11-17T11:50:24.756" /><!-- duration: 0ms -->
        <step title="Deployment successful. DEPLOYMENTINFO: deploymentPath = OneDeploy, deployer = OneDeploy, os = windows, sku = Free, siteName = NgCanduAPI, siteHostName = ngcanduapi.azurewebsites.net, deploymentStatus = Success" date="2025-11-17T11:50:24.803" /><!-- duration: 0ms -->
        <step title="Purge deployment items" date="2025-11-17T11:50:24.959" >
          <step title="Remove 34e706f52, Success, received at 11/17/2025 8:58:38 AM" date="2025-11-17T11:50:25.006" /><!-- duration: 16ms -->
        </step><!-- duration: 63ms -->
      </step><!-- duration: 4219ms -->
    </step><!-- duration: 4484ms -->
    <step title="Cleaning up temp files" date="2025-11-17T11:50:25.053" /><!-- duration: 16ms -->
    <step title="Skip function trigger and logicapp sync because function is not enabled." date="2025-11-17T11:50:25.068" /><!-- duration: 16ms -->
  </step><!-- duration: 5625ms -->
  <step title="LockFile &apos;C:\home\site\locks\deployments.lock&apos; released" date="2025-11-17T11:50:25.131" /><!-- duration: 0ms -->
  <step title="Deleting shutdown sentinel file" date="2025-11-17T11:50:25.147" SemaphoreCount="8" /><!-- duration: 0ms -->
</step><!-- duration: 5734ms -->
