<step title="Incoming Request" date="2025-11-14T09:23:29.572" instance="92ca53" url="/api/zipdeploy" method="POST" type="request" pid="7336,2,50" Content-Length="23248390" Content-Type="multipart/form-data" Authorization="Bas..." Host="ngcanduapi.scm.azurewebsites.net" User-Agent="powershell/1.0" X-ARR-LOG-ID="41f434a9-8f66-4997-bb51-8f8f44169a36" CLIENT-IP="197.234.156.224:57024" X-SITE-DEPLOYMENT-ID="NgCanduAPI" WAS-DEFAULT-HOSTNAME="ngcanduapi.scm.azurewebsites.net" X-Forwarded-Proto="https" X-AppService-Proto="https" X-Forwarded-TlsVersion="1.3" X-WAWS-Unencoded-URL="/api/zipdeploy" >
  <step title="Cleanup Xml Logs" date="2025-11-14T09:23:29.587" >
    <step title="Cleanup Infos" date="2025-11-14T09:23:29.603" totalFiles="200" totalCleanup="40" /><!-- duration: 657ms -->
  </step><!-- duration: 688ms -->
  <step title="ZipPushDeploy" date="2025-11-14T09:23:30.291" >
    <step title="ZipDeploy. Extract zip. " date="2025-11-14T09:23:30.291" /><!-- duration: 0ms -->
    <step title="Starting PushDeployAsync" date="2025-11-14T09:23:30.306" /><!-- duration: 0ms -->
    <step title="Updating shutdown sentinel last write time" date="2025-11-14T09:23:30.322" SemaphoreCount="7" /><!-- duration: 16ms -->
    <step title="LockFile &apos;C:\home\site\locks\deployments.lock&apos; acquired" date="2025-11-14T09:23:30.353" /><!-- duration: 16ms -->
    <step title="Saving request content to C:\local\Temp\zipdeploy\z4zjcnox.zip" date="2025-11-14T09:23:30.369" >
      <step title="Total 23,248,390 bytes written to C:\local\Temp\zipdeploy\z4zjcnox.zip" date="2025-11-14T09:23:33.984" /><!-- duration: 0ms -->
    </step><!-- duration: 3615ms -->
    <step title="LockFile &apos;C:\home\site\locks\deployments.lock&apos; released" date="2025-11-14T09:23:34.000" /><!-- duration: 0ms -->
    <step title="Deleting shutdown sentinel file" date="2025-11-14T09:23:34.015" SemaphoreCount="8" /><!-- duration: 0ms -->
    <step title="Starting FetchDeploy" date="2025-11-14T09:23:34.015" /><!-- duration: 16ms -->
    <step title="Attempting to fetch target branch HEAD" date="2025-11-14T09:23:34.031" /><!-- duration: 0ms -->
    <step title="Updating shutdown sentinel last write time" date="2025-11-14T09:23:34.047" SemaphoreCount="7" /><!-- duration: 0ms -->
    <step title="LockFile &apos;C:\home\site\locks\deployments.lock&apos; acquired" date="2025-11-14T09:23:34.062" /><!-- duration: 0ms -->
    <step title="Performing fetch based deployment" date="2025-11-14T09:23:34.062" >
      <step title="Creating temporary deployment" date="2025-11-14T09:23:34.078" /><!-- duration: 31ms -->
      <step title="Fetching changes." date="2025-11-14T09:23:34.156" /><!-- duration: 0ms -->
      <step title="Starting LocalZipHandler" date="2025-11-14T09:23:34.172" /><!-- duration: 0ms -->
      <step title="Starting LocalZipFetch" date="2025-11-14T09:23:34.187" /><!-- duration: 0ms -->
      <step title="Cleaning up temp folders from previous zip deployments and extracting pushed zip file C:\local\Temp\zipdeploy\z4zjcnox.zip (22.17 MB) to C:\local\Temp\zipdeploy\extracted" date="2025-11-14T09:23:34.203" /><!-- duration: 0ms -->
      <step title="Cleaning up temp folders from previous zip deployments and extracting pushed zip file C:\local\Temp\zipdeploy\z4zjcnox.zip (22.17 MB) to C:\local\Temp\zipdeploy\extracted" date="2025-11-14T09:23:34.218" >
        <step title="Renaming extractTargetDirectory(C:\local\Temp\zipdeploy\extracted) to tempDirectory(C:\local\Temp\zipdeploy\hyctmkze.ydr)" date="2025-11-14T09:23:34.218" /><!-- duration: 0ms -->
        <step title="Extracting 221 entries to C:\local\Temp\zipdeploy\extracted directory" date="2025-11-14T09:23:34.234" >
          <step title="Extracting to C:\local\Temp\zipdeploy\extracted\ca\Hangfire.Core.resources.dll ..." date="2025-11-14T09:23:34.234" /><!-- duration: 16ms -->
          <step title="Extracting to C:\local\Temp\zipdeploy\extracted\de\Hangfire.Core.resources.dll ..." date="2025-11-14T09:23:34.250" /><!-- duration: 0ms -->
          <step title="Extracting to C:\local\Temp\zipdeploy\extracted\es\Hangfire.Core.resources.dll ..." date="2025-11-14T09:23:34.265" /><!-- duration: 0ms -->
          <step title="Extracting to C:\local\Temp\zipdeploy\extracted\fa\Hangfire.Core.resources.dll ..." date="2025-11-14T09:23:34.265" /><!-- duration: 16ms -->
          <step title="Extracting to C:\local\Temp\zipdeploy\extracted\fr\Hangfire.Core.resources.dll ..." date="2025-11-14T09:23:34.281" /><!-- duration: 0ms -->
          <step title="Omitting extracting file traces ..." date="2025-11-14T09:23:34.297" /><!-- duration: 0ms -->
        </step><!-- duration: 875ms -->
      </step><!-- duration: 891ms -->
      <step title="None repository commit" date="2025-11-14T09:23:35.125" >
        <step title="Commit id: 5b2e765a1b134f55abb11f0019f9547e" date="2025-11-14T09:23:35.125" Message="Created via a push deployment" AuthorName="N/A" AuthorEmail="N/A" /><!-- duration: 0ms -->
      </step><!-- duration: 16ms -->
      <step title="Before sending BuildRequestReceived status to /api/updatedeploystatus" date="2025-11-14T09:23:35.140" /><!-- duration: 0ms -->
      <step title="DeploymentManager.Deploy(id:5b2e765a1b134f55abb11f0019f9547e)" date="2025-11-14T09:23:35.156" >
        <step title="Collecting changeset information" date="2025-11-14T09:23:35.172" /><!-- duration: 31ms -->
        <step title="Updating submodules" date="2025-11-14T09:23:35.218" >
          <step title="Updating submodules." date="2025-11-14T09:23:35.250" /><!-- duration: 16ms -->
        </step><!-- duration: 47ms -->
        <step title="Preparing deployment for commit id &apos;5b2e765a1b&apos;." date="2025-11-14T09:23:35.312" /><!-- duration: 0ms -->
        <step title="Determining deployment builder" date="2025-11-14T09:23:35.359" >
          <step title="Builder is BasicBuilder" date="2025-11-14T09:23:35.359" /><!-- duration: 16ms -->
        </step><!-- duration: 16ms -->
        <step title="Copying SSH keys" date="2025-11-14T09:23:35.406" /><!-- duration: 0ms -->
        <step title="Building" date="2025-11-14T09:23:35.422" >
          <step title="Generating deployment script." date="2025-11-14T09:23:35.468" /><!-- duration: 0ms -->
          <step title="Generating deployment script" date="2025-11-14T09:23:35.468" >
            <step title="Using cached version of the deployment script for command: -y --no-dot-deployment -r &quot;C:\local\Temp\zipdeploy\extracted&quot; -o &quot;C:\home\site\deployments\tools&quot; --basic --sitePath &quot;C:\local\Temp\zipdeploy\extracted&quot;" date="2025-11-14T09:23:35.500" /><!-- duration: 16ms -->
            <step title="Using cached version of deployment script (command: &apos;azure -y --no-dot-deployment -r &quot;C:\local\Temp\zipdeploy\extracted&quot; -o &quot;C:\home\site\deployments\tools&quot; --basic --sitePath &quot;C:\local\Temp\zipdeploy\extracted&quot;&apos;)." date="2025-11-14T09:23:35.515" /><!-- duration: 0ms -->
          </step><!-- duration: 62ms -->
          <step title="Running deployment command..." date="2025-11-14T09:23:35.578" /><!-- duration: 0ms -->
          <step title="Command: &quot;C:\home\site\deployments\tools\deploy.cmd&quot;" date="2025-11-14T09:23:35.609" /><!-- duration: 0ms -->
          <step title="Executing external process" date="2025-11-14T09:23:35.625" type="process" path="starter.cmd" arguments="&quot;C:\home\site\deployments\tools\deploy.cmd&quot;" >
            <step title="Handling Basic Web Site deployment." date="2025-11-14T09:23:35.734" /><!-- duration: 16ms -->
            <step title="Creating app_offline.htm" date="2025-11-14T09:23:36.453" /><!-- duration: 0ms -->
            <step title="KuduSync.NET from: &apos;C:\local\Temp\zipdeploy\extracted&apos; to: &apos;C:\home\site\wwwroot&apos;" date="2025-11-14T09:23:36.469" /><!-- duration: 0ms -->
            <step title="Copying file: &apos;appsettings.Development.json&apos;" date="2025-11-14T09:23:36.484" /><!-- duration: 16ms -->
            <step title="Copying file: &apos;appsettings.json&apos;" date="2025-11-14T09:23:36.515" /><!-- duration: 0ms -->
            <step title="Copying file: &apos;AutoMapper.dll&apos;" date="2025-11-14T09:23:36.531" /><!-- duration: 0ms -->
            <step title="Copying file: &apos;AutoMapper.Extensions.Microsoft.DependencyInjection.dll&apos;" date="2025-11-14T09:23:36.547" /><!-- duration: 16ms -->
            <step title="Copying file: &apos;Azure.Core.dll&apos;" date="2025-11-14T09:23:36.562" /><!-- duration: 16ms -->
            <step title="Copying file: &apos;Azure.Identity.dll&apos;" date="2025-11-14T09:23:36.594" /><!-- duration: 0ms -->
            <step title="Copying file: &apos;BouncyCastle.Crypto.dll&apos;" date="2025-11-14T09:23:36.609" /><!-- duration: 0ms -->
            <step title="Copying file: &apos;FluentValidation.AspNetCore.dll&apos;" date="2025-11-14T09:23:36.625" /><!-- duration: 16ms -->
            <step title="Copying file: &apos;FluentValidation.DependencyInjectionExtensions.dll&apos;" date="2025-11-14T09:23:36.656" /><!-- duration: 0ms -->
            <step title="Copying file: &apos;FluentValidation.dll&apos;" date="2025-11-14T09:23:36.672" /><!-- duration: 0ms -->
            <step title="Copying file: &apos;Google.Apis.Auth.dll&apos;" date="2025-11-14T09:23:36.687" /><!-- duration: 0ms -->
            <step title="Copying file: &apos;Google.Apis.Auth.PlatformServices.dll&apos;" date="2025-11-14T09:23:36.703" /><!-- duration: 16ms -->
            <step title="Copying file: &apos;Google.Apis.Core.dll&apos;" date="2025-11-14T09:23:36.734" /><!-- duration: 0ms -->
            <step title="Copying file: &apos;Google.Apis.dll&apos;" date="2025-11-14T09:23:36.750" /><!-- duration: 0ms -->
            <step title="Copying file: &apos;Hangfire.AspNetCore.dll&apos;" date="2025-11-14T09:23:36.765" /><!-- duration: 0ms -->
            <step title="Copying file: &apos;Hangfire.Core.dll&apos;" date="2025-11-14T09:23:36.797" /><!-- duration: 0ms -->
            <step title="Copying file: &apos;Hangfire.SqlServer.dll&apos;" date="2025-11-14T09:23:36.812" /><!-- duration: 0ms -->
            <step title="Copying file: &apos;MailKit.dll&apos;" date="2025-11-14T09:23:36.828" /><!-- duration: 16ms -->
            <step title="Copying file: &apos;MH.Api.deps.json&apos;" date="2025-11-14T09:23:36.859" /><!-- duration: 0ms -->
            <step title="Copying file: &apos;MH.Api.dll&apos;" date="2025-11-14T09:23:36.875" /><!-- duration: 0ms -->
            <step title="Copying file: &apos;MH.Api.exe&apos;" date="2025-11-14T09:23:36.890" /><!-- duration: 16ms -->
            <step title="Copying file: &apos;MH.Api.pdb&apos;" date="2025-11-14T09:23:36.922" /><!-- duration: 0ms -->
            <step title="Copying file: &apos;MH.Api.runtimeconfig.json&apos;" date="2025-11-14T09:23:36.937" /><!-- duration: 0ms -->
            <step title="Copying file: &apos;MH.Api.staticwebassets.endpoints.json&apos;" date="2025-11-14T09:23:36.969" /><!-- duration: 0ms -->
            <step title="Copying file: &apos;MH.Application.dll&apos;" date="2025-11-14T09:23:36.984" /><!-- duration: 0ms -->
            <step title="Copying file: &apos;MH.Application.pdb&apos;" date="2025-11-14T09:23:37.000" /><!-- duration: 16ms -->
            <step title="Copying file: &apos;MH.Domain.dll&apos;" date="2025-11-14T09:23:37.031" /><!-- duration: 0ms -->
            <step title="Copying file: &apos;MH.Domain.pdb&apos;" date="2025-11-14T09:23:37.047" /><!-- duration: 0ms -->
            <step title="Copying file: &apos;MH.Infrastructure.dll&apos;" date="2025-11-14T09:23:37.062" /><!-- duration: 0ms -->
            <step title="Copying file: &apos;MH.Infrastructure.pdb&apos;" date="2025-11-14T09:23:37.078" /><!-- duration: 16ms -->
            <step title="Copying file: &apos;Microsoft.ApplicationInsights.dll&apos;" date="2025-11-14T09:23:37.109" /><!-- duration: 0ms -->
            <step title="Copying file: &apos;Microsoft.AspNetCore.Authentication.Facebook.dll&apos;" date="2025-11-14T09:23:37.125" /><!-- duration: 16ms -->
            <step title="Copying file: &apos;Microsoft.AspNetCore.Authentication.JwtBearer.dll&apos;" date="2025-11-14T09:23:37.140" /><!-- duration: 16ms -->
            <step title="Copying file: &apos;Microsoft.AspNetCore.Identity.EntityFrameworkCore.dll&apos;" date="2025-11-14T09:23:37.172" /><!-- duration: 0ms -->
            <step title="Copying file: &apos;Microsoft.Bcl.AsyncInterfaces.dll&apos;" date="2025-11-14T09:23:37.187" /><!-- duration: 16ms -->
            <step title="Copying file: &apos;Microsoft.Data.SqlClient.dll&apos;" date="2025-11-14T09:23:37.203" /><!-- duration: 16ms -->
            <step title="Copying file: &apos;Microsoft.EntityFrameworkCore.Abstractions.dll&apos;" date="2025-11-14T09:23:37.234" /><!-- duration: 0ms -->
            <step title="Copying file: &apos;Microsoft.EntityFrameworkCore.dll&apos;" date="2025-11-14T09:23:37.250" /><!-- duration: 16ms -->
            <step title="Copying file: &apos;Microsoft.EntityFrameworkCore.Relational.dll&apos;" date="2025-11-14T09:23:37.282" /><!-- duration: 0ms -->
            <step title="Copying file: &apos;Microsoft.EntityFrameworkCore.SqlServer.dll&apos;" date="2025-11-14T09:23:37.313" /><!-- duration: 0ms -->
            <step title="Copying file: &apos;Microsoft.Extensions.DependencyModel.dll&apos;" date="2025-11-14T09:23:37.328" /><!-- duration: 0ms -->
            <step title="Copying file: &apos;Microsoft.Identity.Client.dll&apos;" date="2025-11-14T09:23:37.344" /><!-- duration: 0ms -->
            <step title="Copying file: &apos;Microsoft.Identity.Client.Extensions.Msal.dll&apos;" date="2025-11-14T09:23:37.391" /><!-- duration: 0ms -->
            <step title="Copying file: &apos;Microsoft.IdentityModel.Abstractions.dll&apos;" date="2025-11-14T09:23:37.407" /><!-- duration: 16ms -->
            <step title="Copying file: &apos;Microsoft.IdentityModel.JsonWebTokens.dll&apos;" date="2025-11-14T09:23:37.438" /><!-- duration: 0ms -->
            <step title="Copying file: &apos;Microsoft.IdentityModel.Logging.dll&apos;" date="2025-11-14T09:23:37.453" /><!-- duration: 0ms -->
            <step title="Copying file: &apos;Microsoft.IdentityModel.Protocols.dll&apos;" date="2025-11-14T09:23:37.469" /><!-- duration: 16ms -->
            <step title="Copying file: &apos;Microsoft.IdentityModel.Protocols.OpenIdConnect.dll&apos;" date="2025-11-14T09:23:37.500" /><!-- duration: 0ms -->
            <step title="Omitting next output lines..." date="2025-11-14T09:23:37.516" /><!-- duration: 16ms -->
            <step title="Finished successfully." date="2025-11-14T09:23:40.844" /><!-- duration: 0ms -->
          </step><!-- duration: 5235ms -->
          <step title="Running post deployment command(s)..." date="2025-11-14T09:23:40.907" /><!-- duration: 0ms -->
          <step title="Triggering recycle (preview mode disabled)." date="2025-11-14T09:23:40.954" /><!-- duration: 16ms -->
          <step title="Ignoring FS watcher based recycle request as this is a classic Windows app." date="2025-11-14T09:23:40.969" /><!-- duration: 16ms -->
          <step title="Deployment successful. DEPLOYMENTINFO: deploymentPath = ZipDeploy. Extract zip. , deployer = ZipDeploy, os = windows, sku = Free, siteName = NgCanduAPI, siteHostName = ngcanduapi.azurewebsites.net, deploymentStatus = Success" date="2025-11-14T09:23:41.032" /><!-- duration: 0ms -->
          <step title="Purge deployment items" date="2025-11-14T09:23:41.157" >
            <step title="Remove 9ecccb425, Success, received at 11/12/2025 11:07:22 AM" date="2025-11-14T09:23:41.204" /><!-- duration: 16ms -->
          </step><!-- duration: 63ms -->
        </step><!-- duration: 5829ms -->
      </step><!-- duration: 6095ms -->
      <step title="Cleaning up temp files" date="2025-11-14T09:23:41.266" /><!-- duration: 0ms -->
      <step title="Skip function trigger and logicapp sync because function is not enabled." date="2025-11-14T09:23:41.282" /><!-- duration: 0ms -->
    </step><!-- duration: 7267ms -->
    <step title="LockFile &apos;C:\home\site\locks\deployments.lock&apos; released" date="2025-11-14T09:23:41.329" /><!-- duration: 16ms -->
    <step title="Deleting shutdown sentinel file" date="2025-11-14T09:23:41.344" SemaphoreCount="8" /><!-- duration: 16ms -->
  </step><!-- duration: 11069ms -->
  <step title="Outgoing response" date="2025-11-14T09:23:41.360" type="response" statusCode="200" statusText="OK" Server="Microsoft-IIS/10.0" x-ms-request-id="41f434a9-8f66-4997-bb51-8f8f44169a36" Cache-Control="private" X-AspNet-Version="4.0.30319" /><!-- duration: 16ms -->
</step><!-- duration: 11804ms -->
