<step title="Incoming Request" date="2025-11-17T10:37:22.069" instance="92ca53" url="/api/publish?type=zip&amp;async=False" method="POST" type="request" pid="4860,2,8" Cache-Control="no-cache" Connection="Keep-Alive" Content-Length="23469036" Content-Type="application/octet-stream" Accept="*/*" Accept-Encoding="gzip, deflate" Authorization="Bas..." Host="ngcanduapi.scm.azurewebsites.net" User-Agent="AZURECLI/2.75.0 (MSI)" x-ms-client-request-id="60891f0c-c3a1-11f0-8706-c025a5cfe792" X-ARR-LOG-ID="60891f0c-c3a1-11f0-8706-c025a5cfe792" CLIENT-IP="197.234.156.224:55060" X-SITE-DEPLOYMENT-ID="NgCanduAPI" WAS-DEFAULT-HOSTNAME="ngcanduapi.scm.azurewebsites.net" X-Forwarded-Proto="https" X-AppService-Proto="https" X-Forwarded-TlsVersion="1.3" X-WAWS-Unencoded-URL="/api/publish?type=zip&amp;async=False" X-MS-COLDSTART="1" >
  <step title="OneDeploy" date="2025-11-17T10:37:22.585" >
    <step title="Starting PushDeployAsync" date="2025-11-17T10:37:22.616" /><!-- duration: 0ms -->
    <step title="Updating shutdown sentinel last write time" date="2025-11-17T10:37:22.663" SemaphoreCount="7" /><!-- duration: 0ms -->
    <step title="LockFile &apos;C:\home\site\locks\deployments.lock&apos; acquired" date="2025-11-17T10:37:22.679" /><!-- duration: 0ms -->
    <step title="Saving request content to C:\local\Temp\zipdeploy\omj5bxi5.zip" date="2025-11-17T10:37:22.679" >
      <step title="Total 23,469,036 bytes written to C:\local\Temp\zipdeploy\omj5bxi5.zip" date="2025-11-17T10:37:25.163" /><!-- duration: 0ms -->
    </step><!-- duration: 2500ms -->
    <step title="LockFile &apos;C:\home\site\locks\deployments.lock&apos; released" date="2025-11-17T10:37:25.179" /><!-- duration: 16ms -->
    <step title="Deleting shutdown sentinel file" date="2025-11-17T10:37:25.194" SemaphoreCount="8" /><!-- duration: 0ms -->
    <step title="Starting FetchDeploy" date="2025-11-17T10:37:25.210" /><!-- duration: 0ms -->
    <step title="Attempting to fetch target branch HEAD" date="2025-11-17T10:37:25.225" /><!-- duration: 0ms -->
    <step title="Updating shutdown sentinel last write time" date="2025-11-17T10:37:25.225" SemaphoreCount="7" /><!-- duration: 16ms -->
    <step title="LockFile &apos;C:\home\site\locks\deployments.lock&apos; acquired" date="2025-11-17T10:37:25.241" /><!-- duration: 0ms -->
    <step title="Performing fetch based deployment" date="2025-11-17T10:37:25.257" >
      <step title="Creating temporary deployment" date="2025-11-17T10:37:25.257" /><!-- duration: 47ms -->
      <step title="Fetching changes." date="2025-11-17T10:37:25.366" /><!-- duration: 0ms -->
      <step title="Starting LocalZipHandler" date="2025-11-17T10:37:25.382" /><!-- duration: 0ms -->
      <step title="Starting LocalZipFetch" date="2025-11-17T10:37:25.397" /><!-- duration: 0ms -->
      <step title="Cleaning up temp folders from previous zip deployments and extracting pushed zip file C:\local\Temp\zipdeploy\omj5bxi5.zip (22.38 MB) to C:\local\Temp\zipdeploy\extracted" date="2025-11-17T10:37:25.413" /><!-- duration: 0ms -->
      <step title="Cleaning up temp folders from previous zip deployments and extracting pushed zip file C:\local\Temp\zipdeploy\omj5bxi5.zip (22.38 MB) to C:\local\Temp\zipdeploy\extracted" date="2025-11-17T10:37:25.413" >
        <step title="Extracting 269 entries to C:\local\Temp\zipdeploy\extracted directory" date="2025-11-17T10:37:25.429" >
          <step title="Extracting to C:\local\Temp\zipdeploy\extracted\ca\Hangfire.Core.resources.dll ..." date="2025-11-17T10:37:25.444" /><!-- duration: 16ms -->
          <step title="Extracting to C:\local\Temp\zipdeploy\extracted\de\Hangfire.Core.resources.dll ..." date="2025-11-17T10:37:25.460" /><!-- duration: 0ms -->
          <step title="Extracting to C:\local\Temp\zipdeploy\extracted\es\Hangfire.Core.resources.dll ..." date="2025-11-17T10:37:25.507" /><!-- duration: 0ms -->
          <step title="Extracting to C:\local\Temp\zipdeploy\extracted\fa\Hangfire.Core.resources.dll ..." date="2025-11-17T10:37:25.522" /><!-- duration: 0ms -->
          <step title="Extracting to C:\local\Temp\zipdeploy\extracted\fr\Hangfire.Core.resources.dll ..." date="2025-11-17T10:37:25.522" /><!-- duration: 16ms -->
          <step title="Omitting extracting file traces ..." date="2025-11-17T10:37:25.538" /><!-- duration: 0ms -->
        </step><!-- duration: 969ms -->
      </step><!-- duration: 1000ms -->
      <step title="None repository commit" date="2025-11-17T10:37:26.413" >
        <step title="Commit id: f144a287abc94271910241b648fcf5aa" date="2025-11-17T10:37:26.413" Message="OneDeploy" AuthorName="N/A" AuthorEmail="N/A" /><!-- duration: 16ms -->
      </step><!-- duration: 16ms -->
      <step title="Before sending BuildRequestReceived status to /api/updatedeploystatus" date="2025-11-17T10:37:26.429" /><!-- duration: 16ms -->
      <step title="DeploymentManager.Deploy(id:f144a287abc94271910241b648fcf5aa)" date="2025-11-17T10:37:26.444" >
        <step title="Collecting changeset information" date="2025-11-17T10:37:26.460" /><!-- duration: 31ms -->
        <step title="Updating submodules" date="2025-11-17T10:37:26.491" >
          <step title="Updating submodules." date="2025-11-17T10:37:26.538" /><!-- duration: 0ms -->
        </step><!-- duration: 62ms -->
        <step title="Preparing deployment for commit id &apos;f144a287ab&apos;." date="2025-11-17T10:37:26.600" /><!-- duration: 0ms -->
        <step title="Determining deployment builder" date="2025-11-17T10:37:26.647" >
          <step title="Builder is OneDeployBuilder" date="2025-11-17T10:37:26.647" /><!-- duration: 0ms -->
        </step><!-- duration: 16ms -->
        <step title="Copying SSH keys" date="2025-11-17T10:37:26.679" /><!-- duration: 0ms -->
        <step title="Building" date="2025-11-17T10:37:26.694" >
          <step title="Running build. Project type: OneDeploy" date="2025-11-17T10:37:26.725" /><!-- duration: 0ms -->
          <step title="Copying the manifest" date="2025-11-17T10:37:26.772" /><!-- duration: 0ms -->
          <step title="Clean deploying to C:\home\site\wwwroot" date="2025-11-17T10:37:26.897" /><!-- duration: 0ms -->
          <step title="Generating deployment script." date="2025-11-17T10:37:26.960" /><!-- duration: 0ms -->
          <step title="Generating deployment script" date="2025-11-17T10:37:26.975" >
            <step title="Using cached version of the deployment script for command: -y --no-dot-deployment -r &quot;C:\local\Temp\zipdeploy\extracted&quot; -o &quot;C:\home\site\deployments\tools&quot; --basic --sitePath &quot;C:\local\Temp\zipdeploy\extracted&quot;" date="2025-11-17T10:37:27.022" /><!-- duration: 0ms -->
            <step title="Using cached version of deployment script (command: &apos;azure -y --no-dot-deployment -r &quot;C:\local\Temp\zipdeploy\extracted&quot; -o &quot;C:\home\site\deployments\tools&quot; --basic --sitePath &quot;C:\local\Temp\zipdeploy\extracted&quot;&apos;)." date="2025-11-17T10:37:27.038" /><!-- duration: 0ms -->
          </step><!-- duration: 78ms -->
          <step title="Running deployment command..." date="2025-11-17T10:37:27.101" /><!-- duration: 0ms -->
          <step title="Command: &quot;C:\home\site\deployments\tools\deploy.cmd&quot;" date="2025-11-17T10:37:27.117" /><!-- duration: 16ms -->
          <step title="Executing external process" date="2025-11-17T10:37:27.148" type="process" path="starter.cmd" arguments="&quot;C:\home\site\deployments\tools\deploy.cmd&quot;" >
            <step title="Handling Basic Web Site deployment." date="2025-11-17T10:37:27.273" /><!-- duration: 0ms -->
            <step title="Creating app_offline.htm" date="2025-11-17T10:37:27.710" /><!-- duration: 0ms -->
            <step title="KuduSync.NET from: &apos;C:\local\Temp\zipdeploy\extracted&apos; to: &apos;C:\home\site\wwwroot&apos;" date="2025-11-17T10:37:27.726" /><!-- duration: 16ms -->
            <step title="Copying file: &apos;MH.Api.dll&apos;" date="2025-11-17T10:37:27.742" /><!-- duration: 16ms -->
            <step title="Copying file: &apos;MH.Api.exe&apos;" date="2025-11-17T10:37:27.773" /><!-- duration: 0ms -->
            <step title="Copying file: &apos;MH.Api.pdb&apos;" date="2025-11-17T10:37:27.788" /><!-- duration: 0ms -->
            <step title="Copying file: &apos;MH.Api.runtimeconfig.json&apos;" date="2025-11-17T10:37:27.820" /><!-- duration: 0ms -->
            <step title="Copying file: &apos;MH.Application.dll&apos;" date="2025-11-17T10:37:27.835" /><!-- duration: 0ms -->
            <step title="Copying file: &apos;MH.Application.pdb&apos;" date="2025-11-17T10:37:27.851" /><!-- duration: 0ms -->
            <step title="Copying file: &apos;MH.Domain.dll&apos;" date="2025-11-17T10:37:27.867" /><!-- duration: 0ms -->
            <step title="Copying file: &apos;MH.Domain.pdb&apos;" date="2025-11-17T10:37:27.882" /><!-- duration: 16ms -->
            <step title="Copying file: &apos;MH.Infrastructure.dll&apos;" date="2025-11-17T10:37:27.898" /><!-- duration: 16ms -->
            <step title="Copying file: &apos;MH.Infrastructure.pdb&apos;" date="2025-11-17T10:37:27.929" /><!-- duration: 0ms -->
            <step title="Copying file: &apos;publish\MH.Api.runtimeconfig.json&apos;" date="2025-11-17T10:37:27.945" /><!-- duration: 0ms -->
            <step title="Copying file: &apos;publish\publish\MH.Api.runtimeconfig.json&apos;" date="2025-11-17T10:37:27.960" /><!-- duration: 0ms -->
            <step title="Copying file: &apos;publish\publish\publish\publish\publish\MH.Api.runtimeconfig.json&apos;" date="2025-11-17T10:37:27.976" /><!-- duration: 0ms -->
            <step title="Copying file: &apos;publish\publish\publish\publish\publish\publish\publish\publish\appsettings.Development.json&apos;" date="2025-11-17T10:37:27.992" /><!-- duration: 16ms -->
            <step title="Copying file: &apos;publish\publish\publish\publish\publish\publish\publish\publish\appsettings.json&apos;" date="2025-11-17T10:37:28.007" /><!-- duration: 16ms -->
            <step title="Copying file: &apos;publish\publish\publish\publish\publish\publish\publish\publish\MH.Api.deps.json&apos;" date="2025-11-17T10:37:28.038" /><!-- duration: 0ms -->
            <step title="Copying file: &apos;publish\publish\publish\publish\publish\publish\publish\publish\MH.Api.runtimeconfig.json&apos;" date="2025-11-17T10:37:29.851" /><!-- duration: 0ms -->
            <step title="Copying file: &apos;publish\publish\publish\publish\publish\publish\publish\publish\MH.Api.staticwebassets.endpoints.json&apos;" date="2025-11-17T10:37:29.867" /><!-- duration: 16ms -->
            <step title="Copying file: &apos;publish\publish\publish\publish\publish\publish\publish\publish\web.config&apos;" date="2025-11-17T10:37:29.898" /><!-- duration: 0ms -->
            <step title="Deleting app_offline.htm" date="2025-11-17T10:37:29.913" /><!-- duration: 0ms -->
            <step title="Finished successfully." date="2025-11-17T10:37:29.945" /><!-- duration: 0ms -->
          </step><!-- duration: 2812ms -->
          <step title="Build completed succesfully." date="2025-11-17T10:37:29.992" /><!-- duration: 16ms -->
          <step title="Running post deployment command(s)..." date="2025-11-17T10:37:30.038" /><!-- duration: 16ms -->
          <step title="Requesting site restart" date="2025-11-17T10:37:30.101" /><!-- duration: 0ms -->
          <step title="Requesting site restart" date="2025-11-17T10:37:30.117" /><!-- duration: 0ms -->
          <step title="Requesting site restart. Attempt #1" date="2025-11-17T10:37:30.163" /><!-- duration: 16ms -->
          <step title="Requesting site restart. Attempt #1" date="2025-11-17T10:37:30.195" /><!-- duration: 0ms -->
          <step title="Successfully requested a restart. Attempt #1" date="2025-11-17T10:37:30.523" /><!-- duration: 16ms -->
          <step title="Successfully requested a restart. Attempt #1" date="2025-11-17T10:37:30.538" /><!-- duration: 0ms -->
          <step title="Deployment successful. DEPLOYMENTINFO: deploymentPath = OneDeploy, deployer = OneDeploy, os = windows, sku = Free, siteName = NgCanduAPI, siteHostName = ngcanduapi.azurewebsites.net, deploymentStatus = Success" date="2025-11-17T10:37:30.585" /><!-- duration: 0ms -->
          <step title="Purge deployment items" date="2025-11-17T10:37:30.757" >
            <step title="Remove aa515c987, Success, received at 11/14/2025 9:12:47 AM" date="2025-11-17T10:37:30.820" /><!-- duration: 0ms -->
          </step><!-- duration: 78ms -->
        </step><!-- duration: 4157ms -->
      </step><!-- duration: 4407ms -->
      <step title="Cleaning up temp files" date="2025-11-17T10:37:30.867" /><!-- duration: 0ms -->
      <step title="Skip function trigger and logicapp sync because function is not enabled." date="2025-11-17T10:37:30.882" /><!-- duration: 0ms -->
    </step><!-- duration: 5688ms -->
    <step title="LockFile &apos;C:\home\site\locks\deployments.lock&apos; released" date="2025-11-17T10:37:30.976" /><!-- duration: 0ms -->
    <step title="Deleting shutdown sentinel file" date="2025-11-17T10:37:30.992" SemaphoreCount="8" /><!-- duration: 0ms -->
  </step><!-- duration: 8407ms -->
  <step title="Outgoing response" date="2025-11-17T10:37:31.023" type="response" statusCode="200" statusText="OK" Server="Microsoft-IIS/10.0" x-ms-request-id="60891f0c-c3a1-11f0-8706-c025a5cfe792" Cache-Control="private" X-AspNet-Version="4.0.30319" /><!-- duration: 16ms -->
</step><!-- duration: 8969ms -->
