<step title="Incoming Request" date="2025-11-17T12:54:50.097" instance="92ca53" url="/api/publish?type=zip" method="POST" type="request" pid="5336,2,14" Cache-Control="no-cache" Content-Length="24072821" Content-Type="application/octet-stream" Accept="*/*" Accept-Encoding="gzip, deflate" Authorization="Bas..." Host="ngcanduapi.scm.azurewebsites.net" User-Agent="AZURECLI/2.75.0 (MSI)" x-ms-client-request-id="95af5f2d-c3b4-11f0-b085-c025a5cfe792" X-ARR-LOG-ID="95af5f2d-c3b4-11f0-b085-c025a5cfe792" CLIENT-IP="197.234.156.224:56653" X-SITE-DEPLOYMENT-ID="NgCanduAPI" WAS-DEFAULT-HOSTNAME="ngcanduapi.scm.azurewebsites.net" X-Forwarded-Proto="https" X-AppService-Proto="https" X-Forwarded-TlsVersion="1.3" X-WAWS-Unencoded-URL="/api/publish?type=zip" >
  <step title="Cleanup Xml Logs" date="2025-11-17T12:54:50.097" /><!-- duration: 0ms -->
  <step title="OneDeploy" date="2025-11-17T12:54:50.925" >
    <step title="Starting PushDeployAsync" date="2025-11-17T12:54:50.940" /><!-- duration: 0ms -->
    <step title="Updating shutdown sentinel last write time" date="2025-11-17T12:54:50.956" SemaphoreCount="7" /><!-- duration: 16ms -->
    <step title="LockFile &apos;C:\home\site\locks\deployments.lock&apos; acquired" date="2025-11-17T12:54:50.972" /><!-- duration: 0ms -->
    <step title="Saving request content to C:\local\Temp\zipdeploy\x3leg2l2.zip" date="2025-11-17T12:54:50.987" >
      <step title="Total 24,072,821 bytes written to C:\local\Temp\zipdeploy\x3leg2l2.zip" date="2025-11-17T12:54:54.519" /><!-- duration: 16ms -->
    </step><!-- duration: 3547ms -->
    <step title="LockFile &apos;C:\home\site\locks\deployments.lock&apos; released" date="2025-11-17T12:54:54.534" /><!-- duration: 16ms -->
    <step title="Deleting shutdown sentinel file" date="2025-11-17T12:54:54.550" SemaphoreCount="8" /><!-- duration: 0ms -->
    <step title="Starting FetchDeploy" date="2025-11-17T12:54:54.565" /><!-- duration: 0ms -->
    <step title="Attempting to fetch target branch HEAD" date="2025-11-17T12:54:54.581" /><!-- duration: 0ms -->
    <step title="Updating shutdown sentinel last write time" date="2025-11-17T12:54:54.597" SemaphoreCount="7" /><!-- duration: 0ms -->
    <step title="LockFile &apos;C:\home\site\locks\deployments.lock&apos; acquired" date="2025-11-17T12:54:54.597" /><!-- duration: 0ms -->
    <step title="Performing fetch based deployment" date="2025-11-17T12:54:54.644" >
      <step title="Creating temporary deployment" date="2025-11-17T12:54:54.644" /><!-- duration: 47ms -->
      <step title="Fetching changes." date="2025-11-17T12:54:54.753" /><!-- duration: 16ms -->
      <step title="Starting LocalZipHandler" date="2025-11-17T12:54:54.768" /><!-- duration: 16ms -->
      <step title="Starting LocalZipFetch" date="2025-11-17T12:54:54.784" /><!-- duration: 0ms -->
      <step title="Cleaning up temp folders from previous zip deployments and extracting pushed zip file C:\local\Temp\zipdeploy\x3leg2l2.zip (22.96 MB) to C:\local\Temp\zipdeploy\extracted" date="2025-11-17T12:54:54.800" /><!-- duration: 0ms -->
      <step title="Cleaning up temp folders from previous zip deployments and extracting pushed zip file C:\local\Temp\zipdeploy\x3leg2l2.zip (22.96 MB) to C:\local\Temp\zipdeploy\extracted" date="2025-11-17T12:54:54.815" >
        <step title="Extracting 263 entries to C:\local\Temp\zipdeploy\extracted directory" date="2025-11-17T12:54:54.831" >
          <step title="Extracting to C:\local\Temp\zipdeploy\extracted\ca\Hangfire.Core.resources.dll ..." date="2025-11-17T12:54:54.831" /><!-- duration: 16ms -->
          <step title="Extracting to C:\local\Temp\zipdeploy\extracted\de\Hangfire.Core.resources.dll ..." date="2025-11-17T12:54:54.847" /><!-- duration: 16ms -->
          <step title="Extracting to C:\local\Temp\zipdeploy\extracted\es\Hangfire.Core.resources.dll ..." date="2025-11-17T12:54:54.862" /><!-- duration: 0ms -->
          <step title="Extracting to C:\local\Temp\zipdeploy\extracted\fa\Hangfire.Core.resources.dll ..." date="2025-11-17T12:54:54.878" /><!-- duration: 16ms -->
          <step title="Extracting to C:\local\Temp\zipdeploy\extracted\fr\Hangfire.Core.resources.dll ..." date="2025-11-17T12:54:54.893" /><!-- duration: 0ms -->
          <step title="Omitting extracting file traces ..." date="2025-11-17T12:54:54.909" /><!-- duration: 0ms -->
        </step><!-- duration: 953ms -->
      </step><!-- duration: 984ms -->
      <step title="None repository commit" date="2025-11-17T12:54:55.800" >
        <step title="Commit id: 22ff018b7bde432baad3790142870427" date="2025-11-17T12:54:55.800" Message="OneDeploy" AuthorName="N/A" AuthorEmail="N/A" /><!-- duration: 16ms -->
      </step><!-- duration: 16ms -->
      <step title="Before sending BuildRequestReceived status to /api/updatedeploystatus" date="2025-11-17T12:54:55.815" /><!-- duration: 0ms -->
      <step title="DeploymentManager.Deploy(id:22ff018b7bde432baad3790142870427)" date="2025-11-17T12:54:55.831" >
        <step title="Collecting changeset information" date="2025-11-17T12:54:55.847" /><!-- duration: 31ms -->
        <step title="Updating submodules" date="2025-11-17T12:54:55.878" >
          <step title="Updating submodules." date="2025-11-17T12:54:55.925" /><!-- duration: 0ms -->
        </step><!-- duration: 62ms -->
        <step title="Preparing deployment for commit id &apos;22ff018b7b&apos;." date="2025-11-17T12:54:56.003" /><!-- duration: 0ms -->
        <step title="Determining deployment builder" date="2025-11-17T12:54:56.034" >
          <step title="Builder is OneDeployBuilder" date="2025-11-17T12:54:56.050" /><!-- duration: 0ms -->
        </step><!-- duration: 16ms -->
        <step title="Copying SSH keys" date="2025-11-17T12:54:56.081" /><!-- duration: 0ms -->
        <step title="Building" date="2025-11-17T12:54:56.097" >
          <step title="Running build. Project type: OneDeploy" date="2025-11-17T12:54:56.143" /><!-- duration: 0ms -->
          <step title="Copying the manifest" date="2025-11-17T12:54:56.190" /><!-- duration: 0ms -->
          <step title="Clean deploying to C:\home\site\wwwroot" date="2025-11-17T12:54:56.253" /><!-- duration: 0ms -->
          <step title="Generating deployment script." date="2025-11-17T12:54:56.300" /><!-- duration: 0ms -->
          <step title="Generating deployment script" date="2025-11-17T12:54:56.315" >
            <step title="Using cached version of the deployment script for command: -y --no-dot-deployment -r &quot;C:\local\Temp\zipdeploy\extracted&quot; -o &quot;C:\home\site\deployments\tools&quot; --basic --sitePath &quot;C:\local\Temp\zipdeploy\extracted&quot;" date="2025-11-17T12:54:56.362" /><!-- duration: 0ms -->
            <step title="Using cached version of deployment script (command: &apos;azure -y --no-dot-deployment -r &quot;C:\local\Temp\zipdeploy\extracted&quot; -o &quot;C:\home\site\deployments\tools&quot; --basic --sitePath &quot;C:\local\Temp\zipdeploy\extracted&quot;&apos;)." date="2025-11-17T12:54:56.394" /><!-- duration: 0ms -->
          </step><!-- duration: 94ms -->
          <step title="Running deployment command..." date="2025-11-17T12:54:56.472" /><!-- duration: 0ms -->
          <step title="Command: &quot;C:\home\site\deployments\tools\deploy.cmd&quot;" date="2025-11-17T12:54:56.487" /><!-- duration: 0ms -->
          <step title="Executing external process" date="2025-11-17T12:54:56.503" type="process" path="starter.cmd" arguments="&quot;C:\home\site\deployments\tools\deploy.cmd&quot;" >
            <step title="Handling Basic Web Site deployment." date="2025-11-17T12:54:56.628" /><!-- duration: 16ms -->
            <step title="Creating app_offline.htm" date="2025-11-17T12:54:59.018" /><!-- duration: 0ms -->
            <step title="KuduSync.NET from: &apos;C:\local\Temp\zipdeploy\extracted&apos; to: &apos;C:\home\site\wwwroot&apos;" date="2025-11-17T12:54:59.034" /><!-- duration: 16ms -->
            <step title="Copying file: &apos;MH.Api.dll&apos;" date="2025-11-17T12:54:59.065" /><!-- duration: 0ms -->
            <step title="Copying file: &apos;MH.Api.exe&apos;" date="2025-11-17T12:54:59.081" /><!-- duration: 0ms -->
            <step title="Copying file: &apos;MH.Api.pdb&apos;" date="2025-11-17T12:54:59.097" /><!-- duration: 0ms -->
            <step title="Copying file: &apos;MH.Application.dll&apos;" date="2025-11-17T12:54:59.112" /><!-- duration: 16ms -->
            <step title="Copying file: &apos;MH.Application.pdb&apos;" date="2025-11-17T12:54:59.143" /><!-- duration: 0ms -->
            <step title="Copying file: &apos;MH.Domain.dll&apos;" date="2025-11-17T12:54:59.159" /><!-- duration: 0ms -->
            <step title="Copying file: &apos;MH.Domain.pdb&apos;" date="2025-11-17T12:54:59.175" /><!-- duration: 0ms -->
            <step title="Copying file: &apos;MH.Infrastructure.dll&apos;" date="2025-11-17T12:54:59.206" /><!-- duration: 0ms -->
            <step title="Copying file: &apos;MH.Infrastructure.pdb&apos;" date="2025-11-17T12:54:59.222" /><!-- duration: 0ms -->
            <step title="Deleting app_offline.htm" date="2025-11-17T12:54:59.237" /><!-- duration: 0ms -->
            <step title="Finished successfully." date="2025-11-17T12:54:59.253" /><!-- duration: 0ms -->
          </step><!-- duration: 2766ms -->
          <step title="Build completed succesfully." date="2025-11-17T12:54:59.315" /><!-- duration: 0ms -->
          <step title="Running post deployment command(s)..." date="2025-11-17T12:54:59.362" /><!-- duration: 0ms -->
          <step title="Requesting site restart" date="2025-11-17T12:54:59.425" /><!-- duration: 0ms -->
          <step title="Requesting site restart" date="2025-11-17T12:54:59.440" /><!-- duration: 16ms -->
          <step title="Requesting site restart. Attempt #1" date="2025-11-17T12:54:59.487" /><!-- duration: 16ms -->
          <step title="Requesting site restart. Attempt #1" date="2025-11-17T12:54:59.503" /><!-- duration: 0ms -->
          <step title="Successfully requested a restart. Attempt #1" date="2025-11-17T12:54:59.862" /><!-- duration: 0ms -->
          <step title="Successfully requested a restart. Attempt #1" date="2025-11-17T12:54:59.878" /><!-- duration: 0ms -->
          <step title="Deployment successful. DEPLOYMENTINFO: deploymentPath = OneDeploy, deployer = OneDeploy, os = windows, sku = Free, siteName = NgCanduAPI, siteHostName = ngcanduapi.azurewebsites.net, deploymentStatus = Success" date="2025-11-17T12:54:59.925" /><!-- duration: 0ms -->
          <step title="Purge deployment items" date="2025-11-17T12:55:00.097" >
            <step title="Remove e276254d5, Success, received at 11/17/2025 10:40:29 AM" date="2025-11-17T12:55:00.159" /><!-- duration: 0ms -->
          </step><!-- duration: 78ms -->
        </step><!-- duration: 4094ms -->
      </step><!-- duration: 4359ms -->
      <step title="Cleaning up temp files" date="2025-11-17T12:55:00.206" /><!-- duration: 0ms -->
      <step title="Skip function trigger and logicapp sync because function is not enabled." date="2025-11-17T12:55:00.222" /><!-- duration: 0ms -->
    </step><!-- duration: 5625ms -->
    <step title="LockFile &apos;C:\home\site\locks\deployments.lock&apos; released" date="2025-11-17T12:55:00.284" /><!-- duration: 0ms -->
    <step title="Deleting shutdown sentinel file" date="2025-11-17T12:55:00.284" SemaphoreCount="8" /><!-- duration: 16ms -->
  </step><!-- duration: 9375ms -->
  <step title="Outgoing response" date="2025-11-17T12:55:00.315" type="response" statusCode="200" statusText="OK" Server="Microsoft-IIS/10.0" x-ms-request-id="95af5f2d-c3b4-11f0-b085-c025a5cfe792" Cache-Control="private" X-AspNet-Version="4.0.30319" /><!-- duration: 16ms -->
</step><!-- duration: 10234ms -->
