<step title="Incoming Request" date="2025-11-14T12:03:09.886" instance="92ca53" url="/api/publish?type=zip&amp;async=True" method="POST" type="request" pid="6764,2,7" Cache-Control="no-cache" Connection="Keep-Alive" Content-Length="23302660" Content-Type="application/octet-stream" Accept="*/*" Accept-Encoding="gzip, deflate" Authorization="Bas..." Host="ngcanduapi.scm.azurewebsites.net" User-Agent="AZURECLI/2.75.0 (MSI)" x-ms-client-request-id="dd280dd8-c151-11f0-a78f-c025a5cfe792" X-ARR-LOG-ID="dd280dd8-c151-11f0-a78f-c025a5cfe792" CLIENT-IP="197.234.156.224:58184" X-SITE-DEPLOYMENT-ID="NgCanduAPI" WAS-DEFAULT-HOSTNAME="ngcanduapi.scm.azurewebsites.net" X-Forwarded-Proto="https" X-AppService-Proto="https" X-Forwarded-TlsVersion="1.3" X-WAWS-Unencoded-URL="/api/publish?type=zip&amp;async=True" X-MS-COLDSTART="1" >
  <step title="OneDeploy" date="2025-11-14T12:03:10.402" >
    <step title="Starting PushDeployAsync" date="2025-11-14T12:03:10.433" /><!-- duration: 0ms -->
    <step title="Updating shutdown sentinel last write time" date="2025-11-14T12:03:10.480" SemaphoreCount="7" /><!-- duration: 16ms -->
    <step title="LockFile &apos;C:\home\site\locks\deployments.lock&apos; acquired" date="2025-11-14T12:03:10.496" /><!-- duration: 0ms -->
    <step title="Saving request content to C:\local\Temp\zipdeploy\y0qnhiat.zip" date="2025-11-14T12:03:10.511" >
      <step title="Total 23,302,660 bytes written to C:\local\Temp\zipdeploy\y0qnhiat.zip" date="2025-11-14T12:03:12.183" /><!-- duration: 16ms -->
    </step><!-- duration: 1688ms -->
    <step title="LockFile &apos;C:\home\site\locks\deployments.lock&apos; released" date="2025-11-14T12:03:12.214" /><!-- duration: 0ms -->
    <step title="Deleting shutdown sentinel file" date="2025-11-14T12:03:12.230" SemaphoreCount="8" /><!-- duration: 0ms -->
    <step title="Starting FetchDeploy" date="2025-11-14T12:03:12.230" /><!-- duration: 16ms -->
    <step title="Start deployment in the background" date="2025-11-14T12:03:12.246" /><!-- duration: 94ms -->
  </step><!-- duration: 1953ms -->
  <step title="Outgoing response" date="2025-11-14T12:03:12.386" type="response" statusCode="202" statusText="Accepted" Server="Microsoft-IIS/10.0" x-ms-request-id="dd280dd8-c151-11f0-a78f-c025a5cfe792" Retry-After="30" Cache-Control="private" X-AspNet-Version="4.0.30319" Location="https://ngcanduapi.scm.azurewebsites.net/api/deployments/latest?deployer=OneDeploy&amp;time=2025-11-14_12-03-12Z" /><!-- duration: 0ms -->
</step><!-- duration: 2516ms -->
