<step title="BackgroundTrace" date="2025-11-14T09:12:46.528" instance="92ca53" url="/api/publish" method="POST" >
  <step title="Updating shutdown sentinel last write time" date="2025-11-14T09:12:46.543" SemaphoreCount="7" /><!-- duration: 0ms -->
  <step title="LockFile &apos;C:\home\site\locks\deployments.lock&apos; acquired" date="2025-11-14T09:12:46.543" /><!-- duration: 0ms -->
  <step title="Creating temporary deployment" date="2025-11-14T09:12:46.559" /><!-- duration: 47ms -->
  <step title="Performing fetch based deployment" date="2025-11-14T09:12:46.622" >
    <step title="Fetching changes." date="2025-11-14T09:12:46.684" /><!-- duration: 16ms -->
    <step title="Starting LocalZipHandler" date="2025-11-14T09:12:46.700" /><!-- duration: 16ms -->
    <step title="Cleaning up temp folders from previous zip deployments and extracting pushed zip file C:\local\Temp\zipdeploy\nsm3c5zt.zip (25.24 MB) to C:\local\Temp\zipdeploy\extracted" date="2025-11-14T09:12:46.747" /><!-- duration: 0ms -->
    <step title="Cleaning up temp folders from previous zip deployments and extracting pushed zip file C:\local\Temp\zipdeploy\nsm3c5zt.zip (25.24 MB) to C:\local\Temp\zipdeploy\extracted" date="2025-11-14T09:12:46.762" >
      <step title="Extracting 295 entries to C:\local\Temp\zipdeploy\extracted directory" date="2025-11-14T09:12:46.778" >
        <step title="Extracting to C:\local\Temp\zipdeploy\extracted\appsettings.Development.json ..." date="2025-11-14T09:12:46.793" /><!-- duration: 0ms -->
        <step title="Extracting to C:\local\Temp\zipdeploy\extracted\appsettings.json ..." date="2025-11-14T09:12:46.809" /><!-- duration: 0ms -->
        <step title="Extracting to C:\local\Temp\zipdeploy\extracted\AutoMapper.dll ..." date="2025-11-14T09:12:46.809" /><!-- duration: 16ms -->
        <step title="Extracting to C:\local\Temp\zipdeploy\extracted\AutoMapper.Extensions.Microsoft.DependencyInjection.dll ..." date="2025-11-14T09:12:46.825" /><!-- duration: 16ms -->
        <step title="Extracting to C:\local\Temp\zipdeploy\extracted\Azure.Core.dll ..." date="2025-11-14T09:12:46.840" /><!-- duration: 16ms -->
        <step title="Omitting extracting file traces ..." date="2025-11-14T09:12:46.856" /><!-- duration: 16ms -->
      </step><!-- duration: 1016ms -->
    </step><!-- duration: 1047ms -->
    <step title="Before sending BuildRequestReceived status to /api/updatedeploystatus" date="2025-11-14T09:12:47.809" /><!-- duration: 0ms -->
    <step title="DeploymentManager.Deploy(id:aa515c987eaa46f4b9b12ad96bcf29fb)" date="2025-11-14T09:12:47.825" >
      <step title="Collecting changeset information" date="2025-11-14T09:12:47.840" /><!-- duration: 31ms -->
      <step title="Updating submodules" date="2025-11-14T09:12:47.887" >
        <step title="Updating submodules." date="2025-11-14T09:12:47.934" /><!-- duration: 0ms -->
      </step><!-- duration: 47ms -->
      <step title="Preparing deployment for commit id &apos;aa515c987e&apos;." date="2025-11-14T09:12:47.997" /><!-- duration: 0ms -->
      <step title="Determining deployment builder" date="2025-11-14T09:12:48.043" >
        <step title="Builder is OneDeployBuilder" date="2025-11-14T09:12:48.043" /><!-- duration: 16ms -->
      </step><!-- duration: 16ms -->
      <step title="Copying SSH keys" date="2025-11-14T09:12:48.090" /><!-- duration: 16ms -->
      <step title="Building" date="2025-11-14T09:12:48.106" >
        <step title="Running build. Project type: OneDeploy" date="2025-11-14T09:12:48.153" /><!-- duration: 0ms -->
        <step title="Copying the manifest" date="2025-11-14T09:12:48.200" /><!-- duration: 0ms -->
        <step title="Clean deploying to C:\home\site\wwwroot" date="2025-11-14T09:12:48.293" /><!-- duration: 0ms -->
        <step title="Generating deployment script." date="2025-11-14T09:12:48.356" /><!-- duration: 0ms -->
        <step title="Generating deployment script" date="2025-11-14T09:12:48.356" >
          <step title="Using cached version of the deployment script for command: -y --no-dot-deployment -r &quot;C:\local\Temp\zipdeploy\extracted&quot; -o &quot;C:\home\site\deployments\tools&quot; --basic --sitePath &quot;C:\local\Temp\zipdeploy\extracted&quot;" date="2025-11-14T09:12:48.387" /><!-- duration: 0ms -->
          <step title="Using cached version of deployment script (command: &apos;azure -y --no-dot-deployment -r &quot;C:\local\Temp\zipdeploy\extracted&quot; -o &quot;C:\home\site\deployments\tools&quot; --basic --sitePath &quot;C:\local\Temp\zipdeploy\extracted&quot;&apos;)." date="2025-11-14T09:12:48.403" /><!-- duration: 16ms -->
        </step><!-- duration: 63ms -->
        <step title="Running deployment command..." date="2025-11-14T09:12:48.465" /><!-- duration: 0ms -->
        <step title="Command: &quot;C:\home\site\deployments\tools\deploy.cmd&quot;" date="2025-11-14T09:12:48.481" /><!-- duration: 31ms -->
        <step title="Executing external process" date="2025-11-14T09:12:48.528" type="process" path="starter.cmd" arguments="&quot;C:\home\site\deployments\tools\deploy.cmd&quot;" >
          <step title="Handling Basic Web Site deployment." date="2025-11-14T09:12:48.747" /><!-- duration: 0ms -->
          <step title="Creating app_offline.htm" date="2025-11-14T09:12:49.247" /><!-- duration: 0ms -->
          <step title="KuduSync.NET from: &apos;C:\local\Temp\zipdeploy\extracted&apos; to: &apos;C:\home\site\wwwroot&apos;" date="2025-11-14T09:12:49.262" /><!-- duration: 0ms -->
          <step title="Copying file: &apos;appsettings.Development.json&apos;" date="2025-11-14T09:12:49.278" /><!-- duration: 0ms -->
          <step title="Copying file: &apos;appsettings.json&apos;" date="2025-11-14T09:12:49.293" /><!-- duration: 0ms -->
          <step title="Copying file: &apos;AutoMapper.dll&apos;" date="2025-11-14T09:12:49.309" /><!-- duration: 0ms -->
          <step title="Copying file: &apos;AutoMapper.Extensions.Microsoft.DependencyInjection.dll&apos;" date="2025-11-14T09:12:49.325" /><!-- duration: 0ms -->
          <step title="Copying file: &apos;Azure.Core.dll&apos;" date="2025-11-14T09:12:49.340" /><!-- duration: 0ms -->
          <step title="Copying file: &apos;Azure.Identity.dll&apos;" date="2025-11-14T09:12:49.356" /><!-- duration: 0ms -->
          <step title="Copying file: &apos;BouncyCastle.Crypto.dll&apos;" date="2025-11-14T09:12:49.372" /><!-- duration: 0ms -->
          <step title="Copying file: &apos;FluentValidation.AspNetCore.dll&apos;" date="2025-11-14T09:12:49.387" /><!-- duration: 0ms -->
          <step title="Copying file: &apos;FluentValidation.DependencyInjectionExtensions.dll&apos;" date="2025-11-14T09:12:49.403" /><!-- duration: 0ms -->
          <step title="Copying file: &apos;FluentValidation.dll&apos;" date="2025-11-14T09:12:49.418" /><!-- duration: 0ms -->
          <step title="Copying file: &apos;Google.Apis.Auth.dll&apos;" date="2025-11-14T09:12:49.434" /><!-- duration: 0ms -->
          <step title="Copying file: &apos;Google.Apis.Auth.PlatformServices.dll&apos;" date="2025-11-14T09:12:49.450" /><!-- duration: 0ms -->
          <step title="Copying file: &apos;Google.Apis.Core.dll&apos;" date="2025-11-14T09:12:49.465" /><!-- duration: 0ms -->
          <step title="Copying file: &apos;Google.Apis.dll&apos;" date="2025-11-14T09:12:49.481" /><!-- duration: 0ms -->
          <step title="Copying file: &apos;Hangfire.AspNetCore.dll&apos;" date="2025-11-14T09:12:49.497" /><!-- duration: 0ms -->
          <step title="Copying file: &apos;Hangfire.Core.dll&apos;" date="2025-11-14T09:12:49.512" /><!-- duration: 0ms -->
          <step title="Copying file: &apos;Hangfire.SqlServer.dll&apos;" date="2025-11-14T09:12:49.528" /><!-- duration: 0ms -->
          <step title="Copying file: &apos;MailKit.dll&apos;" date="2025-11-14T09:12:49.543" /><!-- duration: 0ms -->
          <step title="Copying file: &apos;MH.Api.deps.json&apos;" date="2025-11-14T09:12:49.559" /><!-- duration: 0ms -->
          <step title="Copying file: &apos;MH.Api.dll&apos;" date="2025-11-14T09:12:49.575" /><!-- duration: 0ms -->
          <step title="Copying file: &apos;MH.Api.exe&apos;" date="2025-11-14T09:12:49.590" /><!-- duration: 0ms -->
          <step title="Copying file: &apos;MH.Api.pdb&apos;" date="2025-11-14T09:12:49.606" /><!-- duration: 0ms -->
          <step title="Copying file: &apos;MH.Api.runtimeconfig.json&apos;" date="2025-11-14T09:12:49.622" /><!-- duration: 0ms -->
          <step title="Copying file: &apos;MH.Api.staticwebassets.endpoints.json&apos;" date="2025-11-14T09:12:49.637" /><!-- duration: 0ms -->
          <step title="Copying file: &apos;MH.Application.deps.json&apos;" date="2025-11-14T09:12:49.653" /><!-- duration: 0ms -->
          <step title="Copying file: &apos;MH.Application.dll&apos;" date="2025-11-14T09:12:49.668" /><!-- duration: 0ms -->
          <step title="Copying file: &apos;MH.Application.pdb&apos;" date="2025-11-14T09:12:49.684" /><!-- duration: 0ms -->
          <step title="Copying file: &apos;MH.Domain.deps.json&apos;" date="2025-11-14T09:12:49.700" /><!-- duration: 0ms -->
          <step title="Copying file: &apos;MH.Domain.dll&apos;" date="2025-11-14T09:12:49.715" /><!-- duration: 0ms -->
          <step title="Copying file: &apos;MH.Domain.pdb&apos;" date="2025-11-14T09:12:49.731" /><!-- duration: 0ms -->
          <step title="Copying file: &apos;MH.Infrastructure.deps.json&apos;" date="2025-11-14T09:12:49.747" /><!-- duration: 0ms -->
          <step title="Copying file: &apos;MH.Infrastructure.dll&apos;" date="2025-11-14T09:12:49.762" /><!-- duration: 0ms -->
          <step title="Copying file: &apos;MH.Infrastructure.pdb&apos;" date="2025-11-14T09:12:49.778" /><!-- duration: 0ms -->
          <step title="Copying file: &apos;MH.Infrastructure.runtimeconfig.json&apos;" date="2025-11-14T09:12:49.793" /><!-- duration: 0ms -->
          <step title="Copying file: &apos;Microsoft.ApplicationInsights.dll&apos;" date="2025-11-14T09:12:49.809" /><!-- duration: 0ms -->
          <step title="Copying file: &apos;Microsoft.AspNetCore.Authentication.Facebook.dll&apos;" date="2025-11-14T09:12:49.825" /><!-- duration: 0ms -->
          <step title="Copying file: &apos;Microsoft.AspNetCore.Authentication.JwtBearer.dll&apos;" date="2025-11-14T09:12:49.840" /><!-- duration: 63ms -->
          <step title="Copying file: &apos;Microsoft.AspNetCore.Cryptography.Internal.dll&apos;" date="2025-11-14T09:12:49.918" /><!-- duration: 0ms -->
          <step title="Copying file: &apos;Microsoft.AspNetCore.Cryptography.KeyDerivation.dll&apos;" date="2025-11-14T09:12:49.934" /><!-- duration: 0ms -->
          <step title="Copying file: &apos;Microsoft.AspNetCore.Http.Features.dll&apos;" date="2025-11-14T09:12:49.950" /><!-- duration: 0ms -->
          <step title="Copying file: &apos;Microsoft.AspNetCore.Identity.EntityFrameworkCore.dll&apos;" date="2025-11-14T09:12:49.965" /><!-- duration: 0ms -->
          <step title="Copying file: &apos;Microsoft.Bcl.AsyncInterfaces.dll&apos;" date="2025-11-14T09:12:49.981" /><!-- duration: 0ms -->
          <step title="Copying file: &apos;Microsoft.Data.SqlClient.dll&apos;" date="2025-11-14T09:12:49.997" /><!-- duration: 0ms -->
          <step title="Copying file: &apos;Microsoft.EntityFrameworkCore.Abstractions.dll&apos;" date="2025-11-14T09:12:50.012" /><!-- duration: 16ms -->
          <step title="Copying file: &apos;Microsoft.EntityFrameworkCore.dll&apos;" date="2025-11-14T09:12:50.028" /><!-- duration: 16ms -->
          <step title="Copying file: &apos;Microsoft.EntityFrameworkCore.Relational.dll&apos;" date="2025-11-14T09:12:50.043" /><!-- duration: 0ms -->
          <step title="Copying file: &apos;Microsoft.EntityFrameworkCore.SqlServer.dll&apos;" date="2025-11-14T09:12:50.059" /><!-- duration: 0ms -->
          <step title="Copying file: &apos;Microsoft.Extensions.Caching.Abstractions.dll&apos;" date="2025-11-14T09:12:50.075" /><!-- duration: 0ms -->
          <step title="Omitting next output lines..." date="2025-11-14T09:12:50.090" /><!-- duration: 0ms -->
          <step title="Finished successfully." date="2025-11-14T09:12:53.217" /><!-- duration: 0ms -->
        </step><!-- duration: 4689ms -->
        <step title="Build completed succesfully." date="2025-11-14T09:12:53.263" /><!-- duration: 0ms -->
        <step title="Running post deployment command(s)..." date="2025-11-14T09:12:53.310" /><!-- duration: 0ms -->
        <step title="Requesting site restart" date="2025-11-14T09:12:53.373" /><!-- duration: 0ms -->
        <step title="Requesting site restart" date="2025-11-14T09:12:53.388" /><!-- duration: 0ms -->
        <step title="Requesting site restart. Attempt #1" date="2025-11-14T09:12:53.451" /><!-- duration: 0ms -->
        <step title="Requesting site restart. Attempt #1" date="2025-11-14T09:12:53.451" /><!-- duration: 16ms -->
        <step title="Successfully requested a restart. Attempt #1" date="2025-11-14T09:12:53.810" /><!-- duration: 0ms -->
        <step title="Successfully requested a restart. Attempt #1" date="2025-11-14T09:12:53.826" /><!-- duration: 0ms -->
        <step title="Deployment successful. DEPLOYMENTINFO: deploymentPath = OneDeploy, deployer = OneDeploy, os = windows, sku = Free, siteName = NgCanduAPI, siteHostName = ngcanduapi.azurewebsites.net, deploymentStatus = Success" date="2025-11-14T09:12:53.873" /><!-- duration: 0ms -->
        <step title="Purge deployment items" date="2025-11-14T09:12:53.982" >
          <step title="Remove e134460fb, Success, received at 11/12/2025 11:03:07 AM" date="2025-11-14T09:12:54.045" /><!-- duration: 0ms -->
        </step><!-- duration: 78ms -->
      </step><!-- duration: 5970ms -->
    </step><!-- duration: 6267ms -->
    <step title="Cleaning up temp files" date="2025-11-14T09:12:54.092" /><!-- duration: 0ms -->
    <step title="Skip function trigger and logicapp sync because function is not enabled." date="2025-11-14T09:12:54.107" /><!-- duration: 0ms -->
  </step><!-- duration: 7517ms -->
  <step title="LockFile &apos;C:\home\site\locks\deployments.lock&apos; released" date="2025-11-14T09:12:54.138" /><!-- duration: 16ms -->
  <step title="Deleting shutdown sentinel file" date="2025-11-14T09:12:54.154" SemaphoreCount="8" /><!-- duration: 0ms -->
</step><!-- duration: 7642ms -->
