<step title="Incoming Request" date="2025-11-14T09:12:45.325" instance="92ca53" url="/api/publish?async=true&amp;deployer=GITHUB_ONE_DEPLOY&amp;type=zip&amp;message=%7B%22type%22%3A%22deployment%22%2C%22sha%22%3A%22f00d1dd48e61b0de7828385e21ac2b733dbbc12b%22%2C%22repoName%22%3A%22daedalusdigital-za%2FNCD-API%22%2C%22actor%22%3A%22daedalusdigital-za%22%2C%22slotName%22%3A%22Production%22%2C%22commitMessage%22%3A%22Fix%20UpdateUser%20400%20error%20-%20Make%20fields%20nullable%20and%20add%20validation%22%7D" method="POST" type="request" pid="7336,2,7" Transfer-Encoding="chunked" Content-Type="application/octet-stream" Authorization="Bas..." Cookie="ARRAffinity=92ca53ad8db4fbb93d4d3b7d8ab54dcf8ffecb2d731f25b0e91ad575d7534c3f;Path=/;HttpOnly;Secure;Domain=ngcanduapi.scm.azurewebsites.net; ARRAffinitySameSite=92ca53ad8db4fbb93d4d3b7d8ab54dcf8ffecb2d731f25b0e91ad575d7534c3f;Path=/;HttpOnly;SameSite=None;Secure;Domain=ngcanduapi.scm.azurewebsites.net" Host="ngcanduapi.scm.azurewebsites.net" User-Agent="GITHUBACTIONS_DeployWebAppToAzure_911ad8e07dd1095a617b283f0e1b400847f2d2bffc6e1de6b85a1cbb3aaec3dc" X-ARR-LOG-ID="6c945a4d-018f-47df-a64a-96b37dbe0bb4" CLIENT-IP="172.184.213.176:23552" X-SITE-DEPLOYMENT-ID="NgCanduAPI" WAS-DEFAULT-HOSTNAME="ngcanduapi.scm.azurewebsites.net" X-Forwarded-Proto="https" X-AppService-Proto="https" X-Forwarded-TlsVersion="1.3" X-WAWS-Unencoded-URL="/api/publish?async=true&amp;deployer=GITHUB_ONE_DEPLOY&amp;type=zip&amp;message=%7B%22type%22%3A%22deployment%22%2C%22sha%22%3A%22f00d1dd48e61b0de7828385e21ac2b733dbbc12b%22%2C%22repoName%22%3A%22daedalusdigital-za%2FNCD-API%22%2C%22actor%22%3A%22daedalusdigital-za%22%2C%22slotName%22%3A%22Production%22%2C%22commitMessage%22%3A%22Fix%20UpdateUser%20400%20error%20-%20Make%20fields%20nullable%20and%20add%20validation%22%7D" >
  <step title="OneDeploy" date="2025-11-14T09:12:45.418" >
    <step title="Starting PushDeployAsync" date="2025-11-14T09:12:45.434" /><!-- duration: 0ms -->
    <step title="Updating shutdown sentinel last write time" date="2025-11-14T09:12:45.497" SemaphoreCount="7" /><!-- duration: 16ms -->
    <step title="LockFile &apos;C:\home\site\locks\deployments.lock&apos; acquired" date="2025-11-14T09:12:45.512" /><!-- duration: 0ms -->
    <step title="Saving request content to C:\local\Temp\zipdeploy\nsm3c5zt.zip" date="2025-11-14T09:12:45.528" >
      <step title="Total 26,467,304 bytes written to C:\local\Temp\zipdeploy\nsm3c5zt.zip" date="2025-11-14T09:12:46.465" /><!-- duration: 0ms -->
    </step><!-- duration: 953ms -->
    <step title="LockFile &apos;C:\home\site\locks\deployments.lock&apos; released" date="2025-11-14T09:12:46.481" /><!-- duration: 0ms -->
    <step title="Deleting shutdown sentinel file" date="2025-11-14T09:12:46.497" SemaphoreCount="8" /><!-- duration: 0ms -->
    <step title="Starting FetchDeploy" date="2025-11-14T09:12:46.512" /><!-- duration: 0ms -->
    <step title="Start deployment in the background" date="2025-11-14T09:12:46.512" /><!-- duration: 94ms -->
  </step><!-- duration: 1203ms -->
  <step title="Outgoing response" date="2025-11-14T09:12:46.622" type="response" statusCode="202" statusText="Accepted" Server="Microsoft-IIS/10.0" x-ms-request-id="6c945a4d-018f-47df-a64a-96b37dbe0bb4" Retry-After="30" Cache-Control="private" X-AspNet-Version="4.0.30319" Location="https://ngcanduapi.scm.azurewebsites.net/api/deployments/latest?deployer=OneDeploy&amp;time=2025-11-14_09-12-46Z" /><!-- duration: 16ms -->
</step><!-- duration: 1313ms -->
