<step title="Incoming Request" date="2025-11-17T12:41:18.918" instance="92ca53" url="/api/publish?type=zip" method="POST" type="request" pid="10400,2,7" Cache-Control="no-cache" Connection="Keep-Alive" Content-Length="24072865" Content-Type="application/octet-stream" Accept="*/*" Accept-Encoding="gzip, deflate" Authorization="Bas..." Host="ngcanduapi.scm.azurewebsites.net" User-Agent="AZURECLI/2.75.0 (MSI)" x-ms-client-request-id="b0fc0415-c3b2-11f0-9666-c025a5cfe792" X-ARR-LOG-ID="b0fc0415-c3b2-11f0-9666-c025a5cfe792" CLIENT-IP="197.234.156.224:52855" X-SITE-DEPLOYMENT-ID="NgCanduAPI" WAS-DEFAULT-HOSTNAME="ngcanduapi.scm.azurewebsites.net" X-Forwarded-Proto="https" X-AppService-Proto="https" X-Forwarded-TlsVersion="1.3" X-WAWS-Unencoded-URL="/api/publish?type=zip" X-MS-COLDSTART="1" >
  <step title="OneDeploy" date="2025-11-17T12:41:19.449" >
    <step title="Starting PushDeployAsync" date="2025-11-17T12:41:19.464" /><!-- duration: 0ms -->
    <step title="Updating shutdown sentinel last write time" date="2025-11-17T12:41:19.511" SemaphoreCount="7" /><!-- duration: 16ms -->
    <step title="LockFile &apos;C:\home\site\locks\deployments.lock&apos; acquired" date="2025-11-17T12:41:19.527" /><!-- duration: 0ms -->
    <step title="Saving request content to C:\local\Temp\zipdeploy\0p5ce5ol.zip" date="2025-11-17T12:41:19.543" >
      <step title="Total 24,072,865 bytes written to C:\local\Temp\zipdeploy\0p5ce5ol.zip" date="2025-11-17T12:41:21.136" /><!-- duration: 16ms -->
    </step><!-- duration: 1609ms -->
    <step title="LockFile &apos;C:\home\site\locks\deployments.lock&apos; released" date="2025-11-17T12:41:21.152" /><!-- duration: 16ms -->
    <step title="Deleting shutdown sentinel file" date="2025-11-17T12:41:21.168" SemaphoreCount="8" /><!-- duration: 16ms -->
    <step title="Starting FetchDeploy" date="2025-11-17T12:41:21.183" /><!-- duration: 0ms -->
    <step title="Attempting to fetch target branch HEAD" date="2025-11-17T12:41:21.199" /><!-- duration: 0ms -->
    <step title="Updating shutdown sentinel last write time" date="2025-11-17T12:41:21.214" SemaphoreCount="7" /><!-- duration: 0ms -->
    <step title="LockFile &apos;C:\home\site\locks\deployments.lock&apos; acquired" date="2025-11-17T12:41:21.214" /><!-- duration: 16ms -->
    <step title="Performing fetch based deployment" date="2025-11-17T12:41:21.230" >
      <step title="Creating temporary deployment" date="2025-11-17T12:41:21.230" /><!-- duration: 62ms -->
      <step title="Fetching changes." date="2025-11-17T12:41:21.355" /><!-- duration: 0ms -->
      <step title="Starting LocalZipHandler" date="2025-11-17T12:41:21.371" /><!-- duration: 0ms -->
      <step title="Starting LocalZipFetch" date="2025-11-17T12:41:21.371" /><!-- duration: 16ms -->
      <step title="Cleaning up temp folders from previous zip deployments and extracting pushed zip file C:\local\Temp\zipdeploy\0p5ce5ol.zip (22.96 MB) to C:\local\Temp\zipdeploy\extracted" date="2025-11-17T12:41:21.386" /><!-- duration: 16ms -->
      <step title="Cleaning up temp folders from previous zip deployments and extracting pushed zip file C:\local\Temp\zipdeploy\0p5ce5ol.zip (22.96 MB) to C:\local\Temp\zipdeploy\extracted" date="2025-11-17T12:41:21.402" >
        <step title="Extracting 263 entries to C:\local\Temp\zipdeploy\extracted directory" date="2025-11-17T12:41:21.418" >
          <step title="Extracting to C:\local\Temp\zipdeploy\extracted\ca\Hangfire.Core.resources.dll ..." date="2025-11-17T12:41:21.433" /><!-- duration: 0ms -->
          <step title="Extracting to C:\local\Temp\zipdeploy\extracted\de\Hangfire.Core.resources.dll ..." date="2025-11-17T12:41:21.449" /><!-- duration: 0ms -->
          <step title="Extracting to C:\local\Temp\zipdeploy\extracted\es\Hangfire.Core.resources.dll ..." date="2025-11-17T12:41:21.449" /><!-- duration: 16ms -->
          <step title="Extracting to C:\local\Temp\zipdeploy\extracted\fa\Hangfire.Core.resources.dll ..." date="2025-11-17T12:41:21.464" /><!-- duration: 0ms -->
          <step title="Extracting to C:\local\Temp\zipdeploy\extracted\fr\Hangfire.Core.resources.dll ..." date="2025-11-17T12:41:21.480" /><!-- duration: 0ms -->
          <step title="Omitting extracting file traces ..." date="2025-11-17T12:41:21.480" /><!-- duration: 16ms -->
        </step><!-- duration: 938ms -->
      </step><!-- duration: 953ms -->
      <step title="None repository commit" date="2025-11-17T12:41:22.355" >
        <step title="Commit id: 77379cdda0f3463f9696a00f43319b51" date="2025-11-17T12:41:22.371" Message="OneDeploy" AuthorName="N/A" AuthorEmail="N/A" /><!-- duration: 0ms -->
      </step><!-- duration: 16ms -->
      <step title="Before sending BuildRequestReceived status to /api/updatedeploystatus" date="2025-11-17T12:41:22.386" /><!-- duration: 0ms -->
      <step title="DeploymentManager.Deploy(id:77379cdda0f3463f9696a00f43319b51)" date="2025-11-17T12:41:22.386" >
        <step title="Collecting changeset information" date="2025-11-17T12:41:22.402" /><!-- duration: 31ms -->
        <step title="Updating submodules" date="2025-11-17T12:41:22.449" >
          <step title="Updating submodules." date="2025-11-17T12:41:22.480" /><!-- duration: 16ms -->
        </step><!-- duration: 47ms -->
        <step title="Preparing deployment for commit id &apos;77379cdda0&apos;." date="2025-11-17T12:41:22.543" /><!-- duration: 0ms -->
        <step title="Determining deployment builder" date="2025-11-17T12:41:22.589" >
          <step title="Builder is OneDeployBuilder" date="2025-11-17T12:41:22.589" /><!-- duration: 0ms -->
        </step><!-- duration: 16ms -->
        <step title="Copying SSH keys" date="2025-11-17T12:41:22.621" /><!-- duration: 0ms -->
        <step title="Building" date="2025-11-17T12:41:22.636" >
          <step title="Running build. Project type: OneDeploy" date="2025-11-17T12:41:22.683" /><!-- duration: 16ms -->
          <step title="Copying the manifest" date="2025-11-17T12:41:22.730" /><!-- duration: 16ms -->
          <step title="Clean deploying to C:\home\site\wwwroot" date="2025-11-17T12:41:22.808" /><!-- duration: 0ms -->
          <step title="Generating deployment script." date="2025-11-17T12:41:22.855" /><!-- duration: 0ms -->
          <step title="Generating deployment script" date="2025-11-17T12:41:22.871" >
            <step title="Using cached version of the deployment script for command: -y --no-dot-deployment -r &quot;C:\local\Temp\zipdeploy\extracted&quot; -o &quot;C:\home\site\deployments\tools&quot; --basic --sitePath &quot;C:\local\Temp\zipdeploy\extracted&quot;" date="2025-11-17T12:41:22.902" /><!-- duration: 16ms -->
            <step title="Using cached version of deployment script (command: &apos;azure -y --no-dot-deployment -r &quot;C:\local\Temp\zipdeploy\extracted&quot; -o &quot;C:\home\site\deployments\tools&quot; --basic --sitePath &quot;C:\local\Temp\zipdeploy\extracted&quot;&apos;)." date="2025-11-17T12:41:22.933" /><!-- duration: 0ms -->
          </step><!-- duration: 94ms -->
          <step title="Running deployment command..." date="2025-11-17T12:41:22.996" /><!-- duration: 0ms -->
          <step title="Command: &quot;C:\home\site\deployments\tools\deploy.cmd&quot;" date="2025-11-17T12:41:23.011" /><!-- duration: 16ms -->
          <step title="Executing external process" date="2025-11-17T12:41:23.043" type="process" path="starter.cmd" arguments="&quot;C:\home\site\deployments\tools\deploy.cmd&quot;" >
            <step title="Handling Basic Web Site deployment." date="2025-11-17T12:41:23.168" /><!-- duration: 0ms -->
            <step title="Creating app_offline.htm" date="2025-11-17T12:41:25.761" /><!-- duration: 0ms -->
            <step title="KuduSync.NET from: &apos;C:\local\Temp\zipdeploy\extracted&apos; to: &apos;C:\home\site\wwwroot&apos;" date="2025-11-17T12:41:25.777" /><!-- duration: 0ms -->
            <step title="Copying file: &apos;MH.Api.dll&apos;" date="2025-11-17T12:41:25.793" /><!-- duration: 0ms -->
            <step title="Copying file: &apos;MH.Api.exe&apos;" date="2025-11-17T12:41:25.824" /><!-- duration: 0ms -->
            <step title="Copying file: &apos;MH.Api.pdb&apos;" date="2025-11-17T12:41:25.840" /><!-- duration: 0ms -->
            <step title="Copying file: &apos;MH.Application.dll&apos;" date="2025-11-17T12:41:25.855" /><!-- duration: 0ms -->
            <step title="Copying file: &apos;MH.Application.pdb&apos;" date="2025-11-17T12:41:25.871" /><!-- duration: 16ms -->
            <step title="Copying file: &apos;MH.Infrastructure.dll&apos;" date="2025-11-17T12:41:25.902" /><!-- duration: 0ms -->
            <step title="Copying file: &apos;MH.Infrastructure.pdb&apos;" date="2025-11-17T12:41:25.918" /><!-- duration: 0ms -->
            <step title="Deleting app_offline.htm" date="2025-11-17T12:41:25.933" /><!-- duration: 0ms -->
            <step title="Finished successfully." date="2025-11-17T12:41:25.949" /><!-- duration: 0ms -->
          </step><!-- duration: 2922ms -->
          <step title="Build completed succesfully." date="2025-11-17T12:41:26.011" /><!-- duration: 0ms -->
          <step title="Running post deployment command(s)..." date="2025-11-17T12:41:26.058" /><!-- duration: 0ms -->
          <step title="Requesting site restart" date="2025-11-17T12:41:26.136" /><!-- duration: 0ms -->
          <step title="Requesting site restart" date="2025-11-17T12:41:26.152" /><!-- duration: 0ms -->
          <step title="Requesting site restart. Attempt #1" date="2025-11-17T12:41:26.199" /><!-- duration: 0ms -->
          <step title="Requesting site restart. Attempt #1" date="2025-11-17T12:41:26.215" /><!-- duration: 0ms -->
          <step title="Successfully requested a restart. Attempt #1" date="2025-11-17T12:41:26.543" /><!-- duration: 0ms -->
          <step title="Successfully requested a restart. Attempt #1" date="2025-11-17T12:41:26.558" /><!-- duration: 0ms -->
          <step title="Deployment successful. DEPLOYMENTINFO: deploymentPath = OneDeploy, deployer = OneDeploy, os = windows, sku = Free, siteName = NgCanduAPI, siteHostName = ngcanduapi.azurewebsites.net, deploymentStatus = Success" date="2025-11-17T12:41:26.605" /><!-- duration: 0ms -->
          <step title="Purge deployment items" date="2025-11-17T12:41:26.777" >
            <step title="Remove f144a287a, Success, received at 11/17/2025 10:37:26 AM" date="2025-11-17T12:41:26.840" /><!-- duration: 0ms -->
          </step><!-- duration: 63ms -->
        </step><!-- duration: 4234ms -->
      </step><!-- duration: 4500ms -->
      <step title="Cleaning up temp files" date="2025-11-17T12:41:26.886" /><!-- duration: 0ms -->
      <step title="Skip function trigger and logicapp sync because function is not enabled." date="2025-11-17T12:41:26.902" /><!-- duration: 0ms -->
    </step><!-- duration: 5719ms -->
    <step title="LockFile &apos;C:\home\site\locks\deployments.lock&apos; released" date="2025-11-17T12:41:26.949" /><!-- duration: 0ms -->
    <step title="Deleting shutdown sentinel file" date="2025-11-17T12:41:26.965" SemaphoreCount="8" /><!-- duration: 0ms -->
  </step><!-- duration: 7516ms -->
  <step title="Outgoing response" date="2025-11-17T12:41:26.996" type="response" statusCode="200" statusText="OK" Server="Microsoft-IIS/10.0" x-ms-request-id="b0fc0415-c3b2-11f0-9666-c025a5cfe792" Cache-Control="private" X-AspNet-Version="4.0.30319" /><!-- duration: 16ms -->
</step><!-- duration: 8094ms -->
