<step title="BackgroundTrace" date="2025-11-17T11:47:32.340" instance="92ca53" url="/api/publish" method="POST" >
  <step title="Updating shutdown sentinel last write time" date="2025-11-17T11:47:32.340" SemaphoreCount="7" /><!-- duration: 16ms -->
  <step title="LockFile &apos;C:\home\site\locks\deployments.lock&apos; acquired" date="2025-11-17T11:47:32.356" /><!-- duration: 0ms -->
  <step title="Creating temporary deployment" date="2025-11-17T11:47:32.371" /><!-- duration: 47ms -->
  <step title="Performing fetch based deployment" date="2025-11-17T11:47:32.418" >
    <step title="Fetching changes." date="2025-11-17T11:47:32.574" /><!-- duration: 16ms -->
    <step title="Starting LocalZipHandler" date="2025-11-17T11:47:32.590" /><!-- duration: 0ms -->
    <step title="Cleaning up temp folders from previous zip deployments and extracting pushed zip file C:\local\Temp\zipdeploy\xzjuxfsp.zip (22.20 MB) to C:\local\Temp\zipdeploy\extracted" date="2025-11-17T11:47:32.621" /><!-- duration: 16ms -->
    <step title="Cleaning up temp folders from previous zip deployments and extracting pushed zip file C:\local\Temp\zipdeploy\xzjuxfsp.zip (22.20 MB) to C:\local\Temp\zipdeploy\extracted" date="2025-11-17T11:47:32.637" >
      <step title="Extracting 227 entries to C:\local\Temp\zipdeploy\extracted directory" date="2025-11-17T11:47:32.652" >
        <step title="Extracting to C:\local\Temp\zipdeploy\extracted\ca\Hangfire.Core.resources.dll ..." date="2025-11-17T11:47:32.652" /><!-- duration: 16ms -->
        <step title="Extracting to C:\local\Temp\zipdeploy\extracted\de\Hangfire.Core.resources.dll ..." date="2025-11-17T11:47:32.668" /><!-- duration: 16ms -->
        <step title="Extracting to C:\local\Temp\zipdeploy\extracted\es\Hangfire.Core.resources.dll ..." date="2025-11-17T11:47:32.684" /><!-- duration: 0ms -->
        <step title="Extracting to C:\local\Temp\zipdeploy\extracted\fa\Hangfire.Core.resources.dll ..." date="2025-11-17T11:47:32.699" /><!-- duration: 0ms -->
        <step title="Extracting to C:\local\Temp\zipdeploy\extracted\fr\Hangfire.Core.resources.dll ..." date="2025-11-17T11:47:32.699" /><!-- duration: 0ms -->
        <step title="Omitting extracting file traces ..." date="2025-11-17T11:47:32.715" /><!-- duration: 0ms -->
      </step><!-- duration: 891ms -->
    </step><!-- duration: 906ms -->
    <step title="Before sending BuildRequestReceived status to /api/updatedeploystatus" date="2025-11-17T11:47:33.559" /><!-- duration: 0ms -->
    <step title="DeploymentManager.Deploy(id:5a45fa2a4be44e328160b6878c08dd74)" date="2025-11-17T11:47:33.574" >
      <step title="Collecting changeset information" date="2025-11-17T11:47:33.590" /><!-- duration: 31ms -->
      <step title="Updating submodules" date="2025-11-17T11:47:33.621" >
        <step title="Updating submodules." date="2025-11-17T11:47:33.668" /><!-- duration: 0ms -->
      </step><!-- duration: 47ms -->
      <step title="Preparing deployment for commit id &apos;5a45fa2a4b&apos;." date="2025-11-17T11:47:33.715" /><!-- duration: 0ms -->
      <step title="Determining deployment builder" date="2025-11-17T11:47:33.746" >
        <step title="Builder is OneDeployBuilder" date="2025-11-17T11:47:33.762" /><!-- duration: 0ms -->
      </step><!-- duration: 16ms -->
      <step title="Copying SSH keys" date="2025-11-17T11:47:33.777" /><!-- duration: 16ms -->
      <step title="Building" date="2025-11-17T11:47:33.793" >
        <step title="Running build. Project type: OneDeploy" date="2025-11-17T11:47:33.856" /><!-- duration: 0ms -->
        <step title="Copying the manifest" date="2025-11-17T11:47:33.902" /><!-- duration: 0ms -->
        <step title="Clean deploying to C:\home\site\wwwroot" date="2025-11-17T11:47:33.949" /><!-- duration: 16ms -->
        <step title="Generating deployment script." date="2025-11-17T11:47:33.996" /><!-- duration: 0ms -->
        <step title="Generating deployment script" date="2025-11-17T11:47:34.012" >
          <step title="Using cached version of the deployment script for command: -y --no-dot-deployment -r &quot;C:\local\Temp\zipdeploy\extracted&quot; -o &quot;C:\home\site\deployments\tools&quot; --basic --sitePath &quot;C:\local\Temp\zipdeploy\extracted&quot;" date="2025-11-17T11:47:34.043" /><!-- duration: 16ms -->
          <step title="Using cached version of deployment script (command: &apos;azure -y --no-dot-deployment -r &quot;C:\local\Temp\zipdeploy\extracted&quot; -o &quot;C:\home\site\deployments\tools&quot; --basic --sitePath &quot;C:\local\Temp\zipdeploy\extracted&quot;&apos;)." date="2025-11-17T11:47:34.074" /><!-- duration: 0ms -->
        </step><!-- duration: 63ms -->
        <step title="Running deployment command..." date="2025-11-17T11:47:34.121" /><!-- duration: 0ms -->
        <step title="Command: &quot;C:\home\site\deployments\tools\deploy.cmd&quot;" date="2025-11-17T11:47:34.137" /><!-- duration: 0ms -->
        <step title="Executing external process" date="2025-11-17T11:47:34.152" type="process" path="starter.cmd" arguments="&quot;C:\home\site\deployments\tools\deploy.cmd&quot;" >
          <step title="Handling Basic Web Site deployment." date="2025-11-17T11:47:34.277" /><!-- duration: 0ms -->
          <step title="Creating app_offline.htm" date="2025-11-17T11:47:37.090" /><!-- duration: 0ms -->
          <step title="KuduSync.NET from: &apos;C:\local\Temp\zipdeploy\extracted&apos; to: &apos;C:\home\site\wwwroot&apos;" date="2025-11-17T11:47:37.090" /><!-- duration: 16ms -->
          <step title="Copying file: &apos;MH.Infrastructure.dll&apos;" date="2025-11-17T11:47:37.106" /><!-- duration: 16ms -->
          <step title="Copying file: &apos;MH.Infrastructure.pdb&apos;" date="2025-11-17T11:47:37.121" /><!-- duration: 16ms -->
          <step title="Copying file: &apos;publish\appsettings.Development.json&apos;" date="2025-11-17T11:47:37.137" /><!-- duration: 0ms -->
          <step title="Copying file: &apos;publish\appsettings.json&apos;" date="2025-11-17T11:47:37.153" /><!-- duration: 0ms -->
          <step title="Copying file: &apos;publish\MH.Api.deps.json&apos;" date="2025-11-17T11:47:37.168" /><!-- duration: 0ms -->
          <step title="Copying file: &apos;publish\MH.Api.runtimeconfig.json&apos;" date="2025-11-17T11:47:37.184" /><!-- duration: 0ms -->
          <step title="Copying file: &apos;publish\MH.Api.staticwebassets.endpoints.json&apos;" date="2025-11-17T11:47:37.184" /><!-- duration: 16ms -->
          <step title="Copying file: &apos;publish\web.config&apos;" date="2025-11-17T11:47:37.199" /><!-- duration: 0ms -->
          <step title="Deleting app_offline.htm" date="2025-11-17T11:47:37.215" /><!-- duration: 0ms -->
          <step title="Finished successfully." date="2025-11-17T11:47:37.231" /><!-- duration: 0ms -->
        </step><!-- duration: 3078ms -->
        <step title="Build completed succesfully." date="2025-11-17T11:47:37.278" /><!-- duration: 0ms -->
        <step title="Running post deployment command(s)..." date="2025-11-17T11:47:37.324" /><!-- duration: 0ms -->
        <step title="Requesting site restart" date="2025-11-17T11:47:37.371" /><!-- duration: 0ms -->
        <step title="Requesting site restart" date="2025-11-17T11:47:37.387" /><!-- duration: 0ms -->
        <step title="Requesting site restart. Attempt #1" date="2025-11-17T11:47:37.434" /><!-- duration: 16ms -->
        <step title="Requesting site restart. Attempt #1" date="2025-11-17T11:47:37.449" /><!-- duration: 0ms -->
        <step title="Successfully requested a restart. Attempt #1" date="2025-11-17T11:47:37.809" /><!-- duration: 0ms -->
        <step title="Successfully requested a restart. Attempt #1" date="2025-11-17T11:47:37.809" /><!-- duration: 16ms -->
        <step title="Deployment successful. DEPLOYMENTINFO: deploymentPath = OneDeploy, deployer = OneDeploy, os = windows, sku = Free, siteName = NgCanduAPI, siteHostName = ngcanduapi.azurewebsites.net, deploymentStatus = Success" date="2025-11-17T11:47:37.856" /><!-- duration: 16ms -->
        <step title="Purge deployment items" date="2025-11-17T11:47:38.043" >
          <step title="Remove d9bf610bb, Success, received at 11/17/2025 6:41:25 AM" date="2025-11-17T11:47:38.090" /><!-- duration: 16ms -->
        </step><!-- duration: 63ms -->
      </step><!-- duration: 4328ms -->
    </step><!-- duration: 4563ms -->
    <step title="Cleaning up temp files" date="2025-11-17T11:47:38.137" /><!-- duration: 16ms -->
    <step title="Skip function trigger and logicapp sync because function is not enabled." date="2025-11-17T11:47:38.153" /><!-- duration: 16ms -->
  </step><!-- duration: 5781ms -->
  <step title="LockFile &apos;C:\home\site\locks\deployments.lock&apos; released" date="2025-11-17T11:47:38.215" /><!-- duration: 16ms -->
  <step title="Deleting shutdown sentinel file" date="2025-11-17T11:47:38.231" SemaphoreCount="8" /><!-- duration: 0ms -->
</step><!-- duration: 5906ms -->
