﻿<?xml version="1.0" encoding="utf-8"?>
<deployment>
  <id>2efe8dfec805417ea0c20638d54ebe31</id>
  <author>N/A</author>
  <deployer>OneDeploy</deployer>
  <authorEmail>N/A</authorEmail>
  <message>OneDeploy</message>
  <progress></progress>
  <status>Success</status>
  <statusText></statusText>
  <lastSuccessEndTime>2025-11-17T14:28:57.3286632Z</lastSuccessEndTime>
  <receivedTime>2025-11-17T14:28:51.7348991Z</receivedTime>
  <startTime>2025-11-17T14:28:51.8755053Z</startTime>
  <endTime>2025-11-17T14:28:57.3286632Z</endTime>
  <complete>True</complete>
  <is_temp>False</is_temp>
  <is_readonly>True</is_readonly>
  <project_type>OneDeploy</project_type>
  <vsproject_id></vsproject_id>
</deployment>