﻿<?xml version="1.0" encoding="utf-8"?>
<deployment>
  <id>4afe8870f8174d25b9540b93422f4fc5</id>
  <author>N/A</author>
  <deployer>ZipDeploy</deployer>
  <authorEmail>N/A</authorEmail>
  <message>Created via a push deployment</message>
  <progress></progress>
  <status>Success</status>
  <statusText></statusText>
  <lastSuccessEndTime>2025-11-20T14:17:32.4019985Z</lastSuccessEndTime>
  <receivedTime>2025-11-20T14:17:27.6801116Z</receivedTime>
  <startTime>2025-11-20T14:17:27.8207382Z</startTime>
  <endTime>2025-11-20T14:17:32.4019985Z</endTime>
  <complete>True</complete>
  <is_temp>False</is_temp>
  <is_readonly>True</is_readonly>
  <project_type>BASIC</project_type>
  <vsproject_id></vsproject_id>
</deployment>