﻿<?xml version="1.0" encoding="utf-8"?>
<deployment>
  <id>7e3882d2223a4d88b7e9e1d13b37ff76</id>
  <author>N/A</author>
  <deployer>OneDeploy</deployer>
  <authorEmail>N/A</authorEmail>
  <message>OneDeploy</message>
  <progress></progress>
  <status>Success</status>
  <statusText></statusText>
  <lastSuccessEndTime>2025-11-18T06:48:52.3656955Z</lastSuccessEndTime>
  <receivedTime>2025-11-18T06:48:48.1463923Z</receivedTime>
  <startTime>2025-11-18T06:48:48.3026478Z</startTime>
  <endTime>2025-11-18T06:48:52.3656955Z</endTime>
  <complete>True</complete>
  <is_temp>False</is_temp>
  <is_readonly>True</is_readonly>
  <project_type>OneDeploy</project_type>
  <vsproject_id></vsproject_id>
</deployment>