﻿<?xml version="1.0" encoding="utf-8"?>
<deployment>
  <id>3b9fb770ec07419196f27b026f24fd83</id>
  <author>N/A</author>
  <deployer>ZipDeploy</deployer>
  <authorEmail>N/A</authorEmail>
  <message>Created via a push deployment</message>
  <progress></progress>
  <status>Success</status>
  <statusText></statusText>
  <lastSuccessEndTime>2025-11-20T13:17:11.8961622Z</lastSuccessEndTime>
  <receivedTime>2025-11-20T13:17:08.1277884Z</receivedTime>
  <startTime>2025-11-20T13:17:08.2840395Z</startTime>
  <endTime>2025-11-20T13:17:11.8961622Z</endTime>
  <complete>True</complete>
  <is_temp>False</is_temp>
  <is_readonly>True</is_readonly>
  <project_type>BASIC</project_type>
  <vsproject_id></vsproject_id>
</deployment>