﻿<?xml version="1.0" encoding="utf-8"?>
<deployment>
  <id>bf5b4bbc6df84136a432461b212273ac</id>
  <author>N/A</author>
  <deployer>OneDeploy</deployer>
  <authorEmail>N/A</authorEmail>
  <message>OneDeploy</message>
  <progress></progress>
  <status>Success</status>
  <statusText></statusText>
  <lastSuccessEndTime>2025-11-18T07:50:50.6437879Z</lastSuccessEndTime>
  <receivedTime>2025-11-18T07:50:44.9249576Z</receivedTime>
  <startTime>2025-11-18T07:50:45.0811889Z</startTime>
  <endTime>2025-11-18T07:50:50.6437879Z</endTime>
  <complete>True</complete>
  <is_temp>False</is_temp>
  <is_readonly>True</is_readonly>
  <project_type>OneDeploy</project_type>
  <vsproject_id></vsproject_id>
</deployment>