﻿<?xml version="1.0" encoding="utf-8"?>
<deployment>
  <id>22ff018b7bde432baad3790142870427</id>
  <author>N/A</author>
  <deployer>OneDeploy</deployer>
  <authorEmail>N/A</authorEmail>
  <message>OneDeploy</message>
  <progress></progress>
  <status>Success</status>
  <statusText></statusText>
  <lastSuccessEndTime>2025-11-17T12:54:59.9564917Z</lastSuccessEndTime>
  <receivedTime>2025-11-17T12:54:55.8627435Z</receivedTime>
  <startTime>2025-11-17T12:54:56.0189922Z</startTime>
  <endTime>2025-11-17T12:54:59.9564917Z</endTime>
  <complete>True</complete>
  <is_temp>False</is_temp>
  <is_readonly>True</is_readonly>
  <project_type>OneDeploy</project_type>
  <vsproject_id></vsproject_id>
</deployment>