﻿<?xml version="1.0" encoding="utf-8"?>
<deployment>
  <id>77379cdda0f3463f9696a00f43319b51</id>
  <author>N/A</author>
  <deployer>OneDeploy</deployer>
  <authorEmail>N/A</authorEmail>
  <message>OneDeploy</message>
  <progress></progress>
  <status>Success</status>
  <statusText></statusText>
  <lastSuccessEndTime>2025-11-17T12:41:26.6369261Z</lastSuccessEndTime>
  <receivedTime>2025-11-17T12:41:22.4181189Z</receivedTime>
  <startTime>2025-11-17T12:41:22.5587463Z</startTime>
  <endTime>2025-11-17T12:41:26.6369261Z</endTime>
  <complete>True</complete>
  <is_temp>False</is_temp>
  <is_readonly>True</is_readonly>
  <project_type>OneDeploy</project_type>
  <vsproject_id></vsproject_id>
</deployment>