﻿<?xml version="1.0" encoding="utf-8"?>
<deployment>
  <id>dd430a6d4c324e2182f56582c2144002</id>
  <author>N/A</author>
  <deployer>OneDeploy</deployer>
  <authorEmail>N/A</authorEmail>
  <message>OneDeploy</message>
  <progress></progress>
  <status>Success</status>
  <statusText></statusText>
  <lastSuccessEndTime>2025-11-17T12:57:35.5208409Z</lastSuccessEndTime>
  <receivedTime>2025-11-17T12:57:33.6759107Z</receivedTime>
  <startTime>2025-11-17T12:57:33.8321647Z</startTime>
  <endTime>2025-11-17T12:57:35.5208409Z</endTime>
  <complete>True</complete>
  <is_temp>False</is_temp>
  <is_readonly>True</is_readonly>
  <project_type>OneDeploy</project_type>
  <vsproject_id></vsproject_id>
</deployment>