﻿<?xml version="1.0" encoding="utf-8"?>
<deployment>
  <id>23a960ada08c493383ec6a4f6c7c0599</id>
  <author>N/A</author>
  <deployer>ZipDeploy</deployer>
  <authorEmail>N/A</authorEmail>
  <message>Created via a push deployment</message>
  <progress></progress>
  <status>Success</status>
  <statusText></statusText>
  <lastSuccessEndTime>2025-11-20T13:07:45.9610087Z</lastSuccessEndTime>
  <receivedTime>2025-11-20T13:07:44.5547472Z</receivedTime>
  <startTime>2025-11-20T13:07:44.6953746Z</startTime>
  <endTime>2025-11-20T13:07:45.9610087Z</endTime>
  <complete>True</complete>
  <is_temp>False</is_temp>
  <is_readonly>True</is_readonly>
  <project_type>BASIC</project_type>
  <vsproject_id></vsproject_id>
</deployment>