﻿<?xml version="1.0" encoding="utf-8"?>
<deployment>
  <id>dad938ddb07942db9744d59ac10ecedc</id>
  <author>N/A</author>
  <deployer>OneDeploy</deployer>
  <authorEmail>N/A</authorEmail>
  <message>OneDeploy</message>
  <progress></progress>
  <status>Success</status>
  <statusText></statusText>
  <lastSuccessEndTime>2025-11-20T13:39:29.507617Z</lastSuccessEndTime>
  <receivedTime>2025-11-20T13:39:25.225724Z</receivedTime>
  <startTime>2025-11-20T13:39:25.3819662Z</startTime>
  <endTime>2025-11-20T13:39:29.507617Z</endTime>
  <complete>True</complete>
  <is_temp>False</is_temp>
  <is_readonly>True</is_readonly>
  <project_type>OneDeploy</project_type>
  <vsproject_id></vsproject_id>
</deployment>