﻿<?xml version="1.0" encoding="utf-8"?>
<deployment>
  <id>56ad55821ca44a679ca8ff113d72aef2</id>
  <author>N/A</author>
  <deployer>OneDeploy</deployer>
  <authorEmail>N/A</authorEmail>
  <message>OneDeploy</message>
  <progress></progress>
  <status>Success</status>
  <statusText></statusText>
  <lastSuccessEndTime>2025-11-18T07:18:45.1776967Z</lastSuccessEndTime>
  <receivedTime>2025-11-18T07:18:38.4718214Z</receivedTime>
  <startTime>2025-11-18T07:18:38.6436818Z</startTime>
  <endTime>2025-11-18T07:18:45.1776967Z</endTime>
  <complete>True</complete>
  <is_temp>False</is_temp>
  <is_readonly>True</is_readonly>
  <project_type>OneDeploy</project_type>
  <vsproject_id></vsproject_id>
</deployment>