﻿<?xml version="1.0" encoding="utf-8"?>
<deployment>
  <id>ee44cf034de2413da54eb203eb6f47ea</id>
  <author>N/A</author>
  <deployer>OneDeploy</deployer>
  <authorEmail>N/A</authorEmail>
  <message>OneDeploy</message>
  <progress></progress>
  <status>Success</status>
  <statusText></statusText>
  <lastSuccessEndTime>2025-11-18T07:47:29.0956926Z</lastSuccessEndTime>
  <receivedTime>2025-11-18T07:47:21.8286998Z</receivedTime>
  <startTime>2025-11-18T07:47:22.0005569Z</startTime>
  <endTime>2025-11-18T07:47:29.0956926Z</endTime>
  <complete>True</complete>
  <is_temp>False</is_temp>
  <is_readonly>True</is_readonly>
  <project_type>OneDeploy</project_type>
  <vsproject_id></vsproject_id>
</deployment>