{"TimeStamp":"2025-11-18T07:50:50Z","SiteName":"NgCanduAPI","RequestId":"cd53616a-39ae-4203-88fa-4a7990a36ef9","Kind":"OneDeploy","Status":"Success","Details":"{\"Id\":\"bf5b4bbc6df84136a432461b212273ac\",\"Status\":4,\"StatusText\":\"\",\"AuthorEmail\":\"N/A\",\"Author\":\"N/A\",\"Message\":\"OneDeploy\",\"Progress\":\"\",\"Deployer\":\"OneDeploy\",\"ReceivedTime\":\"2025-11-18T07:50:44.9249576Z\",\"StartTime\":\"2025-11-18T07:50:45.0811889Z\",\"EndTime\":\"2025-11-18T07:50:50.6437879Z\",\"LastSuccessEndTime\":\"2025-11-18T07:50:50.6437879Z\",\"Complete\":true,\"IsTemporary\":false,\"IsReadOnly\":true,\"SiteName\":\"NgCanduAPI\",\"HostName\":\"ngcanduapi.scm.azurewebsites.net\",\"ProjectType\":\"OneDeploy\",\"VsProjectId\":null}"}