﻿<?xml version="1.0" encoding="utf-8"?>
<deployment>
  <id>e0265f88ebec4597afc216056fe05fac</id>
  <author>N/A</author>
  <deployer>OneDeploy</deployer>
  <authorEmail>N/A</authorEmail>
  <message>OneDeploy</message>
  <progress></progress>
  <status>Success</status>
  <statusText></statusText>
  <lastSuccessEndTime>2025-11-17T13:14:54.9770127Z</lastSuccessEndTime>
  <receivedTime>2025-11-17T13:14:50.6790763Z</receivedTime>
  <startTime>2025-11-17T13:14:50.8197024Z</startTime>
  <endTime>2025-11-17T13:14:54.9770127Z</endTime>
  <complete>True</complete>
  <is_temp>False</is_temp>
  <is_readonly>True</is_readonly>
  <project_type>OneDeploy</project_type>
  <vsproject_id></vsproject_id>
</deployment>