﻿<?xml version="1.0" encoding="utf-8"?>
<entries>
  <entry time="2023-03-20T08:28:17.0248806+00:00" type="Message">
    <message>[Information] [user: $NgCanduAPI] [9cd6ad7c-0742-4908-89e5-5e65d0fc54ee] WebDeploy operation complete. Performing post-deployment operations.</message>
  </entry>
  <entry time="2023-03-20T08:28:17.227954+00:00" type="Message">
    <message>[Verbose] [user: $NgCanduAPI] Skip function trigger and logicapp sync because function is not enabled.</message>
  </entry>
  <entry time="2023-03-20T08:28:17.2435723+00:00" type="Message">
    <message>[Verbose] [user: $NgCanduAPI] AutoSwap is not enabled</message>
  </entry>
  <entry time="2023-03-20T08:28:17.2435723+00:00" type="Message">
    <message>[Information] [user: $NgCanduAPI] [9cd6ad7c-0742-4908-89e5-5e65d0fc54ee] Post-deployment operations complete.</message>
  </entry>
  <entry time="2023-03-20T08:32:25.015851+00:00" type="Message">
    <message>[Information] [user: $NgCanduAPI] [b3ad4a6c-7cb9-42b9-989d-9cc825e7ff07] WebDeploy operation complete. Performing post-deployment operations.</message>
  </entry>
  <entry time="2023-03-20T08:32:25.2346728+00:00" type="Message">
    <message>[Verbose] [user: $NgCanduAPI] Skip function trigger and logicapp sync because function is not enabled.</message>
  </entry>
  <entry time="2023-03-20T08:32:25.2346728+00:00" type="Message">
    <message>[Verbose] [user: $NgCanduAPI] AutoSwap is not enabled</message>
  </entry>
  <entry time="2023-03-20T08:32:25.2346728+00:00" type="Message">
    <message>[Information] [user: $NgCanduAPI] [b3ad4a6c-7cb9-42b9-989d-9cc825e7ff07] Post-deployment operations complete.</message>
  </entry>
  <entry time="2023-03-20T08:37:48.5628805+00:00" type="Message">
    <message>[Information] [user: $NgCanduAPI] [9e2757ec-884e-4bd6-bfcf-5ed7362edb01] WebDeploy operation complete. Performing post-deployment operations.</message>
  </entry>
  <entry time="2023-03-20T08:37:48.5785+00:00" type="Message">
    <message>[Verbose] [user: $NgCanduAPI] Skip function trigger and logicapp sync because function is not enabled.</message>
  </entry>
  <entry time="2023-03-20T08:37:48.5785+00:00" type="Message">
    <message>[Verbose] [user: $NgCanduAPI] AutoSwap is not enabled</message>
  </entry>
  <entry time="2023-03-20T08:37:48.5785+00:00" type="Message">
    <message>[Information] [user: $NgCanduAPI] [9e2757ec-884e-4bd6-bfcf-5ed7362edb01] Post-deployment operations complete.</message>
  </entry>
  <entry time="2023-03-20T08:44:25.4670253+00:00" type="Message">
    <message>[Information] [user: $NgCanduAPI] [58151877-e4a5-4b9c-b0ce-1f5560cbd3e9] WebDeploy operation complete. Performing post-deployment operations.</message>
  </entry>
  <entry time="2023-03-20T08:44:25.4826493+00:00" type="Message">
    <message>[Verbose] [user: $NgCanduAPI] Skip function trigger and logicapp sync because function is not enabled.</message>
  </entry>
  <entry time="2023-03-20T08:44:25.4826493+00:00" type="Message">
    <message>[Verbose] [user: $NgCanduAPI] AutoSwap is not enabled</message>
  </entry>
  <entry time="2023-03-20T08:44:25.4826493+00:00" type="Message">
    <message>[Information] [user: $NgCanduAPI] [58151877-e4a5-4b9c-b0ce-1f5560cbd3e9] Post-deployment operations complete.</message>
  </entry>
  <entry time="2023-03-22T16:03:27.0776143+00:00" type="Message">
    <message>[Information] [user: $NgCanduAPI] [246b8f5a-e08c-4e17-aa4e-d0efe2a314ce] WebDeploy operation complete. Performing post-deployment operations.</message>
  </entry>
  <entry time="2023-03-22T16:03:27.2963658+00:00" type="Message">
    <message>[Verbose] [user: $NgCanduAPI] Skip function trigger and logicapp sync because function is not enabled.</message>
  </entry>
  <entry time="2023-03-22T16:03:27.2963658+00:00" type="Message">
    <message>[Verbose] [user: $NgCanduAPI] AutoSwap is not enabled</message>
  </entry>
  <entry time="2023-03-22T16:03:27.3125276+00:00" type="Message">
    <message>[Information] [user: $NgCanduAPI] [246b8f5a-e08c-4e17-aa4e-d0efe2a314ce] Post-deployment operations complete.</message>
  </entry>
  <entry time="2023-04-06T06:27:40.9300765+00:00" type="Message">
    <message>[Information] [user: $NgCanduAPI] [035a5cdd-c122-461d-9e56-5b05af79f8aa] WebDeploy operation complete. Performing post-deployment operations.</message>
  </entry>
  <entry time="2023-04-06T06:27:41.2738173+00:00" type="Message">
    <message>[Verbose] [user: $NgCanduAPI] Skip function trigger and logicapp sync because function is not enabled.</message>
  </entry>
  <entry time="2023-04-06T06:27:41.2738173+00:00" type="Message">
    <message>[Verbose] [user: $NgCanduAPI] AutoSwap is not enabled</message>
  </entry>
  <entry time="2023-04-06T06:27:41.2738173+00:00" type="Message">
    <message>[Information] [user: $NgCanduAPI] [035a5cdd-c122-461d-9e56-5b05af79f8aa] Post-deployment operations complete.</message>
  </entry>
  <entry time="2023-04-06T06:43:28.9251058+00:00" type="Message">
    <message>[Information] [user: $NgCanduAPI] [de442d11-4429-4550-b49d-7bfe024c8455] WebDeploy operation complete. Performing post-deployment operations.</message>
  </entry>
  <entry time="2023-04-06T06:43:28.9407278+00:00" type="Message">
    <message>[Verbose] [user: $NgCanduAPI] Skip function trigger and logicapp sync because function is not enabled.</message>
  </entry>
  <entry time="2023-04-06T06:43:28.9407278+00:00" type="Message">
    <message>[Verbose] [user: $NgCanduAPI] AutoSwap is not enabled</message>
  </entry>
  <entry time="2023-04-06T06:43:28.9407278+00:00" type="Message">
    <message>[Information] [user: $NgCanduAPI] [de442d11-4429-4550-b49d-7bfe024c8455] Post-deployment operations complete.</message>
  </entry>
  <entry time="2023-04-06T07:17:50.2004993+00:00" type="Message">
    <message>[Information] [user: $NgCanduAPI] [c350d52b-e96f-4ae0-9604-75ad2074ea65] WebDeploy operation complete. Performing post-deployment operations.</message>
  </entry>
  <entry time="2023-04-06T07:17:50.4661651+00:00" type="Message">
    <message>[Verbose] [user: $NgCanduAPI] Skip function trigger and logicapp sync because function is not enabled.</message>
  </entry>
  <entry time="2023-04-06T07:17:50.4661651+00:00" type="Message">
    <message>[Verbose] [user: $NgCanduAPI] AutoSwap is not enabled</message>
  </entry>
  <entry time="2023-04-06T07:17:50.4661651+00:00" type="Message">
    <message>[Information] [user: $NgCanduAPI] [c350d52b-e96f-4ae0-9604-75ad2074ea65] Post-deployment operations complete.</message>
  </entry>
  <entry time="2023-04-16T16:48:57.1721379+00:00" type="Message">
    <message>[Information] [user: $NgCanduAPI] [4dea0295-fb7f-4747-a14c-f662e952c1b3] WebDeploy operation complete. Performing post-deployment operations.</message>
  </entry>
  <entry time="2023-04-16T16:48:57.4533832+00:00" type="Message">
    <message>[Verbose] [user: $NgCanduAPI] Skip function trigger and logicapp sync because function is not enabled.</message>
  </entry>
  <entry time="2023-04-16T16:48:57.4689806+00:00" type="Message">
    <message>[Verbose] [user: $NgCanduAPI] AutoSwap is not enabled</message>
  </entry>
  <entry time="2023-04-16T16:48:57.4689806+00:00" type="Message">
    <message>[Information] [user: $NgCanduAPI] [4dea0295-fb7f-4747-a14c-f662e952c1b3] Post-deployment operations complete.</message>
  </entry>
  <entry time="2023-04-16T19:11:14.8350643+00:00" type="Message">
    <message>[Information] [user: $NgCanduAPI] [c061a1d4-a8a0-40da-ac11-bf589536c4a4] WebDeploy operation complete. Performing post-deployment operations.</message>
  </entry>
  <entry time="2023-04-16T19:11:15.1319395+00:00" type="Message">
    <message>[Verbose] [user: $NgCanduAPI] Skip function trigger and logicapp sync because function is not enabled.</message>
  </entry>
  <entry time="2023-04-16T19:11:15.1475949+00:00" type="Message">
    <message>[Verbose] [user: $NgCanduAPI] AutoSwap is not enabled</message>
  </entry>
  <entry time="2023-04-16T19:11:15.1475949+00:00" type="Message">
    <message>[Information] [user: $NgCanduAPI] [c061a1d4-a8a0-40da-ac11-bf589536c4a4] Post-deployment operations complete.</message>
  </entry>
  <entry time="2023-04-16T19:31:14.2290683+00:00" type="Message">
    <message>[Information] [user: $NgCanduAPI] [177fcbe3-ed85-4fa7-90f3-b6b3d3e12d75] WebDeploy operation complete. Performing post-deployment operations.</message>
  </entry>
  <entry time="2023-04-16T19:31:14.2447753+00:00" type="Message">
    <message>[Verbose] [user: $NgCanduAPI] Skip function trigger and logicapp sync because function is not enabled.</message>
  </entry>
  <entry time="2023-04-16T19:31:14.2447753+00:00" type="Message">
    <message>[Verbose] [user: $NgCanduAPI] AutoSwap is not enabled</message>
  </entry>
  <entry time="2023-04-16T19:31:14.2447753+00:00" type="Message">
    <message>[Information] [user: $NgCanduAPI] [177fcbe3-ed85-4fa7-90f3-b6b3d3e12d75] Post-deployment operations complete.</message>
  </entry>
  <entry time="2023-04-19T18:16:00.8803168+00:00" type="Message">
    <message>[Information] [user: $NgCanduAPI] [a8600b71-15b8-458d-8251-944bcbc683d3] WebDeploy operation complete. Performing post-deployment operations.</message>
  </entry>
  <entry time="2023-04-19T18:16:01.1615963+00:00" type="Message">
    <message>[Verbose] [user: $NgCanduAPI] Skip function trigger and logicapp sync because function is not enabled.</message>
  </entry>
  <entry time="2023-04-19T18:16:01.1615963+00:00" type="Message">
    <message>[Verbose] [user: $NgCanduAPI] AutoSwap is not enabled</message>
  </entry>
  <entry time="2023-04-19T18:16:01.1615963+00:00" type="Message">
    <message>[Information] [user: $NgCanduAPI] [a8600b71-15b8-458d-8251-944bcbc683d3] Post-deployment operations complete.</message>
  </entry>
  <entry time="2023-04-19T18:32:33.9926424+00:00" type="Message">
    <message>[Information] [user: $NgCanduAPI] [d366cbf8-3e9a-4398-8e7b-a285f40eb34e] WebDeploy operation complete. Performing post-deployment operations.</message>
  </entry>
  <entry time="2023-04-19T18:32:34.0082674+00:00" type="Message">
    <message>[Verbose] [user: $NgCanduAPI] Skip function trigger and logicapp sync because function is not enabled.</message>
  </entry>
  <entry time="2023-04-19T18:32:34.0082674+00:00" type="Message">
    <message>[Verbose] [user: $NgCanduAPI] AutoSwap is not enabled</message>
  </entry>
  <entry time="2023-04-19T18:32:34.0082674+00:00" type="Message">
    <message>[Information] [user: $NgCanduAPI] [d366cbf8-3e9a-4398-8e7b-a285f40eb34e] Post-deployment operations complete.</message>
  </entry>
  <entry time="2023-04-20T05:34:25.4367196+00:00" type="Message">
    <message>[Information] [user: $NgCanduAPI] [e024214c-4506-44dc-983e-07d7a8a2128f] WebDeploy operation complete. Performing post-deployment operations.</message>
  </entry>
  <entry time="2023-04-20T05:34:25.7180358+00:00" type="Message">
    <message>[Verbose] [user: $NgCanduAPI] Skip function trigger and logicapp sync because function is not enabled.</message>
  </entry>
  <entry time="2023-04-20T05:34:25.7336155+00:00" type="Message">
    <message>[Verbose] [user: $NgCanduAPI] AutoSwap is not enabled</message>
  </entry>
  <entry time="2023-04-20T05:34:25.7336155+00:00" type="Message">
    <message>[Information] [user: $NgCanduAPI] [e024214c-4506-44dc-983e-07d7a8a2128f] Post-deployment operations complete.</message>
  </entry>
  <entry time="2023-04-25T09:52:55.2684394+00:00" type="Message">
    <message>[Information] [user: $NgCanduAPI] [3e4f1257-19a1-4d8c-add7-b3945b64321b] WebDeploy operation complete. Performing post-deployment operations.</message>
  </entry>
  <entry time="2023-04-25T09:52:55.5653174+00:00" type="Message">
    <message>[Verbose] [user: $NgCanduAPI] Skip function trigger and logicapp sync because function is not enabled.</message>
  </entry>
  <entry time="2023-04-25T09:52:55.5653174+00:00" type="Message">
    <message>[Verbose] [user: $NgCanduAPI] AutoSwap is not enabled</message>
  </entry>
  <entry time="2023-04-25T09:52:55.5653174+00:00" type="Message">
    <message>[Information] [user: $NgCanduAPI] [3e4f1257-19a1-4d8c-add7-b3945b64321b] Post-deployment operations complete.</message>
  </entry>
  <entry time="2023-05-06T17:09:40.8176909Z" type="Message">
    <message>[Information] [user: $NgCanduAPI] [c35ff248-8e15-48b6-84eb-d2da08a4c54c] WebDeploy operation complete. Performing post-deployment operations.</message>
  </entry>
  <entry time="2023-05-06T17:09:41.0676999Z" type="Message">
    <message>[Verbose] [user: $NgCanduAPI] Skip function trigger and logicapp sync because function is not enabled.</message>
  </entry>
  <entry time="2023-05-06T17:09:41.0676999Z" type="Message">
    <message>[Verbose] [user: $NgCanduAPI] AutoSwap is not enabled</message>
  </entry>
  <entry time="2023-05-06T17:09:41.0833194Z" type="Message">
    <message>[Information] [user: $NgCanduAPI] [c35ff248-8e15-48b6-84eb-d2da08a4c54c] Post-deployment operations complete.</message>
  </entry>
</entries>