﻿<?xml version="1.0" encoding="utf-8"?>
<deployment>
  <id>7c79e0ba68dc4445a65bba5fccfe3984</id>
  <author>N/A</author>
  <deployer>ZipDeploy</deployer>
  <authorEmail>N/A</authorEmail>
  <message>Created via a push deployment</message>
  <progress></progress>
  <status>Success</status>
  <statusText></statusText>
  <lastSuccessEndTime>2025-11-20T12:33:11.5668961Z</lastSuccessEndTime>
  <receivedTime>2025-11-20T12:33:08.2231217Z</receivedTime>
  <startTime>2025-11-20T12:33:08.379373Z</startTime>
  <endTime>2025-11-20T12:33:11.5668961Z</endTime>
  <complete>True</complete>
  <is_temp>False</is_temp>
  <is_readonly>True</is_readonly>
  <project_type>BASIC</project_type>
  <vsproject_id></vsproject_id>
</deployment>