<step title="Incoming Request" date="2025-11-17T08:58:33.138" instance="92ca53" url="/api/publish?type=zip&amp;async=False" method="POST" type="request" pid="11692,2,8" Cache-Control="no-cache" Content-Length="23385178" Content-Type="application/octet-stream" Accept="*/*" Accept-Encoding="gzip, deflate" Authorization="Bas..." Host="ngcanduapi.scm.azurewebsites.net" User-Agent="AZURECLI/2.75.0 (MSI)" x-ms-client-request-id="903145ca-c393-11f0-a4e0-c025a5cfe792" X-ARR-LOG-ID="903145ca-c393-11f0-a4e0-c025a5cfe792" CLIENT-IP="197.234.156.224:51810" X-SITE-DEPLOYMENT-ID="NgCanduAPI" WAS-DEFAULT-HOSTNAME="ngcanduapi.scm.azurewebsites.net" X-Forwarded-Proto="https" X-AppService-Proto="https" X-Forwarded-TlsVersion="1.3" X-WAWS-Unencoded-URL="/api/publish?type=zip&amp;async=False" >
  <step title="OneDeploy" date="2025-11-17T08:58:33.373" >
    <step title="Starting PushDeployAsync" date="2025-11-17T08:58:33.404" /><!-- duration: 0ms -->
    <step title="Updating shutdown sentinel last write time" date="2025-11-17T08:58:33.451" SemaphoreCount="7" /><!-- duration: 0ms -->
    <step title="LockFile &apos;C:\home\site\locks\deployments.lock&apos; acquired" date="2025-11-17T08:58:33.467" /><!-- duration: 0ms -->
    <step title="Saving request content to C:\local\Temp\zipdeploy\w4nlfxut.zip" date="2025-11-17T08:58:33.467" >
      <step title="Total 23,385,178 bytes written to C:\local\Temp\zipdeploy\w4nlfxut.zip" date="2025-11-17T08:58:37.092" /><!-- duration: 0ms -->
    </step><!-- duration: 3625ms -->
    <step title="LockFile &apos;C:\home\site\locks\deployments.lock&apos; released" date="2025-11-17T08:58:37.107" /><!-- duration: 0ms -->
    <step title="Deleting shutdown sentinel file" date="2025-11-17T08:58:37.123" SemaphoreCount="8" /><!-- duration: 0ms -->
    <step title="Starting FetchDeploy" date="2025-11-17T08:58:37.123" /><!-- duration: 16ms -->
    <step title="Attempting to fetch target branch HEAD" date="2025-11-17T08:58:37.138" /><!-- duration: 0ms -->
    <step title="Updating shutdown sentinel last write time" date="2025-11-17T08:58:37.154" SemaphoreCount="7" /><!-- duration: 0ms -->
    <step title="LockFile &apos;C:\home\site\locks\deployments.lock&apos; acquired" date="2025-11-17T08:58:37.170" /><!-- duration: 0ms -->
    <step title="Performing fetch based deployment" date="2025-11-17T08:58:37.170" >
      <step title="Creating temporary deployment" date="2025-11-17T08:58:37.185" /><!-- duration: 47ms -->
      <step title="Fetching changes." date="2025-11-17T08:58:37.295" /><!-- duration: 0ms -->
      <step title="Starting LocalZipHandler" date="2025-11-17T08:58:37.310" /><!-- duration: 0ms -->
      <step title="Starting LocalZipFetch" date="2025-11-17T08:58:37.326" /><!-- duration: 0ms -->
      <step title="Cleaning up temp folders from previous zip deployments and extracting pushed zip file C:\local\Temp\zipdeploy\w4nlfxut.zip (22.30 MB) to C:\local\Temp\zipdeploy\extracted" date="2025-11-17T08:58:37.342" /><!-- duration: 0ms -->
      <step title="Cleaning up temp folders from previous zip deployments and extracting pushed zip file C:\local\Temp\zipdeploy\w4nlfxut.zip (22.30 MB) to C:\local\Temp\zipdeploy\extracted" date="2025-11-17T08:58:37.342" >
        <step title="Renaming extractTargetDirectory(C:\local\Temp\zipdeploy\extracted) to tempDirectory(C:\local\Temp\zipdeploy\ig2cuomf.ynm)" date="2025-11-17T08:58:37.357" /><!-- duration: 16ms -->
        <step title="Extracting 251 entries to C:\local\Temp\zipdeploy\extracted directory" date="2025-11-17T08:58:37.388" >
          <step title="Extracting to C:\local\Temp\zipdeploy\extracted\ca\Hangfire.Core.resources.dll ..." date="2025-11-17T08:58:37.388" /><!-- duration: 16ms -->
          <step title="Extracting to C:\local\Temp\zipdeploy\extracted\de\Hangfire.Core.resources.dll ..." date="2025-11-17T08:58:37.420" /><!-- duration: 0ms -->
          <step title="Extracting to C:\local\Temp\zipdeploy\extracted\es\Hangfire.Core.resources.dll ..." date="2025-11-17T08:58:37.420" /><!-- duration: 16ms -->
          <step title="Extracting to C:\local\Temp\zipdeploy\extracted\fa\Hangfire.Core.resources.dll ..." date="2025-11-17T08:58:37.435" /><!-- duration: 0ms -->
          <step title="Extracting to C:\local\Temp\zipdeploy\extracted\fr\Hangfire.Core.resources.dll ..." date="2025-11-17T08:58:37.451" /><!-- duration: 0ms -->
          <step title="Omitting extracting file traces ..." date="2025-11-17T08:58:37.451" /><!-- duration: 16ms -->
        </step><!-- duration: 906ms -->
      </step><!-- duration: 969ms -->
      <step title="None repository commit" date="2025-11-17T08:58:38.310" >
        <step title="Commit id: 34e706f522c5414795142f889ecc2afb" date="2025-11-17T08:58:38.310" Message="OneDeploy" AuthorName="N/A" AuthorEmail="N/A" /><!-- duration: 16ms -->
      </step><!-- duration: 16ms -->
      <step title="Before sending BuildRequestReceived status to /api/updatedeploystatus" date="2025-11-17T08:58:38.326" /><!-- duration: 0ms -->
      <step title="DeploymentManager.Deploy(id:34e706f522c5414795142f889ecc2afb)" date="2025-11-17T08:58:38.342" >
        <step title="Collecting changeset information" date="2025-11-17T08:58:38.357" /><!-- duration: 31ms -->
        <step title="Updating submodules" date="2025-11-17T08:58:38.388" >
          <step title="Updating submodules." date="2025-11-17T08:58:38.435" /><!-- duration: 0ms -->
        </step><!-- duration: 62ms -->
        <step title="Preparing deployment for commit id &apos;34e706f522&apos;." date="2025-11-17T08:58:38.498" /><!-- duration: 0ms -->
        <step title="Determining deployment builder" date="2025-11-17T08:58:38.545" >
          <step title="Builder is OneDeployBuilder" date="2025-11-17T08:58:38.545" /><!-- duration: 0ms -->
        </step><!-- duration: 16ms -->
        <step title="Copying SSH keys" date="2025-11-17T08:58:38.576" /><!-- duration: 16ms -->
        <step title="Building" date="2025-11-17T08:58:38.592" >
          <step title="Running build. Project type: OneDeploy" date="2025-11-17T08:58:38.638" /><!-- duration: 0ms -->
          <step title="Copying the manifest" date="2025-11-17T08:58:38.685" /><!-- duration: 0ms -->
          <step title="Clean deploying to C:\home\site\wwwroot" date="2025-11-17T08:58:38.763" /><!-- duration: 16ms -->
          <step title="Generating deployment script." date="2025-11-17T08:58:38.810" /><!-- duration: 16ms -->
          <step title="Generating deployment script" date="2025-11-17T08:58:38.826" >
            <step title="Using cached version of the deployment script for command: -y --no-dot-deployment -r &quot;C:\local\Temp\zipdeploy\extracted&quot; -o &quot;C:\home\site\deployments\tools&quot; --basic --sitePath &quot;C:\local\Temp\zipdeploy\extracted&quot;" date="2025-11-17T08:58:38.873" /><!-- duration: 16ms -->
            <step title="Using cached version of deployment script (command: &apos;azure -y --no-dot-deployment -r &quot;C:\local\Temp\zipdeploy\extracted&quot; -o &quot;C:\home\site\deployments\tools&quot; --basic --sitePath &quot;C:\local\Temp\zipdeploy\extracted&quot;&apos;)." date="2025-11-17T08:58:38.904" /><!-- duration: 0ms -->
          </step><!-- duration: 94ms -->
          <step title="Running deployment command..." date="2025-11-17T08:58:38.967" /><!-- duration: 16ms -->
          <step title="Command: &quot;C:\home\site\deployments\tools\deploy.cmd&quot;" date="2025-11-17T08:58:38.982" /><!-- duration: 16ms -->
          <step title="Executing external process" date="2025-11-17T08:58:39.013" type="process" path="starter.cmd" arguments="&quot;C:\home\site\deployments\tools\deploy.cmd&quot;" >
            <step title="Handling Basic Web Site deployment." date="2025-11-17T08:58:39.138" /><!-- duration: 0ms -->
            <step title="Creating app_offline.htm" date="2025-11-17T08:58:39.295" /><!-- duration: 0ms -->
            <step title="KuduSync.NET from: &apos;C:\local\Temp\zipdeploy\extracted&apos; to: &apos;C:\home\site\wwwroot&apos;" date="2025-11-17T08:58:39.310" /><!-- duration: 16ms -->
            <step title="Deleting file: &apos;MH.Application.deps.json&apos;" date="2025-11-17T08:58:39.326" /><!-- duration: 16ms -->
            <step title="Deleting file: &apos;MH.Domain.deps.json&apos;" date="2025-11-17T08:58:39.357" /><!-- duration: 0ms -->
            <step title="Deleting file: &apos;MH.Infrastructure.deps.json&apos;" date="2025-11-17T08:58:39.373" /><!-- duration: 0ms -->
            <step title="Deleting file: &apos;MH.Infrastructure.runtimeconfig.json&apos;" date="2025-11-17T08:58:39.388" /><!-- duration: 0ms -->
            <step title="Deleting file: &apos;Microsoft.AspNetCore.Cryptography.Internal.dll&apos;" date="2025-11-17T08:58:39.404" /><!-- duration: 0ms -->
            <step title="Deleting file: &apos;Microsoft.AspNetCore.Cryptography.KeyDerivation.dll&apos;" date="2025-11-17T08:58:39.435" /><!-- duration: 0ms -->
            <step title="Deleting file: &apos;Microsoft.AspNetCore.Http.Features.dll&apos;" date="2025-11-17T08:58:39.451" /><!-- duration: 0ms -->
            <step title="Deleting file: &apos;Microsoft.Extensions.Caching.Abstractions.dll&apos;" date="2025-11-17T08:58:39.467" /><!-- duration: 16ms -->
            <step title="Deleting file: &apos;Microsoft.Extensions.Caching.Memory.dll&apos;" date="2025-11-17T08:58:39.482" /><!-- duration: 16ms -->
            <step title="Deleting file: &apos;Microsoft.Extensions.Configuration.Abstractions.dll&apos;" date="2025-11-17T08:58:39.545" /><!-- duration: 0ms -->
            <step title="Deleting file: &apos;Microsoft.Extensions.DependencyInjection.Abstractions.dll&apos;" date="2025-11-17T08:58:39.592" /><!-- duration: 0ms -->
            <step title="Deleting file: &apos;Microsoft.Extensions.DependencyInjection.dll&apos;" date="2025-11-17T08:58:39.623" /><!-- duration: 0ms -->
            <step title="Deleting file: &apos;Microsoft.Extensions.Identity.Core.dll&apos;" date="2025-11-17T08:58:39.638" /><!-- duration: 0ms -->
            <step title="Deleting file: &apos;Microsoft.Extensions.Identity.Stores.dll&apos;" date="2025-11-17T08:58:39.654" /><!-- duration: 0ms -->
            <step title="Deleting file: &apos;Microsoft.Extensions.Logging.Abstractions.dll&apos;" date="2025-11-17T08:58:39.670" /><!-- duration: 16ms -->
            <step title="Deleting file: &apos;Microsoft.Extensions.Logging.dll&apos;" date="2025-11-17T08:58:39.763" /><!-- duration: 0ms -->
            <step title="Deleting file: &apos;Microsoft.Extensions.Options.dll&apos;" date="2025-11-17T08:58:39.779" /><!-- duration: 0ms -->
            <step title="Deleting file: &apos;Microsoft.Extensions.Primitives.dll&apos;" date="2025-11-17T08:58:39.795" /><!-- duration: 0ms -->
            <step title="Deleting file: &apos;System.Diagnostics.EventLog.dll&apos;" date="2025-11-17T08:58:39.810" /><!-- duration: 0ms -->
            <step title="Deleting file: &apos;System.IO.Pipelines.dll&apos;" date="2025-11-17T08:58:39.826" /><!-- duration: 16ms -->
            <step title="Deleting file: &apos;System.Security.Cryptography.Pkcs.dll&apos;" date="2025-11-17T08:58:39.857" /><!-- duration: 0ms -->
            <step title="Copying file: &apos;appsettings.Development.json&apos;" date="2025-11-17T08:58:39.873" /><!-- duration: 0ms -->
            <step title="Copying file: &apos;appsettings.json&apos;" date="2025-11-17T08:58:39.888" /><!-- duration: 0ms -->
            <step title="Copying file: &apos;AutoMapper.dll&apos;" date="2025-11-17T08:58:39.904" /><!-- duration: 16ms -->
            <step title="Copying file: &apos;AutoMapper.Extensions.Microsoft.DependencyInjection.dll&apos;" date="2025-11-17T08:58:39.935" /><!-- duration: 0ms -->
            <step title="Copying file: &apos;Azure.Core.dll&apos;" date="2025-11-17T08:58:39.951" /><!-- duration: 0ms -->
            <step title="Copying file: &apos;Azure.Identity.dll&apos;" date="2025-11-17T08:58:39.967" /><!-- duration: 0ms -->
            <step title="Copying file: &apos;BouncyCastle.Crypto.dll&apos;" date="2025-11-17T08:58:39.982" /><!-- duration: 0ms -->
            <step title="Copying file: &apos;FluentValidation.AspNetCore.dll&apos;" date="2025-11-17T08:58:39.998" /><!-- duration: 0ms -->
            <step title="Copying file: &apos;FluentValidation.DependencyInjectionExtensions.dll&apos;" date="2025-11-17T08:58:40.013" /><!-- duration: 16ms -->
            <step title="Copying file: &apos;FluentValidation.dll&apos;" date="2025-11-17T08:58:40.045" /><!-- duration: 0ms -->
            <step title="Copying file: &apos;Google.Apis.Auth.dll&apos;" date="2025-11-17T08:58:40.060" /><!-- duration: 0ms -->
            <step title="Copying file: &apos;Google.Apis.Auth.PlatformServices.dll&apos;" date="2025-11-17T08:58:40.076" /><!-- duration: 0ms -->
            <step title="Copying file: &apos;Google.Apis.Core.dll&apos;" date="2025-11-17T08:58:40.092" /><!-- duration: 16ms -->
            <step title="Copying file: &apos;Google.Apis.dll&apos;" date="2025-11-17T08:58:40.107" /><!-- duration: 16ms -->
            <step title="Copying file: &apos;Hangfire.AspNetCore.dll&apos;" date="2025-11-17T08:58:40.138" /><!-- duration: 0ms -->
            <step title="Copying file: &apos;Hangfire.Core.dll&apos;" date="2025-11-17T08:58:40.154" /><!-- duration: 0ms -->
            <step title="Copying file: &apos;Hangfire.SqlServer.dll&apos;" date="2025-11-17T08:58:40.170" /><!-- duration: 0ms -->
            <step title="Copying file: &apos;MailKit.dll&apos;" date="2025-11-17T08:58:40.185" /><!-- duration: 0ms -->
            <step title="Copying file: &apos;MH.Api.deps.json&apos;" date="2025-11-17T08:58:40.201" /><!-- duration: 0ms -->
            <step title="Copying file: &apos;MH.Api.dll&apos;" date="2025-11-17T08:58:40.217" /><!-- duration: 16ms -->
            <step title="Copying file: &apos;MH.Api.exe&apos;" date="2025-11-17T08:58:40.248" /><!-- duration: 0ms -->
            <step title="Copying file: &apos;MH.Api.pdb&apos;" date="2025-11-17T08:58:40.263" /><!-- duration: 0ms -->
            <step title="Copying file: &apos;MH.Api.runtimeconfig.json&apos;" date="2025-11-17T08:58:40.279" /><!-- duration: 0ms -->
            <step title="Copying file: &apos;MH.Api.staticwebassets.endpoints.json&apos;" date="2025-11-17T08:58:40.295" /><!-- duration: 0ms -->
            <step title="Copying file: &apos;MH.Application.dll&apos;" date="2025-11-17T08:58:40.310" /><!-- duration: 16ms -->
            <step title="Copying file: &apos;MH.Application.pdb&apos;" date="2025-11-17T08:58:40.342" /><!-- duration: 0ms -->
            <step title="Copying file: &apos;MH.Domain.dll&apos;" date="2025-11-17T08:58:40.357" /><!-- duration: 0ms -->
            <step title="Omitting next output lines..." date="2025-11-17T08:58:40.373" /><!-- duration: 0ms -->
            <step title="Finished successfully." date="2025-11-17T08:58:44.482" /><!-- duration: 0ms -->
          </step><!-- duration: 5485ms -->
          <step title="Build completed succesfully." date="2025-11-17T08:58:44.545" /><!-- duration: 0ms -->
          <step title="Running post deployment command(s)..." date="2025-11-17T08:58:44.592" /><!-- duration: 16ms -->
          <step title="Requesting site restart" date="2025-11-17T08:58:44.654" /><!-- duration: 0ms -->
          <step title="Requesting site restart" date="2025-11-17T08:58:44.670" /><!-- duration: 0ms -->
          <step title="Requesting site restart. Attempt #1" date="2025-11-17T08:58:44.717" /><!-- duration: 0ms -->
          <step title="Requesting site restart. Attempt #1" date="2025-11-17T08:58:44.732" /><!-- duration: 0ms -->
          <step title="Successfully requested a restart. Attempt #1" date="2025-11-17T08:58:45.076" /><!-- duration: 0ms -->
          <step title="Successfully requested a restart. Attempt #1" date="2025-11-17T08:58:45.092" /><!-- duration: 0ms -->
          <step title="Deployment successful. DEPLOYMENTINFO: deploymentPath = OneDeploy, deployer = OneDeploy, os = windows, sku = Free, siteName = NgCanduAPI, siteHostName = ngcanduapi.azurewebsites.net, deploymentStatus = Success" date="2025-11-17T08:58:45.139" /><!-- duration: 0ms -->
          <step title="Purge deployment items" date="2025-11-17T08:58:45.311" >
            <step title="Remove 8ce10d30f, Success, received at 11/12/2025 1:30:24 PM" date="2025-11-17T08:58:45.357" /><!-- duration: 16ms -->
          </step><!-- duration: 81ms -->
        </step><!-- duration: 6816ms -->
      </step><!-- duration: 7066ms -->
      <step title="Cleaning up temp files" date="2025-11-17T08:58:45.423" /><!-- duration: 0ms -->
      <step title="Skip function trigger and logicapp sync because function is not enabled." date="2025-11-17T08:58:45.438" /><!-- duration: 0ms -->
    </step><!-- duration: 8316ms -->
    <step title="LockFile &apos;C:\home\site\locks\deployments.lock&apos; released" date="2025-11-17T08:58:45.485" /><!-- duration: 16ms -->
    <step title="Deleting shutdown sentinel file" date="2025-11-17T08:58:45.501" SemaphoreCount="8" /><!-- duration: 0ms -->
  </step><!-- duration: 12144ms -->
  <step title="Outgoing response" date="2025-11-17T08:58:45.548" type="response" statusCode="200" statusText="OK" Server="Microsoft-IIS/10.0" x-ms-request-id="903145ca-c393-11f0-a4e0-c025a5cfe792" Cache-Control="private" X-AspNet-Version="4.0.30319" /><!-- duration: 0ms -->
</step><!-- duration: 12409ms -->
