<step title="Incoming Request" date="2025-11-12T13:30:23.241" instance="22a7da" url="/api/publish?async=true&amp;deployer=GITHUB_ONE_DEPLOY&amp;type=zip&amp;message=%7B%22type%22%3A%22deployment%22%2C%22sha%22%3A%22a92242096c4e09dda24bc2622d97f30dfdc88975%22%2C%22repoName%22%3A%22daedalusdigital-za%2FNCD-API%22%2C%22actor%22%3A%22daedalusdigital-za%22%2C%22slotName%22%3A%22Production%22%2C%22commitMessage%22%3A%22fix%3A%20Add%20BaseModelConfiguration%20to%20map%20DateCreated%2FLastUpdated%20to%20CreatedAt%2FUpdatedAt%20for%20all%20entities%22%7D" method="POST" type="request" pid="11076,2,15" Transfer-Encoding="chunked" Content-Type="application/octet-stream" Authorization="Bas..." Cookie="ARRAffinity=22a7daa836b64a8ce56c907737553d08297ff2e76cd06a1f52c29956b9a85c17;Path=/;HttpOnly;Secure;Domain=ngcanduapi.scm.azurewebsites.net; ARRAffinitySameSite=22a7daa836b64a8ce56c907737553d08297ff2e76cd06a1f52c29956b9a85c17;Path=/;HttpOnly;SameSite=None;Secure;Domain=ngcanduapi.scm.azurewebsites.net" Host="ngcanduapi.scm.azurewebsites.net" User-Agent="GITHUBACTIONS_DeployWebAppToAzure_911ad8e07dd1095a617b283f0e1b400847f2d2bffc6e1de6b85a1cbb3aaec3dc" X-ARR-LOG-ID="64f3d9ca-6f3e-48d3-98a6-c4ff45b6e69c" CLIENT-IP="4.227.174.178:29712" X-SITE-DEPLOYMENT-ID="NgCanduAPI" WAS-DEFAULT-HOSTNAME="ngcanduapi.scm.azurewebsites.net" X-Forwarded-Proto="https" X-AppService-Proto="https" X-Forwarded-TlsVersion="1.3" X-WAWS-Unencoded-URL="/api/publish?async=true&amp;deployer=GITHUB_ONE_DEPLOY&amp;type=zip&amp;message=%7B%22type%22%3A%22deployment%22%2C%22sha%22%3A%22a92242096c4e09dda24bc2622d97f30dfdc88975%22%2C%22repoName%22%3A%22daedalusdigital-za%2FNCD-API%22%2C%22actor%22%3A%22daedalusdigital-za%22%2C%22slotName%22%3A%22Production%22%2C%22commitMessage%22%3A%22fix%3A%20Add%20BaseModelConfiguration%20to%20map%20DateCreated%2FLastUpdated%20to%20CreatedAt%2FUpdatedAt%20for%20all%20entities%22%7D" >
  <step title="OneDeploy" date="2025-11-12T13:30:23.256" >
    <step title="Starting PushDeployAsync" date="2025-11-12T13:30:23.256" /><!-- duration: 16ms -->
    <step title="Updating shutdown sentinel last write time" date="2025-11-12T13:30:23.272" SemaphoreCount="7" /><!-- duration: 0ms -->
    <step title="LockFile &apos;C:\home\site\locks\deployments.lock&apos; acquired" date="2025-11-12T13:30:23.287" /><!-- duration: 0ms -->
    <step title="Saving request content to C:\local\Temp\zipdeploy\5jbzl1ol.zip" date="2025-11-12T13:30:23.287" >
      <step title="Total 26,466,170 bytes written to C:\local\Temp\zipdeploy\5jbzl1ol.zip" date="2025-11-12T13:30:23.475" /><!-- duration: 0ms -->
    </step><!-- duration: 203ms -->
    <step title="LockFile &apos;C:\home\site\locks\deployments.lock&apos; released" date="2025-11-12T13:30:23.491" /><!-- duration: 0ms -->
    <step title="Deleting shutdown sentinel file" date="2025-11-12T13:30:23.506" SemaphoreCount="8" /><!-- duration: 0ms -->
    <step title="Starting FetchDeploy" date="2025-11-12T13:30:23.522" /><!-- duration: 0ms -->
    <step title="Start deployment in the background" date="2025-11-12T13:30:23.522" /><!-- duration: 63ms -->
  </step><!-- duration: 359ms -->
  <step title="Outgoing response" date="2025-11-12T13:30:23.616" type="response" statusCode="202" statusText="Accepted" Server="Microsoft-IIS/10.0" x-ms-request-id="64f3d9ca-6f3e-48d3-98a6-c4ff45b6e69c" Retry-After="30" Cache-Control="private" X-AspNet-Version="4.0.30319" Location="https://ngcanduapi.scm.azurewebsites.net/api/deployments/latest?deployer=OneDeploy&amp;time=2025-11-12_13-30-23Z" /><!-- duration: 0ms -->
</step><!-- duration: 375ms -->
