<step title="BackgroundTrace" date="2025-11-14T12:03:12.246" instance="92ca53" url="/api/publish" method="POST" >
  <step title="Updating shutdown sentinel last write time" date="2025-11-14T12:03:12.261" SemaphoreCount="7" /><!-- duration: 16ms -->
  <step title="LockFile &apos;C:\home\site\locks\deployments.lock&apos; acquired" date="2025-11-14T12:03:12.277" /><!-- duration: 0ms -->
  <step title="Creating temporary deployment" date="2025-11-14T12:03:12.292" /><!-- duration: 47ms -->
  <step title="Performing fetch based deployment" date="2025-11-14T12:03:12.339" >
    <step title="Fetching changes." date="2025-11-14T12:03:12.417" /><!-- duration: 16ms -->
    <step title="Starting LocalZipHandler" date="2025-11-14T12:03:12.433" /><!-- duration: 0ms -->
    <step title="Cleaning up temp folders from previous zip deployments and extracting pushed zip file C:\local\Temp\zipdeploy\y0qnhiat.zip (22.22 MB) to C:\local\Temp\zipdeploy\extracted" date="2025-11-14T12:03:12.464" /><!-- duration: 16ms -->
    <step title="Cleaning up temp folders from previous zip deployments and extracting pushed zip file C:\local\Temp\zipdeploy\y0qnhiat.zip (22.22 MB) to C:\local\Temp\zipdeploy\extracted" date="2025-11-14T12:03:12.480" >
      <step title="Extracting 233 entries to C:\local\Temp\zipdeploy\extracted directory" date="2025-11-14T12:03:12.496" >
        <step title="Extracting to C:\local\Temp\zipdeploy\extracted\ca\Hangfire.Core.resources.dll ..." date="2025-11-14T12:03:12.511" /><!-- duration: 16ms -->
        <step title="Extracting to C:\local\Temp\zipdeploy\extracted\de\Hangfire.Core.resources.dll ..." date="2025-11-14T12:03:12.527" /><!-- duration: 0ms -->
        <step title="Extracting to C:\local\Temp\zipdeploy\extracted\es\Hangfire.Core.resources.dll ..." date="2025-11-14T12:03:12.542" /><!-- duration: 0ms -->
        <step title="Extracting to C:\local\Temp\zipdeploy\extracted\fa\Hangfire.Core.resources.dll ..." date="2025-11-14T12:03:12.542" /><!-- duration: 16ms -->
        <step title="Extracting to C:\local\Temp\zipdeploy\extracted\fr\Hangfire.Core.resources.dll ..." date="2025-11-14T12:03:12.558" /><!-- duration: 0ms -->
        <step title="Omitting extracting file traces ..." date="2025-11-14T12:03:12.574" /><!-- duration: 0ms -->
      </step><!-- duration: 906ms -->
    </step><!-- duration: 938ms -->
    <step title="Before sending BuildRequestReceived status to /api/updatedeploystatus" date="2025-11-14T12:03:13.417" /><!-- duration: 0ms -->
    <step title="DeploymentManager.Deploy(id:437c8cbff5e044428e911f2904fc8edc)" date="2025-11-14T12:03:13.433" >
      <step title="Collecting changeset information" date="2025-11-14T12:03:13.449" /><!-- duration: 31ms -->
      <step title="Updating submodules" date="2025-11-14T12:03:13.480" >
        <step title="Updating submodules." date="2025-11-14T12:03:13.527" /><!-- duration: 16ms -->
      </step><!-- duration: 78ms -->
      <step title="Preparing deployment for commit id &apos;437c8cbff5&apos;." date="2025-11-14T12:03:13.589" /><!-- duration: 16ms -->
      <step title="Determining deployment builder" date="2025-11-14T12:03:13.652" >
        <step title="Builder is OneDeployBuilder" date="2025-11-14T12:03:13.652" /><!-- duration: 0ms -->
      </step><!-- duration: 16ms -->
      <step title="Copying SSH keys" date="2025-11-14T12:03:13.683" /><!-- duration: 0ms -->
      <step title="Building" date="2025-11-14T12:03:13.699" >
        <step title="Running build. Project type: OneDeploy" date="2025-11-14T12:03:13.746" /><!-- duration: 0ms -->
        <step title="Copying the manifest" date="2025-11-14T12:03:13.792" /><!-- duration: 0ms -->
        <step title="Clean deploying to C:\home\site\wwwroot" date="2025-11-14T12:03:13.855" /><!-- duration: 0ms -->
        <step title="Generating deployment script." date="2025-11-14T12:03:13.902" /><!-- duration: 0ms -->
        <step title="Generating deployment script" date="2025-11-14T12:03:13.902" >
          <step title="Using cached version of the deployment script for command: -y --no-dot-deployment -r &quot;C:\local\Temp\zipdeploy\extracted&quot; -o &quot;C:\home\site\deployments\tools&quot; --basic --sitePath &quot;C:\local\Temp\zipdeploy\extracted&quot;" date="2025-11-14T12:03:13.949" /><!-- duration: 0ms -->
          <step title="Using cached version of deployment script (command: &apos;azure -y --no-dot-deployment -r &quot;C:\local\Temp\zipdeploy\extracted&quot; -o &quot;C:\home\site\deployments\tools&quot; --basic --sitePath &quot;C:\local\Temp\zipdeploy\extracted&quot;&apos;)." date="2025-11-14T12:03:13.980" /><!-- duration: 0ms -->
        </step><!-- duration: 109ms -->
        <step title="Running deployment command..." date="2025-11-14T12:03:14.074" /><!-- duration: 0ms -->
        <step title="Command: &quot;C:\home\site\deployments\tools\deploy.cmd&quot;" date="2025-11-14T12:03:14.089" /><!-- duration: 0ms -->
        <step title="Executing external process" date="2025-11-14T12:03:14.105" type="process" path="starter.cmd" arguments="&quot;C:\home\site\deployments\tools\deploy.cmd&quot;" >
          <step title="Handling Basic Web Site deployment." date="2025-11-14T12:03:14.246" /><!-- duration: 0ms -->
          <step title="Creating app_offline.htm" date="2025-11-14T12:03:16.980" /><!-- duration: 0ms -->
          <step title="KuduSync.NET from: &apos;C:\local\Temp\zipdeploy\extracted&apos; to: &apos;C:\home\site\wwwroot&apos;" date="2025-11-14T12:03:16.996" /><!-- duration: 0ms -->
          <step title="Copying file: &apos;MH.Infrastructure.dll&apos;" date="2025-11-14T12:03:17.011" /><!-- duration: 0ms -->
          <step title="Copying file: &apos;MH.Infrastructure.pdb&apos;" date="2025-11-14T12:03:17.011" /><!-- duration: 16ms -->
          <step title="Copying file: &apos;publish\publish\appsettings.Development.json&apos;" date="2025-11-14T12:03:17.027" /><!-- duration: 16ms -->
          <step title="Copying file: &apos;publish\publish\appsettings.json&apos;" date="2025-11-14T12:03:17.042" /><!-- duration: 16ms -->
          <step title="Copying file: &apos;publish\publish\MH.Api.deps.json&apos;" date="2025-11-14T12:03:17.074" /><!-- duration: 0ms -->
          <step title="Copying file: &apos;publish\publish\MH.Api.runtimeconfig.json&apos;" date="2025-11-14T12:03:17.089" /><!-- duration: 0ms -->
          <step title="Copying file: &apos;publish\publish\MH.Api.staticwebassets.endpoints.json&apos;" date="2025-11-14T12:03:17.089" /><!-- duration: 16ms -->
          <step title="Copying file: &apos;publish\publish\web.config&apos;" date="2025-11-14T12:03:17.105" /><!-- duration: 16ms -->
          <step title="Deleting app_offline.htm" date="2025-11-14T12:03:17.121" /><!-- duration: 16ms -->
          <step title="Finished successfully." date="2025-11-14T12:03:17.136" /><!-- duration: 16ms -->
        </step><!-- duration: 3047ms -->
        <step title="Build completed succesfully." date="2025-11-14T12:03:17.199" /><!-- duration: 0ms -->
        <step title="Running post deployment command(s)..." date="2025-11-14T12:03:17.246" /><!-- duration: 0ms -->
        <step title="Requesting site restart" date="2025-11-14T12:03:17.308" /><!-- duration: 0ms -->
        <step title="Requesting site restart" date="2025-11-14T12:03:17.308" /><!-- duration: 16ms -->
        <step title="Requesting site restart. Attempt #1" date="2025-11-14T12:03:17.371" /><!-- duration: 16ms -->
        <step title="Requesting site restart. Attempt #1" date="2025-11-14T12:03:17.386" /><!-- duration: 0ms -->
        <step title="Successfully requested a restart. Attempt #1" date="2025-11-14T12:03:17.730" /><!-- duration: 0ms -->
        <step title="Successfully requested a restart. Attempt #1" date="2025-11-14T12:03:17.730" /><!-- duration: 16ms -->
        <step title="Deployment successful. DEPLOYMENTINFO: deploymentPath = OneDeploy, deployer = OneDeploy, os = windows, sku = Free, siteName = NgCanduAPI, siteHostName = ngcanduapi.azurewebsites.net, deploymentStatus = Success" date="2025-11-14T12:03:17.777" /><!-- duration: 16ms -->
        <step title="Purge deployment items" date="2025-11-14T12:03:17.949" >
          <step title="Remove 18af5b33a, Success, received at 11/12/2025 11:23:33 AM" date="2025-11-14T12:03:18.011" /><!-- duration: 0ms -->
        </step><!-- duration: 78ms -->
      </step><!-- duration: 4344ms -->
    </step><!-- duration: 4625ms -->
    <step title="Cleaning up temp files" date="2025-11-14T12:03:18.058" /><!-- duration: 31ms -->
    <step title="Skip function trigger and logicapp sync because function is not enabled." date="2025-11-14T12:03:18.105" /><!-- duration: 0ms -->
  </step><!-- duration: 5813ms -->
  <step title="LockFile &apos;C:\home\site\locks\deployments.lock&apos; released" date="2025-11-14T12:03:18.167" /><!-- duration: 0ms -->
  <step title="Deleting shutdown sentinel file" date="2025-11-14T12:03:18.183" SemaphoreCount="8" /><!-- duration: 0ms -->
</step><!-- duration: 5953ms -->
