<step title="BackgroundTrace" date="2025-11-12T10:43:41.796" instance="22a7da" url="/api/publish" method="POST" >
  <step title="Updating shutdown sentinel last write time" date="2025-11-12T10:43:41.811" SemaphoreCount="7" /><!-- duration: 16ms -->
  <step title="LockFile &apos;C:\home\site\locks\deployments.lock&apos; acquired" date="2025-11-12T10:43:41.827" /><!-- duration: 0ms -->
  <step title="Creating temporary deployment" date="2025-11-12T10:43:41.827" /><!-- duration: 62ms -->
  <step title="Performing fetch based deployment" date="2025-11-12T10:43:41.889" >
    <step title="Fetching changes." date="2025-11-12T10:43:41.952" /><!-- duration: 16ms -->
    <step title="Starting LocalZipHandler" date="2025-11-12T10:43:41.983" /><!-- duration: 0ms -->
    <step title="Cleaning up temp folders from previous zip deployments and extracting pushed zip file C:\local\Temp\zipdeploy\z3eewkrt.zip (25.24 MB) to C:\local\Temp\zipdeploy\extracted" date="2025-11-12T10:43:42.014" /><!-- duration: 0ms -->
    <step title="Cleaning up temp folders from previous zip deployments and extracting pushed zip file C:\local\Temp\zipdeploy\z3eewkrt.zip (25.24 MB) to C:\local\Temp\zipdeploy\extracted" date="2025-11-12T10:43:42.014" >
      <step title="Renaming extractTargetDirectory(C:\local\Temp\zipdeploy\extracted) to tempDirectory(C:\local\Temp\zipdeploy\rmm1jngv.0jq)" date="2025-11-12T10:43:42.030" /><!-- duration: 0ms -->
      <step title="Extracting 295 entries to C:\local\Temp\zipdeploy\extracted directory" date="2025-11-12T10:43:42.046" >
        <step title="Extracting to C:\local\Temp\zipdeploy\extracted\appsettings.Development.json ..." date="2025-11-12T10:43:42.061" /><!-- duration: 16ms -->
        <step title="Extracting to C:\local\Temp\zipdeploy\extracted\appsettings.json ..." date="2025-11-12T10:43:42.092" /><!-- duration: 0ms -->
        <step title="Extracting to C:\local\Temp\zipdeploy\extracted\AutoMapper.dll ..." date="2025-11-12T10:43:42.092" /><!-- duration: 16ms -->
        <step title="Extracting to C:\local\Temp\zipdeploy\extracted\AutoMapper.Extensions.Microsoft.DependencyInjection.dll ..." date="2025-11-12T10:43:42.108" /><!-- duration: 0ms -->
        <step title="Extracting to C:\local\Temp\zipdeploy\extracted\Azure.Core.dll ..." date="2025-11-12T10:43:42.124" /><!-- duration: 0ms -->
        <step title="Omitting extracting file traces ..." date="2025-11-12T10:43:42.139" /><!-- duration: 0ms -->
      </step><!-- duration: 984ms -->
    </step><!-- duration: 1031ms -->
    <step title="Before sending BuildRequestReceived status to /api/updatedeploystatus" date="2025-11-12T10:43:43.046" /><!-- duration: 16ms -->
    <step title="DeploymentManager.Deploy(id:785ff3044dfd417c8ce8e3fe94d388fd)" date="2025-11-12T10:43:43.061" >
      <step title="Collecting changeset information" date="2025-11-12T10:43:43.092" /><!-- duration: 31ms -->
      <step title="Updating submodules" date="2025-11-12T10:43:43.139" >
        <step title="Updating submodules." date="2025-11-12T10:43:43.171" /><!-- duration: 0ms -->
      </step><!-- duration: 47ms -->
      <step title="Preparing deployment for commit id &apos;785ff3044d&apos;." date="2025-11-12T10:43:43.233" /><!-- duration: 0ms -->
      <step title="Determining deployment builder" date="2025-11-12T10:43:43.280" >
        <step title="Builder is OneDeployBuilder" date="2025-11-12T10:43:43.280" /><!-- duration: 0ms -->
      </step><!-- duration: 16ms -->
      <step title="Copying SSH keys" date="2025-11-12T10:43:43.311" /><!-- duration: 0ms -->
      <step title="Building" date="2025-11-12T10:43:43.327" >
        <step title="Running build. Project type: OneDeploy" date="2025-11-12T10:43:43.374" /><!-- duration: 16ms -->
        <step title="Copying the manifest" date="2025-11-12T10:43:43.421" /><!-- duration: 0ms -->
        <step title="Clean deploying to C:\home\site\wwwroot" date="2025-11-12T10:43:43.514" /><!-- duration: 0ms -->
        <step title="Generating deployment script." date="2025-11-12T10:43:43.561" /><!-- duration: 0ms -->
        <step title="Generating deployment script" date="2025-11-12T10:43:43.561" >
          <step title="Using cached version of the deployment script for command: -y --no-dot-deployment -r &quot;C:\local\Temp\zipdeploy\extracted&quot; -o &quot;C:\home\site\deployments\tools&quot; --basic --sitePath &quot;C:\local\Temp\zipdeploy\extracted&quot;" date="2025-11-12T10:43:43.592" /><!-- duration: 16ms -->
          <step title="Using cached version of deployment script (command: &apos;azure -y --no-dot-deployment -r &quot;C:\local\Temp\zipdeploy\extracted&quot; -o &quot;C:\home\site\deployments\tools&quot; --basic --sitePath &quot;C:\local\Temp\zipdeploy\extracted&quot;&apos;)." date="2025-11-12T10:43:43.624" /><!-- duration: 0ms -->
        </step><!-- duration: 62ms -->
        <step title="Running deployment command..." date="2025-11-12T10:43:43.671" /><!-- duration: 0ms -->
        <step title="Command: &quot;C:\home\site\deployments\tools\deploy.cmd&quot;" date="2025-11-12T10:43:43.686" /><!-- duration: 0ms -->
        <step title="Executing external process" date="2025-11-12T10:43:43.702" type="process" path="starter.cmd" arguments="&quot;C:\home\site\deployments\tools\deploy.cmd&quot;" >
          <step title="Handling Basic Web Site deployment." date="2025-11-12T10:43:43.842" /><!-- duration: 16ms -->
          <step title="Creating app_offline.htm" date="2025-11-12T10:43:44.467" /><!-- duration: 0ms -->
          <step title="KuduSync.NET from: &apos;C:\local\Temp\zipdeploy\extracted&apos; to: &apos;C:\home\site\wwwroot&apos;" date="2025-11-12T10:43:44.483" /><!-- duration: 0ms -->
          <step title="Copying file: &apos;appsettings.Development.json&apos;" date="2025-11-12T10:43:44.499" /><!-- duration: 0ms -->
          <step title="Copying file: &apos;appsettings.json&apos;" date="2025-11-12T10:43:44.514" /><!-- duration: 0ms -->
          <step title="Copying file: &apos;AutoMapper.dll&apos;" date="2025-11-12T10:43:44.530" /><!-- duration: 0ms -->
          <step title="Copying file: &apos;AutoMapper.Extensions.Microsoft.DependencyInjection.dll&apos;" date="2025-11-12T10:43:44.546" /><!-- duration: 0ms -->
          <step title="Copying file: &apos;Azure.Core.dll&apos;" date="2025-11-12T10:43:44.561" /><!-- duration: 0ms -->
          <step title="Copying file: &apos;Azure.Identity.dll&apos;" date="2025-11-12T10:43:44.561" /><!-- duration: 16ms -->
          <step title="Copying file: &apos;BouncyCastle.Crypto.dll&apos;" date="2025-11-12T10:43:44.577" /><!-- duration: 16ms -->
          <step title="Copying file: &apos;FluentValidation.AspNetCore.dll&apos;" date="2025-11-12T10:43:44.592" /><!-- duration: 16ms -->
          <step title="Copying file: &apos;FluentValidation.DependencyInjectionExtensions.dll&apos;" date="2025-11-12T10:43:44.608" /><!-- duration: 0ms -->
          <step title="Copying file: &apos;FluentValidation.dll&apos;" date="2025-11-12T10:43:44.624" /><!-- duration: 0ms -->
          <step title="Copying file: &apos;Google.Apis.Auth.dll&apos;" date="2025-11-12T10:43:44.655" /><!-- duration: 0ms -->
          <step title="Copying file: &apos;Google.Apis.Auth.PlatformServices.dll&apos;" date="2025-11-12T10:43:44.671" /><!-- duration: 0ms -->
          <step title="Copying file: &apos;Google.Apis.Core.dll&apos;" date="2025-11-12T10:43:44.671" /><!-- duration: 16ms -->
          <step title="Copying file: &apos;Google.Apis.dll&apos;" date="2025-11-12T10:43:44.686" /><!-- duration: 16ms -->
          <step title="Copying file: &apos;Hangfire.AspNetCore.dll&apos;" date="2025-11-12T10:43:44.702" /><!-- duration: 0ms -->
          <step title="Copying file: &apos;Hangfire.Core.dll&apos;" date="2025-11-12T10:43:44.733" /><!-- duration: 0ms -->
          <step title="Copying file: &apos;Hangfire.SqlServer.dll&apos;" date="2025-11-12T10:43:44.749" /><!-- duration: 0ms -->
          <step title="Copying file: &apos;MailKit.dll&apos;" date="2025-11-12T10:43:44.764" /><!-- duration: 0ms -->
          <step title="Copying file: &apos;MH.Api.deps.json&apos;" date="2025-11-12T10:43:44.764" /><!-- duration: 16ms -->
          <step title="Copying file: &apos;MH.Api.dll&apos;" date="2025-11-12T10:43:44.780" /><!-- duration: 16ms -->
          <step title="Copying file: &apos;MH.Api.exe&apos;" date="2025-11-12T10:43:44.796" /><!-- duration: 16ms -->
          <step title="Copying file: &apos;MH.Api.pdb&apos;" date="2025-11-12T10:43:44.811" /><!-- duration: 0ms -->
          <step title="Copying file: &apos;MH.Api.runtimeconfig.json&apos;" date="2025-11-12T10:43:44.952" /><!-- duration: 0ms -->
          <step title="Copying file: &apos;MH.Api.staticwebassets.endpoints.json&apos;" date="2025-11-12T10:43:44.967" /><!-- duration: 0ms -->
          <step title="Copying file: &apos;MH.Application.deps.json&apos;" date="2025-11-12T10:43:44.983" /><!-- duration: 0ms -->
          <step title="Copying file: &apos;MH.Application.dll&apos;" date="2025-11-12T10:43:44.999" /><!-- duration: 0ms -->
          <step title="Copying file: &apos;MH.Application.pdb&apos;" date="2025-11-12T10:43:45.014" /><!-- duration: 0ms -->
          <step title="Copying file: &apos;MH.Domain.deps.json&apos;" date="2025-11-12T10:43:45.030" /><!-- duration: 0ms -->
          <step title="Copying file: &apos;MH.Domain.dll&apos;" date="2025-11-12T10:43:45.046" /><!-- duration: 0ms -->
          <step title="Copying file: &apos;MH.Domain.pdb&apos;" date="2025-11-12T10:43:45.046" /><!-- duration: 16ms -->
          <step title="Copying file: &apos;MH.Infrastructure.deps.json&apos;" date="2025-11-12T10:43:45.061" /><!-- duration: 16ms -->
          <step title="Copying file: &apos;MH.Infrastructure.dll&apos;" date="2025-11-12T10:43:45.077" /><!-- duration: 0ms -->
          <step title="Copying file: &apos;MH.Infrastructure.pdb&apos;" date="2025-11-12T10:43:45.108" /><!-- duration: 16ms -->
          <step title="Copying file: &apos;MH.Infrastructure.runtimeconfig.json&apos;" date="2025-11-12T10:43:45.124" /><!-- duration: 0ms -->
          <step title="Copying file: &apos;Microsoft.ApplicationInsights.dll&apos;" date="2025-11-12T10:43:45.140" /><!-- duration: 0ms -->
          <step title="Copying file: &apos;Microsoft.AspNetCore.Authentication.Facebook.dll&apos;" date="2025-11-12T10:43:45.155" /><!-- duration: 0ms -->
          <step title="Copying file: &apos;Microsoft.AspNetCore.Authentication.JwtBearer.dll&apos;" date="2025-11-12T10:43:45.171" /><!-- duration: 0ms -->
          <step title="Copying file: &apos;Microsoft.AspNetCore.Cryptography.Internal.dll&apos;" date="2025-11-12T10:43:45.187" /><!-- duration: 0ms -->
          <step title="Copying file: &apos;Microsoft.AspNetCore.Cryptography.KeyDerivation.dll&apos;" date="2025-11-12T10:43:45.187" /><!-- duration: 16ms -->
          <step title="Copying file: &apos;Microsoft.AspNetCore.Http.Features.dll&apos;" date="2025-11-12T10:43:45.203" /><!-- duration: 16ms -->
          <step title="Copying file: &apos;Microsoft.AspNetCore.Identity.EntityFrameworkCore.dll&apos;" date="2025-11-12T10:43:45.234" /><!-- duration: 0ms -->
          <step title="Copying file: &apos;Microsoft.Bcl.AsyncInterfaces.dll&apos;" date="2025-11-12T10:43:45.234" /><!-- duration: 16ms -->
          <step title="Copying file: &apos;Microsoft.Data.SqlClient.dll&apos;" date="2025-11-12T10:43:45.250" /><!-- duration: 31ms -->
          <step title="Copying file: &apos;Microsoft.EntityFrameworkCore.Abstractions.dll&apos;" date="2025-11-12T10:43:45.297" /><!-- duration: 0ms -->
          <step title="Copying file: &apos;Microsoft.EntityFrameworkCore.dll&apos;" date="2025-11-12T10:43:45.312" /><!-- duration: 0ms -->
          <step title="Copying file: &apos;Microsoft.EntityFrameworkCore.Relational.dll&apos;" date="2025-11-12T10:43:45.328" /><!-- duration: 16ms -->
          <step title="Copying file: &apos;Microsoft.EntityFrameworkCore.SqlServer.dll&apos;" date="2025-11-12T10:43:45.343" /><!-- duration: 16ms -->
          <step title="Copying file: &apos;Microsoft.Extensions.Caching.Abstractions.dll&apos;" date="2025-11-12T10:43:45.359" /><!-- duration: 16ms -->
          <step title="Omitting next output lines..." date="2025-11-12T10:43:45.390" /><!-- duration: 16ms -->
          <step title="Finished successfully." date="2025-11-12T10:43:49.469" /><!-- duration: 0ms -->
        </step><!-- duration: 5767ms -->
        <step title="Build completed succesfully." date="2025-11-12T10:43:49.516" /><!-- duration: 0ms -->
        <step title="Running post deployment command(s)..." date="2025-11-12T10:43:49.563" /><!-- duration: 16ms -->
        <step title="Requesting site restart" date="2025-11-12T10:43:49.625" /><!-- duration: 0ms -->
        <step title="Requesting site restart" date="2025-11-12T10:43:49.625" /><!-- duration: 16ms -->
        <step title="Requesting site restart. Attempt #1" date="2025-11-12T10:43:49.703" /><!-- duration: 0ms -->
        <step title="Requesting site restart. Attempt #1" date="2025-11-12T10:43:49.703" /><!-- duration: 16ms -->
        <step title="Successfully requested a restart. Attempt #1" date="2025-11-12T10:43:50.078" /><!-- duration: 0ms -->
        <step title="Successfully requested a restart. Attempt #1" date="2025-11-12T10:43:50.078" /><!-- duration: 0ms -->
        <step title="Deployment successful. DEPLOYMENTINFO: deploymentPath = OneDeploy, deployer = OneDeploy, os = windows, sku = Free, siteName = NgCanduAPI, siteHostName = ngcanduapi.azurewebsites.net, deploymentStatus = Success" date="2025-11-12T10:43:50.125" /><!-- duration: 0ms -->
        <step title="Purge deployment items" date="2025-11-12T10:43:50.219" >
          <step title="Remove 6b9ee9d4d, Success, received at 10/7/2025 7:41:07 AM" date="2025-11-12T10:43:50.281" /><!-- duration: 16ms -->
        </step><!-- duration: 78ms -->
      </step><!-- duration: 7017ms -->
    </step><!-- duration: 7283ms -->
    <step title="Cleaning up temp files" date="2025-11-12T10:43:50.359" /><!-- duration: 0ms -->
    <step title="Skip function trigger and logicapp sync because function is not enabled." date="2025-11-12T10:43:50.375" /><!-- duration: 0ms -->
  </step><!-- duration: 8501ms -->
  <step title="LockFile &apos;C:\home\site\locks\deployments.lock&apos; released" date="2025-11-12T10:43:50.391" /><!-- duration: 16ms -->
  <step title="Deleting shutdown sentinel file" date="2025-11-12T10:43:50.406" SemaphoreCount="8" /><!-- duration: 16ms -->
</step><!-- duration: 8626ms -->
