<step title="BackgroundTrace" date="2025-11-12T11:23:32.470" instance="22a7da" url="/api/publish" method="POST" >
  <step title="Updating shutdown sentinel last write time" date="2025-11-12T11:23:32.485" SemaphoreCount="7" /><!-- duration: 0ms -->
  <step title="LockFile &apos;C:\home\site\locks\deployments.lock&apos; acquired" date="2025-11-12T11:23:32.485" /><!-- duration: 16ms -->
  <step title="Creating temporary deployment" date="2025-11-12T11:23:32.501" /><!-- duration: 31ms -->
  <step title="Performing fetch based deployment" date="2025-11-12T11:23:32.532" >
    <step title="Fetching changes." date="2025-11-12T11:23:32.579" /><!-- duration: 16ms -->
    <step title="Starting LocalZipHandler" date="2025-11-12T11:23:32.595" /><!-- duration: 0ms -->
    <step title="Cleaning up temp folders from previous zip deployments and extracting pushed zip file C:\local\Temp\zipdeploy\mluexige.zip (25.24 MB) to C:\local\Temp\zipdeploy\extracted" date="2025-11-12T11:23:32.626" /><!-- duration: 0ms -->
    <step title="Cleaning up temp folders from previous zip deployments and extracting pushed zip file C:\local\Temp\zipdeploy\mluexige.zip (25.24 MB) to C:\local\Temp\zipdeploy\extracted" date="2025-11-12T11:23:32.642" >
      <step title="Renaming extractTargetDirectory(C:\local\Temp\zipdeploy\extracted) to tempDirectory(C:\local\Temp\zipdeploy\oajbsgl0.dtt)" date="2025-11-12T11:23:32.642" /><!-- duration: 0ms -->
      <step title="Extracting 295 entries to C:\local\Temp\zipdeploy\extracted directory" date="2025-11-12T11:23:32.657" >
        <step title="Extracting to C:\local\Temp\zipdeploy\extracted\appsettings.Development.json ..." date="2025-11-12T11:23:32.657" /><!-- duration: 0ms -->
        <step title="Extracting to C:\local\Temp\zipdeploy\extracted\appsettings.json ..." date="2025-11-12T11:23:32.673" /><!-- duration: 0ms -->
        <step title="Extracting to C:\local\Temp\zipdeploy\extracted\AutoMapper.dll ..." date="2025-11-12T11:23:32.704" /><!-- duration: 0ms -->
        <step title="Extracting to C:\local\Temp\zipdeploy\extracted\AutoMapper.Extensions.Microsoft.DependencyInjection.dll ..." date="2025-11-12T11:23:32.720" /><!-- duration: 0ms -->
        <step title="Extracting to C:\local\Temp\zipdeploy\extracted\Azure.Core.dll ..." date="2025-11-12T11:23:32.720" /><!-- duration: 16ms -->
        <step title="Omitting extracting file traces ..." date="2025-11-12T11:23:32.735" /><!-- duration: 16ms -->
      </step><!-- duration: 984ms -->
    </step><!-- duration: 1047ms -->
    <step title="Before sending BuildRequestReceived status to /api/updatedeploystatus" date="2025-11-12T11:23:33.720" /><!-- duration: 0ms -->
    <step title="DeploymentManager.Deploy(id:18af5b33a22045c8836613d1e96b0b53)" date="2025-11-12T11:23:33.720" >
      <step title="Collecting changeset information" date="2025-11-12T11:23:33.735" /><!-- duration: 31ms -->
      <step title="Updating submodules" date="2025-11-12T11:23:33.782" >
        <step title="Updating submodules." date="2025-11-12T11:23:33.813" /><!-- duration: 16ms -->
      </step><!-- duration: 63ms -->
      <step title="Preparing deployment for commit id &apos;18af5b33a2&apos;." date="2025-11-12T11:23:33.892" /><!-- duration: 0ms -->
      <step title="Determining deployment builder" date="2025-11-12T11:23:33.923" >
        <step title="Builder is OneDeployBuilder" date="2025-11-12T11:23:33.938" /><!-- duration: 0ms -->
      </step><!-- duration: 16ms -->
      <step title="Copying SSH keys" date="2025-11-12T11:23:33.970" /><!-- duration: 16ms -->
      <step title="Building" date="2025-11-12T11:23:33.985" >
        <step title="Running build. Project type: OneDeploy" date="2025-11-12T11:23:34.017" /><!-- duration: 16ms -->
        <step title="Copying the manifest" date="2025-11-12T11:23:34.063" /><!-- duration: 16ms -->
        <step title="Clean deploying to C:\home\site\wwwroot" date="2025-11-12T11:23:34.126" /><!-- duration: 0ms -->
        <step title="Generating deployment script." date="2025-11-12T11:23:34.173" /><!-- duration: 0ms -->
        <step title="Generating deployment script" date="2025-11-12T11:23:34.173" >
          <step title="Using cached version of the deployment script for command: -y --no-dot-deployment -r &quot;C:\local\Temp\zipdeploy\extracted&quot; -o &quot;C:\home\site\deployments\tools&quot; --basic --sitePath &quot;C:\local\Temp\zipdeploy\extracted&quot;" date="2025-11-12T11:23:34.188" /><!-- duration: 0ms -->
          <step title="Using cached version of deployment script (command: &apos;azure -y --no-dot-deployment -r &quot;C:\local\Temp\zipdeploy\extracted&quot; -o &quot;C:\home\site\deployments\tools&quot; --basic --sitePath &quot;C:\local\Temp\zipdeploy\extracted&quot;&apos;)." date="2025-11-12T11:23:34.220" /><!-- duration: 0ms -->
        </step><!-- duration: 47ms -->
        <step title="Running deployment command..." date="2025-11-12T11:23:34.267" /><!-- duration: 0ms -->
        <step title="Command: &quot;C:\home\site\deployments\tools\deploy.cmd&quot;" date="2025-11-12T11:23:34.282" /><!-- duration: 0ms -->
        <step title="Executing external process" date="2025-11-12T11:23:34.298" type="process" path="starter.cmd" arguments="&quot;C:\home\site\deployments\tools\deploy.cmd&quot;" >
          <step title="Handling Basic Web Site deployment." date="2025-11-12T11:23:34.407" /><!-- duration: 0ms -->
          <step title="Creating app_offline.htm" date="2025-11-12T11:23:35.095" /><!-- duration: 16ms -->
          <step title="KuduSync.NET from: &apos;C:\local\Temp\zipdeploy\extracted&apos; to: &apos;C:\home\site\wwwroot&apos;" date="2025-11-12T11:23:35.126" /><!-- duration: 0ms -->
          <step title="Copying file: &apos;appsettings.Development.json&apos;" date="2025-11-12T11:23:35.142" /><!-- duration: 0ms -->
          <step title="Copying file: &apos;appsettings.json&apos;" date="2025-11-12T11:23:35.157" /><!-- duration: 0ms -->
          <step title="Copying file: &apos;AutoMapper.dll&apos;" date="2025-11-12T11:23:35.173" /><!-- duration: 0ms -->
          <step title="Copying file: &apos;AutoMapper.Extensions.Microsoft.DependencyInjection.dll&apos;" date="2025-11-12T11:23:35.173" /><!-- duration: 16ms -->
          <step title="Copying file: &apos;Azure.Core.dll&apos;" date="2025-11-12T11:23:35.188" /><!-- duration: 16ms -->
          <step title="Copying file: &apos;Azure.Identity.dll&apos;" date="2025-11-12T11:23:35.204" /><!-- duration: 16ms -->
          <step title="Copying file: &apos;BouncyCastle.Crypto.dll&apos;" date="2025-11-12T11:23:35.220" /><!-- duration: 16ms -->
          <step title="Copying file: &apos;FluentValidation.AspNetCore.dll&apos;" date="2025-11-12T11:23:35.235" /><!-- duration: 16ms -->
          <step title="Copying file: &apos;FluentValidation.DependencyInjectionExtensions.dll&apos;" date="2025-11-12T11:23:35.251" /><!-- duration: 0ms -->
          <step title="Copying file: &apos;FluentValidation.dll&apos;" date="2025-11-12T11:23:35.267" /><!-- duration: 0ms -->
          <step title="Copying file: &apos;Google.Apis.Auth.dll&apos;" date="2025-11-12T11:23:35.282" /><!-- duration: 0ms -->
          <step title="Copying file: &apos;Google.Apis.Auth.PlatformServices.dll&apos;" date="2025-11-12T11:23:35.298" /><!-- duration: 0ms -->
          <step title="Copying file: &apos;Google.Apis.Core.dll&apos;" date="2025-11-12T11:23:35.313" /><!-- duration: 0ms -->
          <step title="Copying file: &apos;Google.Apis.dll&apos;" date="2025-11-12T11:23:35.329" /><!-- duration: 0ms -->
          <step title="Copying file: &apos;Hangfire.AspNetCore.dll&apos;" date="2025-11-12T11:23:35.329" /><!-- duration: 16ms -->
          <step title="Copying file: &apos;Hangfire.Core.dll&apos;" date="2025-11-12T11:23:35.345" /><!-- duration: 16ms -->
          <step title="Copying file: &apos;Hangfire.SqlServer.dll&apos;" date="2025-11-12T11:23:35.360" /><!-- duration: 16ms -->
          <step title="Copying file: &apos;MailKit.dll&apos;" date="2025-11-12T11:23:35.376" /><!-- duration: 16ms -->
          <step title="Copying file: &apos;MH.Api.deps.json&apos;" date="2025-11-12T11:23:35.392" /><!-- duration: 16ms -->
          <step title="Copying file: &apos;MH.Api.dll&apos;" date="2025-11-12T11:23:35.407" /><!-- duration: 16ms -->
          <step title="Copying file: &apos;MH.Api.exe&apos;" date="2025-11-12T11:23:35.423" /><!-- duration: 0ms -->
          <step title="Copying file: &apos;MH.Api.pdb&apos;" date="2025-11-12T11:23:35.438" /><!-- duration: 0ms -->
          <step title="Copying file: &apos;MH.Api.runtimeconfig.json&apos;" date="2025-11-12T11:23:35.626" /><!-- duration: 0ms -->
          <step title="Copying file: &apos;MH.Api.staticwebassets.endpoints.json&apos;" date="2025-11-12T11:23:35.642" /><!-- duration: 0ms -->
          <step title="Copying file: &apos;MH.Application.deps.json&apos;" date="2025-11-12T11:23:35.642" /><!-- duration: 16ms -->
          <step title="Copying file: &apos;MH.Application.dll&apos;" date="2025-11-12T11:23:35.657" /><!-- duration: 16ms -->
          <step title="Copying file: &apos;MH.Application.pdb&apos;" date="2025-11-12T11:23:35.673" /><!-- duration: 16ms -->
          <step title="Copying file: &apos;MH.Domain.deps.json&apos;" date="2025-11-12T11:23:35.688" /><!-- duration: 16ms -->
          <step title="Copying file: &apos;MH.Domain.dll&apos;" date="2025-11-12T11:23:35.704" /><!-- duration: 16ms -->
          <step title="Copying file: &apos;MH.Domain.pdb&apos;" date="2025-11-12T11:23:35.720" /><!-- duration: 16ms -->
          <step title="Copying file: &apos;MH.Infrastructure.deps.json&apos;" date="2025-11-12T11:23:35.751" /><!-- duration: 16ms -->
          <step title="Copying file: &apos;MH.Infrastructure.dll&apos;" date="2025-11-12T11:23:35.767" /><!-- duration: 16ms -->
          <step title="Copying file: &apos;MH.Infrastructure.pdb&apos;" date="2025-11-12T11:23:35.782" /><!-- duration: 0ms -->
          <step title="Copying file: &apos;MH.Infrastructure.runtimeconfig.json&apos;" date="2025-11-12T11:23:35.798" /><!-- duration: 0ms -->
          <step title="Copying file: &apos;Microsoft.ApplicationInsights.dll&apos;" date="2025-11-12T11:23:35.813" /><!-- duration: 0ms -->
          <step title="Copying file: &apos;Microsoft.AspNetCore.Authentication.Facebook.dll&apos;" date="2025-11-12T11:23:35.829" /><!-- duration: 0ms -->
          <step title="Copying file: &apos;Microsoft.AspNetCore.Authentication.JwtBearer.dll&apos;" date="2025-11-12T11:23:35.845" /><!-- duration: 0ms -->
          <step title="Copying file: &apos;Microsoft.AspNetCore.Cryptography.Internal.dll&apos;" date="2025-11-12T11:23:35.845" /><!-- duration: 16ms -->
          <step title="Copying file: &apos;Microsoft.AspNetCore.Cryptography.KeyDerivation.dll&apos;" date="2025-11-12T11:23:35.876" /><!-- duration: 0ms -->
          <step title="Copying file: &apos;Microsoft.AspNetCore.Http.Features.dll&apos;" date="2025-11-12T11:23:35.876" /><!-- duration: 16ms -->
          <step title="Copying file: &apos;Microsoft.AspNetCore.Identity.EntityFrameworkCore.dll&apos;" date="2025-11-12T11:23:35.892" /><!-- duration: 16ms -->
          <step title="Copying file: &apos;Microsoft.Bcl.AsyncInterfaces.dll&apos;" date="2025-11-12T11:23:35.907" /><!-- duration: 16ms -->
          <step title="Copying file: &apos;Microsoft.Data.SqlClient.dll&apos;" date="2025-11-12T11:23:35.923" /><!-- duration: 0ms -->
          <step title="Copying file: &apos;Microsoft.EntityFrameworkCore.Abstractions.dll&apos;" date="2025-11-12T11:23:35.938" /><!-- duration: 0ms -->
          <step title="Copying file: &apos;Microsoft.EntityFrameworkCore.dll&apos;" date="2025-11-12T11:23:35.954" /><!-- duration: 0ms -->
          <step title="Copying file: &apos;Microsoft.EntityFrameworkCore.Relational.dll&apos;" date="2025-11-12T11:23:35.970" /><!-- duration: 0ms -->
          <step title="Copying file: &apos;Microsoft.EntityFrameworkCore.SqlServer.dll&apos;" date="2025-11-12T11:23:35.985" /><!-- duration: 0ms -->
          <step title="Copying file: &apos;Microsoft.Extensions.Caching.Abstractions.dll&apos;" date="2025-11-12T11:23:36.001" /><!-- duration: 0ms -->
          <step title="Omitting next output lines..." date="2025-11-12T11:23:36.017" /><!-- duration: 0ms -->
          <step title="Finished successfully." date="2025-11-12T11:23:39.909" /><!-- duration: 0ms -->
        </step><!-- duration: 5626ms -->
        <step title="Build completed succesfully." date="2025-11-12T11:23:39.956" /><!-- duration: 16ms -->
        <step title="Running post deployment command(s)..." date="2025-11-12T11:23:40.002" /><!-- duration: 0ms -->
        <step title="Requesting site restart" date="2025-11-12T11:23:40.049" /><!-- duration: 16ms -->
        <step title="Requesting site restart" date="2025-11-12T11:23:40.065" /><!-- duration: 16ms -->
        <step title="Requesting site restart. Attempt #1" date="2025-11-12T11:23:40.127" /><!-- duration: 0ms -->
        <step title="Requesting site restart. Attempt #1" date="2025-11-12T11:23:40.143" /><!-- duration: 0ms -->
        <step title="Successfully requested a restart. Attempt #1" date="2025-11-12T11:23:40.471" /><!-- duration: 16ms -->
        <step title="Successfully requested a restart. Attempt #1" date="2025-11-12T11:23:40.487" /><!-- duration: 0ms -->
        <step title="Deployment successful. DEPLOYMENTINFO: deploymentPath = OneDeploy, deployer = OneDeploy, os = windows, sku = Free, siteName = NgCanduAPI, siteHostName = ngcanduapi.azurewebsites.net, deploymentStatus = Success" date="2025-11-12T11:23:40.596" /><!-- duration: 16ms -->
        <step title="Purge deployment items" date="2025-11-12T11:23:40.674" >
          <step title="Remove 784acc646, Success, received at 11/12/2025 1:47:37 AM" date="2025-11-12T11:23:40.721" /><!-- duration: 16ms -->
        </step><!-- duration: 63ms -->
      </step><!-- duration: 6767ms -->
    </step><!-- duration: 7048ms -->
    <step title="Cleaning up temp files" date="2025-11-12T11:23:40.768" /><!-- duration: 0ms -->
    <step title="Skip function trigger and logicapp sync because function is not enabled." date="2025-11-12T11:23:40.784" /><!-- duration: 0ms -->
  </step><!-- duration: 8267ms -->
  <step title="LockFile &apos;C:\home\site\locks\deployments.lock&apos; released" date="2025-11-12T11:23:40.815" /><!-- duration: 0ms -->
  <step title="Deleting shutdown sentinel file" date="2025-11-12T11:23:40.815" SemaphoreCount="8" /><!-- duration: 16ms -->
</step><!-- duration: 8361ms -->
