<step title="Incoming Request" date="2025-11-17T13:08:39.231" instance="92ca53" url="/api/publish?type=zip" method="POST" type="request" pid="7440,2,7" Cache-Control="no-cache" Connection="Keep-Alive" Content-Length="24072925" Content-Type="application/octet-stream" Accept="*/*" Accept-Encoding="gzip, deflate" Authorization="Bas..." Host="ngcanduapi.scm.azurewebsites.net" User-Agent="AZURECLI/2.75.0 (MSI)" x-ms-client-request-id="82c2de13-c3b6-11f0-9560-c025a5cfe792" X-ARR-LOG-ID="82c2de13-c3b6-11f0-9560-c025a5cfe792" CLIENT-IP="197.234.156.224:49652" X-SITE-DEPLOYMENT-ID="NgCanduAPI" WAS-DEFAULT-HOSTNAME="ngcanduapi.scm.azurewebsites.net" X-Forwarded-Proto="https" X-AppService-Proto="https" X-Forwarded-TlsVersion="1.3" X-WAWS-Unencoded-URL="/api/publish?type=zip" X-MS-COLDSTART="1" >
  <step title="OneDeploy" date="2025-11-17T13:08:39.747" >
    <step title="Starting PushDeployAsync" date="2025-11-17T13:08:39.778" /><!-- duration: 0ms -->
    <step title="Updating shutdown sentinel last write time" date="2025-11-17T13:08:39.825" SemaphoreCount="7" /><!-- duration: 0ms -->
    <step title="LockFile &apos;C:\home\site\locks\deployments.lock&apos; acquired" date="2025-11-17T13:08:39.840" /><!-- duration: 0ms -->
    <step title="Saving request content to C:\local\Temp\zipdeploy\z3licpjb.zip" date="2025-11-17T13:08:39.840" >
      <step title="Total 24,072,925 bytes written to C:\local\Temp\zipdeploy\z3licpjb.zip" date="2025-11-17T13:08:42.887" /><!-- duration: 0ms -->
    </step><!-- duration: 3047ms -->
    <step title="LockFile &apos;C:\home\site\locks\deployments.lock&apos; released" date="2025-11-17T13:08:42.903" /><!-- duration: 0ms -->
    <step title="Deleting shutdown sentinel file" date="2025-11-17T13:08:42.919" SemaphoreCount="8" /><!-- duration: 0ms -->
    <step title="Starting FetchDeploy" date="2025-11-17T13:08:42.934" /><!-- duration: 0ms -->
    <step title="Attempting to fetch target branch HEAD" date="2025-11-17T13:08:42.934" /><!-- duration: 0ms -->
    <step title="Updating shutdown sentinel last write time" date="2025-11-17T13:08:42.950" SemaphoreCount="7" /><!-- duration: 0ms -->
    <step title="LockFile &apos;C:\home\site\locks\deployments.lock&apos; acquired" date="2025-11-17T13:08:42.966" /><!-- duration: 0ms -->
    <step title="Performing fetch based deployment" date="2025-11-17T13:08:42.966" >
      <step title="Creating temporary deployment" date="2025-11-17T13:08:42.981" /><!-- duration: 47ms -->
      <step title="Fetching changes." date="2025-11-17T13:08:43.091" /><!-- duration: 0ms -->
      <step title="Starting LocalZipHandler" date="2025-11-17T13:08:43.106" /><!-- duration: 0ms -->
      <step title="Starting LocalZipFetch" date="2025-11-17T13:08:43.122" /><!-- duration: 0ms -->
      <step title="Cleaning up temp folders from previous zip deployments and extracting pushed zip file C:\local\Temp\zipdeploy\z3licpjb.zip (22.96 MB) to C:\local\Temp\zipdeploy\extracted" date="2025-11-17T13:08:43.137" /><!-- duration: 0ms -->
      <step title="Cleaning up temp folders from previous zip deployments and extracting pushed zip file C:\local\Temp\zipdeploy\z3licpjb.zip (22.96 MB) to C:\local\Temp\zipdeploy\extracted" date="2025-11-17T13:08:43.137" >
        <step title="Extracting 263 entries to C:\local\Temp\zipdeploy\extracted directory" date="2025-11-17T13:08:43.153" >
          <step title="Extracting to C:\local\Temp\zipdeploy\extracted\ca\Hangfire.Core.resources.dll ..." date="2025-11-17T13:08:43.169" /><!-- duration: 16ms -->
          <step title="Extracting to C:\local\Temp\zipdeploy\extracted\de\Hangfire.Core.resources.dll ..." date="2025-11-17T13:08:43.200" /><!-- duration: 0ms -->
          <step title="Extracting to C:\local\Temp\zipdeploy\extracted\es\Hangfire.Core.resources.dll ..." date="2025-11-17T13:08:43.216" /><!-- duration: 0ms -->
          <step title="Extracting to C:\local\Temp\zipdeploy\extracted\fa\Hangfire.Core.resources.dll ..." date="2025-11-17T13:08:43.231" /><!-- duration: 0ms -->
          <step title="Extracting to C:\local\Temp\zipdeploy\extracted\fr\Hangfire.Core.resources.dll ..." date="2025-11-17T13:08:43.231" /><!-- duration: 16ms -->
          <step title="Omitting extracting file traces ..." date="2025-11-17T13:08:43.247" /><!-- duration: 0ms -->
        </step><!-- duration: 969ms -->
      </step><!-- duration: 1000ms -->
      <step title="None repository commit" date="2025-11-17T13:08:44.137" >
        <step title="Commit id: bf0fd00967024bd0bcbccf5c9e707064" date="2025-11-17T13:08:44.137" Message="OneDeploy" AuthorName="N/A" AuthorEmail="N/A" /><!-- duration: 16ms -->
      </step><!-- duration: 16ms -->
      <step title="Before sending BuildRequestReceived status to /api/updatedeploystatus" date="2025-11-17T13:08:44.153" /><!-- duration: 16ms -->
      <step title="DeploymentManager.Deploy(id:bf0fd00967024bd0bcbccf5c9e707064)" date="2025-11-17T13:08:44.169" >
        <step title="Collecting changeset information" date="2025-11-17T13:08:44.184" /><!-- duration: 31ms -->
        <step title="Updating submodules" date="2025-11-17T13:08:44.216" >
          <step title="Updating submodules." date="2025-11-17T13:08:44.262" /><!-- duration: 0ms -->
        </step><!-- duration: 62ms -->
        <step title="Preparing deployment for commit id &apos;bf0fd00967&apos;." date="2025-11-17T13:08:44.309" /><!-- duration: 16ms -->
        <step title="Determining deployment builder" date="2025-11-17T13:08:44.356" >
          <step title="Builder is OneDeployBuilder" date="2025-11-17T13:08:44.372" /><!-- duration: 0ms -->
        </step><!-- duration: 16ms -->
        <step title="Copying SSH keys" date="2025-11-17T13:08:44.403" /><!-- duration: 0ms -->
        <step title="Building" date="2025-11-17T13:08:44.403" >
          <step title="Running build. Project type: OneDeploy" date="2025-11-17T13:08:44.450" /><!-- duration: 0ms -->
          <step title="Copying the manifest" date="2025-11-17T13:08:44.497" /><!-- duration: 0ms -->
          <step title="Clean deploying to C:\home\site\wwwroot" date="2025-11-17T13:08:44.559" /><!-- duration: 0ms -->
          <step title="Generating deployment script." date="2025-11-17T13:08:44.622" /><!-- duration: 0ms -->
          <step title="Generating deployment script" date="2025-11-17T13:08:44.637" >
            <step title="Using cached version of the deployment script for command: -y --no-dot-deployment -r &quot;C:\local\Temp\zipdeploy\extracted&quot; -o &quot;C:\home\site\deployments\tools&quot; --basic --sitePath &quot;C:\local\Temp\zipdeploy\extracted&quot;" date="2025-11-17T13:08:44.684" /><!-- duration: 0ms -->
            <step title="Using cached version of deployment script (command: &apos;azure -y --no-dot-deployment -r &quot;C:\local\Temp\zipdeploy\extracted&quot; -o &quot;C:\home\site\deployments\tools&quot; --basic --sitePath &quot;C:\local\Temp\zipdeploy\extracted&quot;&apos;)." date="2025-11-17T13:08:44.700" /><!-- duration: 0ms -->
          </step><!-- duration: 94ms -->
          <step title="Running deployment command..." date="2025-11-17T13:08:44.778" /><!-- duration: 0ms -->
          <step title="Command: &quot;C:\home\site\deployments\tools\deploy.cmd&quot;" date="2025-11-17T13:08:44.794" /><!-- duration: 0ms -->
          <step title="Executing external process" date="2025-11-17T13:08:44.809" type="process" path="starter.cmd" arguments="&quot;C:\home\site\deployments\tools\deploy.cmd&quot;" >
            <step title="Handling Basic Web Site deployment." date="2025-11-17T13:08:44.934" /><!-- duration: 16ms -->
            <step title="Creating app_offline.htm" date="2025-11-17T13:08:47.263" /><!-- duration: 16ms -->
            <step title="KuduSync.NET from: &apos;C:\local\Temp\zipdeploy\extracted&apos; to: &apos;C:\home\site\wwwroot&apos;" date="2025-11-17T13:08:47.294" /><!-- duration: 0ms -->
            <step title="Copying file: &apos;MH.Api.dll&apos;" date="2025-11-17T13:08:47.310" /><!-- duration: 16ms -->
            <step title="Copying file: &apos;MH.Api.exe&apos;" date="2025-11-17T13:08:47.341" /><!-- duration: 0ms -->
            <step title="Copying file: &apos;MH.Api.pdb&apos;" date="2025-11-17T13:08:47.357" /><!-- duration: 0ms -->
            <step title="Copying file: &apos;MH.Application.dll&apos;" date="2025-11-17T13:08:47.372" /><!-- duration: 0ms -->
            <step title="Copying file: &apos;MH.Application.pdb&apos;" date="2025-11-17T13:08:47.388" /><!-- duration: 0ms -->
            <step title="Copying file: &apos;MH.Infrastructure.dll&apos;" date="2025-11-17T13:08:47.404" /><!-- duration: 0ms -->
            <step title="Copying file: &apos;MH.Infrastructure.pdb&apos;" date="2025-11-17T13:08:47.419" /><!-- duration: 16ms -->
            <step title="Deleting app_offline.htm" date="2025-11-17T13:08:47.435" /><!-- duration: 16ms -->
            <step title="Finished successfully." date="2025-11-17T13:08:47.466" /><!-- duration: 0ms -->
          </step><!-- duration: 2672ms -->
          <step title="Build completed succesfully." date="2025-11-17T13:08:47.513" /><!-- duration: 0ms -->
          <step title="Running post deployment command(s)..." date="2025-11-17T13:08:47.560" /><!-- duration: 16ms -->
          <step title="Requesting site restart" date="2025-11-17T13:08:47.622" /><!-- duration: 16ms -->
          <step title="Requesting site restart" date="2025-11-17T13:08:47.638" /><!-- duration: 0ms -->
          <step title="Requesting site restart. Attempt #1" date="2025-11-17T13:08:47.685" /><!-- duration: 16ms -->
          <step title="Requesting site restart. Attempt #1" date="2025-11-17T13:08:47.700" /><!-- duration: 16ms -->
          <step title="Successfully requested a restart. Attempt #1" date="2025-11-17T13:08:48.044" /><!-- duration: 0ms -->
          <step title="Successfully requested a restart. Attempt #1" date="2025-11-17T13:08:48.060" /><!-- duration: 0ms -->
          <step title="Deployment successful. DEPLOYMENTINFO: deploymentPath = OneDeploy, deployer = OneDeploy, os = windows, sku = Free, siteName = NgCanduAPI, siteHostName = ngcanduapi.azurewebsites.net, deploymentStatus = Success" date="2025-11-17T13:08:48.107" /><!-- duration: 16ms -->
          <step title="Purge deployment items" date="2025-11-17T13:08:48.279" >
            <step title="Remove d20a6880c, Success, received at 11/17/2025 11:24:44 AM" date="2025-11-17T13:08:48.325" /><!-- duration: 0ms -->
          </step><!-- duration: 47ms -->
        </step><!-- duration: 3954ms -->
      </step><!-- duration: 4188ms -->
      <step title="Cleaning up temp files" date="2025-11-17T13:08:48.372" /><!-- duration: 0ms -->
      <step title="Skip function trigger and logicapp sync because function is not enabled." date="2025-11-17T13:08:48.388" /><!-- duration: 0ms -->
    </step><!-- duration: 5454ms -->
    <step title="LockFile &apos;C:\home\site\locks\deployments.lock&apos; released" date="2025-11-17T13:08:48.435" /><!-- duration: 0ms -->
    <step title="Deleting shutdown sentinel file" date="2025-11-17T13:08:48.450" SemaphoreCount="8" /><!-- duration: 0ms -->
  </step><!-- duration: 8704ms -->
  <step title="Outgoing response" date="2025-11-17T13:08:48.482" type="response" statusCode="200" statusText="OK" Server="Microsoft-IIS/10.0" x-ms-request-id="82c2de13-c3b6-11f0-9560-c025a5cfe792" Cache-Control="private" X-AspNet-Version="4.0.30319" /><!-- duration: 16ms -->
</step><!-- duration: 9266ms -->
