<step title="Incoming Request" date="2025-11-17T11:47:30.184" instance="92ca53" url="/api/publish?type=zip&amp;async=True" method="POST" type="request" pid="9080,2,7" Cache-Control="no-cache" Connection="Keep-Alive" Content-Length="23276384" Content-Type="application/octet-stream" Accept="*/*" Accept-Encoding="gzip, deflate" Authorization="Bas..." Host="ngcanduapi.scm.azurewebsites.net" User-Agent="AZURECLI/2.75.0 (MSI)" x-ms-client-request-id="2c7d3eb4-c3ab-11f0-a2bf-c025a5cfe792" X-ARR-LOG-ID="2c7d3eb4-c3ab-11f0-a2bf-c025a5cfe792" CLIENT-IP="197.234.156.224:49585" X-SITE-DEPLOYMENT-ID="NgCanduAPI" WAS-DEFAULT-HOSTNAME="ngcanduapi.scm.azurewebsites.net" X-Forwarded-Proto="https" X-AppService-Proto="https" X-Forwarded-TlsVersion="1.3" X-WAWS-Unencoded-URL="/api/publish?type=zip&amp;async=True" X-MS-COLDSTART="1" >
  <step title="OneDeploy" date="2025-11-17T11:47:30.715" >
    <step title="Starting PushDeployAsync" date="2025-11-17T11:47:30.731" /><!-- duration: 16ms -->
    <step title="Updating shutdown sentinel last write time" date="2025-11-17T11:47:30.809" SemaphoreCount="7" /><!-- duration: 0ms -->
    <step title="LockFile &apos;C:\home\site\locks\deployments.lock&apos; acquired" date="2025-11-17T11:47:30.809" /><!-- duration: 0ms -->
    <step title="Saving request content to C:\local\Temp\zipdeploy\xzjuxfsp.zip" date="2025-11-17T11:47:30.824" >
      <step title="Total 23,276,384 bytes written to C:\local\Temp\zipdeploy\xzjuxfsp.zip" date="2025-11-17T11:47:32.277" /><!-- duration: 0ms -->
    </step><!-- duration: 1453ms -->
    <step title="LockFile &apos;C:\home\site\locks\deployments.lock&apos; released" date="2025-11-17T11:47:32.293" /><!-- duration: 0ms -->
    <step title="Deleting shutdown sentinel file" date="2025-11-17T11:47:32.309" SemaphoreCount="8" /><!-- duration: 0ms -->
    <step title="Starting FetchDeploy" date="2025-11-17T11:47:32.309" /><!-- duration: 16ms -->
    <step title="Start deployment in the background" date="2025-11-17T11:47:32.324" /><!-- duration: 94ms -->
  </step><!-- duration: 1703ms -->
  <step title="Outgoing response" date="2025-11-17T11:47:32.465" type="response" statusCode="202" statusText="Accepted" Server="Microsoft-IIS/10.0" x-ms-request-id="2c7d3eb4-c3ab-11f0-a2bf-c025a5cfe792" Retry-After="30" Cache-Control="private" X-AspNet-Version="4.0.30319" Location="https://ngcanduapi.scm.azurewebsites.net/api/deployments/latest?deployer=OneDeploy&amp;time=2025-11-17_11-47-32Z" /><!-- duration: 47ms -->
</step><!-- duration: 2328ms -->
