<step title="Incoming Request" date="2025-11-17T11:24:41.731" instance="92ca53" url="/api/publish?type=zip&amp;async=False" method="POST" type="request" pid="15012,2,7" Cache-Control="no-cache" Connection="Keep-Alive" Content-Length="23581740" Content-Type="application/octet-stream" Accept="*/*" Accept-Encoding="gzip, deflate" Authorization="Bas..." Host="ngcanduapi.scm.azurewebsites.net" User-Agent="AZURECLI/2.75.0 (MSI)" x-ms-client-request-id="fd300784-c3a7-11f0-ab26-c025a5cfe792" X-ARR-LOG-ID="fd300784-c3a7-11f0-ab26-c025a5cfe792" CLIENT-IP="197.234.156.224:50599" X-SITE-DEPLOYMENT-ID="NgCanduAPI" WAS-DEFAULT-HOSTNAME="ngcanduapi.scm.azurewebsites.net" X-Forwarded-Proto="https" X-AppService-Proto="https" X-Forwarded-TlsVersion="1.3" X-WAWS-Unencoded-URL="/api/publish?type=zip&amp;async=False" X-MS-COLDSTART="1" >
  <step title="OneDeploy" date="2025-11-17T11:24:42.262" >
    <step title="Starting PushDeployAsync" date="2025-11-17T11:24:42.278" /><!-- duration: 16ms -->
    <step title="Updating shutdown sentinel last write time" date="2025-11-17T11:24:42.325" SemaphoreCount="7" /><!-- duration: 16ms -->
    <step title="LockFile &apos;C:\home\site\locks\deployments.lock&apos; acquired" date="2025-11-17T11:24:42.340" /><!-- duration: 0ms -->
    <step title="Saving request content to C:\local\Temp\zipdeploy\mfmrpbtd.zip" date="2025-11-17T11:24:42.356" >
      <step title="Total 23,581,740 bytes written to C:\local\Temp\zipdeploy\mfmrpbtd.zip" date="2025-11-17T11:24:43.137" /><!-- duration: 0ms -->
    </step><!-- duration: 797ms -->
    <step title="LockFile &apos;C:\home\site\locks\deployments.lock&apos; released" date="2025-11-17T11:24:43.153" /><!-- duration: 0ms -->
    <step title="Deleting shutdown sentinel file" date="2025-11-17T11:24:43.168" SemaphoreCount="8" /><!-- duration: 0ms -->
    <step title="Starting FetchDeploy" date="2025-11-17T11:24:43.184" /><!-- duration: 0ms -->
    <step title="Attempting to fetch target branch HEAD" date="2025-11-17T11:24:43.184" /><!-- duration: 16ms -->
    <step title="Updating shutdown sentinel last write time" date="2025-11-17T11:24:43.200" SemaphoreCount="7" /><!-- duration: 16ms -->
    <step title="LockFile &apos;C:\home\site\locks\deployments.lock&apos; acquired" date="2025-11-17T11:24:43.215" /><!-- duration: 0ms -->
    <step title="Performing fetch based deployment" date="2025-11-17T11:24:43.231" >
      <step title="Creating temporary deployment" date="2025-11-17T11:24:43.231" /><!-- duration: 47ms -->
      <step title="Fetching changes." date="2025-11-17T11:24:43.340" /><!-- duration: 0ms -->
      <step title="Starting LocalZipHandler" date="2025-11-17T11:24:43.356" /><!-- duration: 0ms -->
      <step title="Starting LocalZipFetch" date="2025-11-17T11:24:43.356" /><!-- duration: 16ms -->
      <step title="Cleaning up temp folders from previous zip deployments and extracting pushed zip file C:\local\Temp\zipdeploy\mfmrpbtd.zip (22.49 MB) to C:\local\Temp\zipdeploy\extracted" date="2025-11-17T11:24:43.372" /><!-- duration: 16ms -->
      <step title="Cleaning up temp folders from previous zip deployments and extracting pushed zip file C:\local\Temp\zipdeploy\mfmrpbtd.zip (22.49 MB) to C:\local\Temp\zipdeploy\extracted" date="2025-11-17T11:24:43.387" >
        <step title="Extracting 293 entries to C:\local\Temp\zipdeploy\extracted directory" date="2025-11-17T11:24:43.403" >
          <step title="Extracting to C:\local\Temp\zipdeploy\extracted\ca\Hangfire.Core.resources.dll ..." date="2025-11-17T11:24:43.403" /><!-- duration: 16ms -->
          <step title="Extracting to C:\local\Temp\zipdeploy\extracted\de\Hangfire.Core.resources.dll ..." date="2025-11-17T11:24:43.434" /><!-- duration: 0ms -->
          <step title="Extracting to C:\local\Temp\zipdeploy\extracted\es\Hangfire.Core.resources.dll ..." date="2025-11-17T11:24:43.434" /><!-- duration: 16ms -->
          <step title="Extracting to C:\local\Temp\zipdeploy\extracted\fa\Hangfire.Core.resources.dll ..." date="2025-11-17T11:24:43.450" /><!-- duration: 0ms -->
          <step title="Extracting to C:\local\Temp\zipdeploy\extracted\fr\Hangfire.Core.resources.dll ..." date="2025-11-17T11:24:43.450" /><!-- duration: 16ms -->
          <step title="Omitting extracting file traces ..." date="2025-11-17T11:24:43.465" /><!-- duration: 16ms -->
        </step><!-- duration: 953ms -->
      </step><!-- duration: 969ms -->
      <step title="None repository commit" date="2025-11-17T11:24:44.372" >
        <step title="Commit id: d20a6880ca954685a9490aef455bec17" date="2025-11-17T11:24:44.372" Message="OneDeploy" AuthorName="N/A" AuthorEmail="N/A" /><!-- duration: 0ms -->
      </step><!-- duration: 16ms -->
      <step title="Before sending BuildRequestReceived status to /api/updatedeploystatus" date="2025-11-17T11:24:44.387" /><!-- duration: 0ms -->
      <step title="DeploymentManager.Deploy(id:d20a6880ca954685a9490aef455bec17)" date="2025-11-17T11:24:44.403" >
        <step title="Collecting changeset information" date="2025-11-17T11:24:44.418" /><!-- duration: 31ms -->
        <step title="Updating submodules" date="2025-11-17T11:24:44.450" >
          <step title="Updating submodules." date="2025-11-17T11:24:44.497" /><!-- duration: 0ms -->
        </step><!-- duration: 47ms -->
        <step title="Preparing deployment for commit id &apos;d20a6880ca&apos;." date="2025-11-17T11:24:44.543" /><!-- duration: 0ms -->
        <step title="Determining deployment builder" date="2025-11-17T11:24:44.590" >
          <step title="Builder is OneDeployBuilder" date="2025-11-17T11:24:44.590" /><!-- duration: 16ms -->
        </step><!-- duration: 16ms -->
        <step title="Copying SSH keys" date="2025-11-17T11:24:44.622" /><!-- duration: 16ms -->
        <step title="Building" date="2025-11-17T11:24:44.637" >
          <step title="Running build. Project type: OneDeploy" date="2025-11-17T11:24:44.668" /><!-- duration: 16ms -->
          <step title="Copying the manifest" date="2025-11-17T11:24:44.715" /><!-- duration: 16ms -->
          <step title="Clean deploying to C:\home\site\wwwroot" date="2025-11-17T11:24:44.778" /><!-- duration: 16ms -->
          <step title="Generating deployment script." date="2025-11-17T11:24:44.825" /><!-- duration: 16ms -->
          <step title="Generating deployment script" date="2025-11-17T11:24:44.840" >
            <step title="Using cached version of the deployment script for command: -y --no-dot-deployment -r &quot;C:\local\Temp\zipdeploy\extracted&quot; -o &quot;C:\home\site\deployments\tools&quot; --basic --sitePath &quot;C:\local\Temp\zipdeploy\extracted&quot;" date="2025-11-17T11:24:44.887" /><!-- duration: 0ms -->
            <step title="Using cached version of deployment script (command: &apos;azure -y --no-dot-deployment -r &quot;C:\local\Temp\zipdeploy\extracted&quot; -o &quot;C:\home\site\deployments\tools&quot; --basic --sitePath &quot;C:\local\Temp\zipdeploy\extracted&quot;&apos;)." date="2025-11-17T11:24:44.918" /><!-- duration: 0ms -->
          </step><!-- duration: 94ms -->
          <step title="Running deployment command..." date="2025-11-17T11:24:44.981" /><!-- duration: 0ms -->
          <step title="Command: &quot;C:\home\site\deployments\tools\deploy.cmd&quot;" date="2025-11-17T11:24:44.997" /><!-- duration: 0ms -->
          <step title="Executing external process" date="2025-11-17T11:24:45.012" type="process" path="starter.cmd" arguments="&quot;C:\home\site\deployments\tools\deploy.cmd&quot;" >
            <step title="Handling Basic Web Site deployment." date="2025-11-17T11:24:45.153" /><!-- duration: 0ms -->
            <step title="Creating app_offline.htm" date="2025-11-17T11:24:45.481" /><!-- duration: 0ms -->
            <step title="KuduSync.NET from: &apos;C:\local\Temp\zipdeploy\extracted&apos; to: &apos;C:\home\site\wwwroot&apos;" date="2025-11-17T11:24:45.497" /><!-- duration: 0ms -->
            <step title="Copying file: &apos;MH.Infrastructure.dll&apos;" date="2025-11-17T11:24:45.512" /><!-- duration: 16ms -->
            <step title="Copying file: &apos;MH.Infrastructure.pdb&apos;" date="2025-11-17T11:24:45.528" /><!-- duration: 16ms -->
            <step title="Copying file: &apos;publish\MH.Api.runtimeconfig.json&apos;" date="2025-11-17T11:24:45.543" /><!-- duration: 16ms -->
            <step title="Copying file: &apos;publish\publish\MH.Api.runtimeconfig.json&apos;" date="2025-11-17T11:24:45.575" /><!-- duration: 0ms -->
            <step title="Copying file: &apos;publish\publish\publish\publish\MH.Api.runtimeconfig.json&apos;" date="2025-11-17T11:24:45.590" /><!-- duration: 0ms -->
            <step title="Copying file: &apos;publish\publish\publish\publish\publish\publish\MH.Api.runtimeconfig.json&apos;" date="2025-11-17T11:24:45.606" /><!-- duration: 0ms -->
            <step title="Copying file: &apos;publish\publish\publish\publish\publish\publish\publish\publish\publish\MH.Api.runtimeconfig.json&apos;" date="2025-11-17T11:24:45.622" /><!-- duration: 16ms -->
            <step title="Copying file: &apos;publish\publish\publish\publish\publish\publish\publish\publish\publish\publish\publish\publish\appsettings.Development.json&apos;" date="2025-11-17T11:24:45.653" /><!-- duration: 16ms -->
            <step title="Copying file: &apos;publish\publish\publish\publish\publish\publish\publish\publish\publish\publish\publish\publish\appsettings.json&apos;" date="2025-11-17T11:24:45.668" /><!-- duration: 16ms -->
            <step title="Copying file: &apos;publish\publish\publish\publish\publish\publish\publish\publish\publish\publish\publish\publish\MH.Api.deps.json&apos;" date="2025-11-17T11:24:45.700" /><!-- duration: 0ms -->
            <step title="Copying file: &apos;publish\publish\publish\publish\publish\publish\publish\publish\publish\publish\publish\publish\MH.Api.runtimeconfig.json&apos;" date="2025-11-17T11:24:47.577" /><!-- duration: 0ms -->
            <step title="Copying file: &apos;publish\publish\publish\publish\publish\publish\publish\publish\publish\publish\publish\publish\MH.Api.staticwebassets.endpoints.json&apos;" date="2025-11-17T11:24:47.608" /><!-- duration: 0ms -->
            <step title="Copying file: &apos;publish\publish\publish\publish\publish\publish\publish\publish\publish\publish\publish\publish\web.config&apos;" date="2025-11-17T11:24:47.624" /><!-- duration: 0ms -->
            <step title="Deleting app_offline.htm" date="2025-11-17T11:24:47.639" /><!-- duration: 0ms -->
            <step title="Finished successfully." date="2025-11-17T11:24:47.655" /><!-- duration: 16ms -->
          </step><!-- duration: 2659ms -->
          <step title="Build completed succesfully." date="2025-11-17T11:24:47.718" /><!-- duration: 0ms -->
          <step title="Running post deployment command(s)..." date="2025-11-17T11:24:47.780" /><!-- duration: 16ms -->
          <step title="Requesting site restart" date="2025-11-17T11:24:47.843" /><!-- duration: 0ms -->
          <step title="Requesting site restart" date="2025-11-17T11:24:47.858" /><!-- duration: 0ms -->
          <step title="Requesting site restart. Attempt #1" date="2025-11-17T11:24:47.905" /><!-- duration: 0ms -->
          <step title="Requesting site restart. Attempt #1" date="2025-11-17T11:24:47.921" /><!-- duration: 0ms -->
          <step title="Successfully requested a restart. Attempt #1" date="2025-11-17T11:24:48.249" /><!-- duration: 16ms -->
          <step title="Successfully requested a restart. Attempt #1" date="2025-11-17T11:24:48.264" /><!-- duration: 0ms -->
          <step title="Deployment successful. DEPLOYMENTINFO: deploymentPath = OneDeploy, deployer = OneDeploy, os = windows, sku = Free, siteName = NgCanduAPI, siteHostName = ngcanduapi.azurewebsites.net, deploymentStatus = Success" date="2025-11-17T11:24:48.311" /><!-- duration: 0ms -->
          <step title="Purge deployment items" date="2025-11-17T11:24:48.468" >
            <step title="Remove 2ec010039, Success, received at 11/14/2025 12:16:39 PM" date="2025-11-17T11:24:48.530" /><!-- duration: 0ms -->
          </step><!-- duration: 62ms -->
        </step><!-- duration: 3924ms -->
      </step><!-- duration: 4159ms -->
      <step title="Cleaning up temp files" date="2025-11-17T11:24:48.561" /><!-- duration: 16ms -->
      <step title="Skip function trigger and logicapp sync because function is not enabled." date="2025-11-17T11:24:48.577" /><!-- duration: 16ms -->
    </step><!-- duration: 5393ms -->
    <step title="LockFile &apos;C:\home\site\locks\deployments.lock&apos; released" date="2025-11-17T11:24:48.639" /><!-- duration: 16ms -->
    <step title="Deleting shutdown sentinel file" date="2025-11-17T11:24:48.655" SemaphoreCount="8" /><!-- duration: 16ms -->
  </step><!-- duration: 6409ms -->
  <step title="Outgoing response" date="2025-11-17T11:24:48.702" type="response" statusCode="200" statusText="OK" Server="Microsoft-IIS/10.0" x-ms-request-id="fd300784-c3a7-11f0-ab26-c025a5cfe792" Cache-Control="private" X-AspNet-Version="4.0.30319" /><!-- duration: 0ms -->
</step><!-- duration: 6987ms -->
