<step title="BackgroundTrace" date="2025-11-12T12:27:12.604" instance="22a7da" url="/api/publish" method="POST" >
  <step title="Updating shutdown sentinel last write time" date="2025-11-12T12:27:12.619" SemaphoreCount="7" /><!-- duration: 16ms -->
  <step title="LockFile &apos;C:\home\site\locks\deployments.lock&apos; acquired" date="2025-11-12T12:27:12.650" /><!-- duration: 0ms -->
  <step title="Creating temporary deployment" date="2025-11-12T12:27:12.650" /><!-- duration: 31ms -->
  <step title="Performing fetch based deployment" date="2025-11-12T12:27:12.682" >
    <step title="Fetching changes." date="2025-11-12T12:27:12.729" /><!-- duration: 16ms -->
    <step title="Starting LocalZipHandler" date="2025-11-12T12:27:12.744" /><!-- duration: 16ms -->
    <step title="Cleaning up temp folders from previous zip deployments and extracting pushed zip file C:\local\Temp\zipdeploy\bhw3tk5e.zip (25.24 MB) to C:\local\Temp\zipdeploy\extracted" date="2025-11-12T12:27:12.791" /><!-- duration: 0ms -->
    <step title="Cleaning up temp folders from previous zip deployments and extracting pushed zip file C:\local\Temp\zipdeploy\bhw3tk5e.zip (25.24 MB) to C:\local\Temp\zipdeploy\extracted" date="2025-11-12T12:27:12.807" >
      <step title="Renaming extractTargetDirectory(C:\local\Temp\zipdeploy\extracted) to tempDirectory(C:\local\Temp\zipdeploy\umf53iv0.2yq)" date="2025-11-12T12:27:12.807" /><!-- duration: 0ms -->
      <step title="Extracting 295 entries to C:\local\Temp\zipdeploy\extracted directory" date="2025-11-12T12:27:12.822" >
        <step title="Extracting to C:\local\Temp\zipdeploy\extracted\appsettings.Development.json ..." date="2025-11-12T12:27:12.822" /><!-- duration: 0ms -->
        <step title="Extracting to C:\local\Temp\zipdeploy\extracted\appsettings.json ..." date="2025-11-12T12:27:12.838" /><!-- duration: 0ms -->
        <step title="Extracting to C:\local\Temp\zipdeploy\extracted\AutoMapper.dll ..." date="2025-11-12T12:27:12.838" /><!-- duration: 16ms -->
        <step title="Extracting to C:\local\Temp\zipdeploy\extracted\AutoMapper.Extensions.Microsoft.DependencyInjection.dll ..." date="2025-11-12T12:27:12.854" /><!-- duration: 0ms -->
        <step title="Extracting to C:\local\Temp\zipdeploy\extracted\Azure.Core.dll ..." date="2025-11-12T12:27:12.869" /><!-- duration: 0ms -->
        <step title="Omitting extracting file traces ..." date="2025-11-12T12:27:12.885" /><!-- duration: 16ms -->
      </step><!-- duration: 969ms -->
    </step><!-- duration: 984ms -->
    <step title="Before sending BuildRequestReceived status to /api/updatedeploystatus" date="2025-11-12T12:27:13.807" /><!-- duration: 0ms -->
    <step title="DeploymentManager.Deploy(id:7965ffb543a34842862bc8bbf38b560f)" date="2025-11-12T12:27:13.807" >
      <step title="Collecting changeset information" date="2025-11-12T12:27:13.822" /><!-- duration: 31ms -->
      <step title="Updating submodules" date="2025-11-12T12:27:13.854" >
        <step title="Updating submodules." date="2025-11-12T12:27:13.900" /><!-- duration: 0ms -->
      </step><!-- duration: 62ms -->
      <step title="Preparing deployment for commit id &apos;7965ffb543&apos;." date="2025-11-12T12:27:13.947" /><!-- duration: 16ms -->
      <step title="Determining deployment builder" date="2025-11-12T12:27:13.994" >
        <step title="Builder is OneDeployBuilder" date="2025-11-12T12:27:13.994" /><!-- duration: 16ms -->
      </step><!-- duration: 16ms -->
      <step title="Copying SSH keys" date="2025-11-12T12:27:14.041" /><!-- duration: 16ms -->
      <step title="Building" date="2025-11-12T12:27:14.057" >
        <step title="Running build. Project type: OneDeploy" date="2025-11-12T12:27:14.104" /><!-- duration: 16ms -->
        <step title="Copying the manifest" date="2025-11-12T12:27:14.166" /><!-- duration: 0ms -->
        <step title="Clean deploying to C:\home\site\wwwroot" date="2025-11-12T12:27:14.229" /><!-- duration: 0ms -->
        <step title="Generating deployment script." date="2025-11-12T12:27:14.291" /><!-- duration: 0ms -->
        <step title="Generating deployment script" date="2025-11-12T12:27:14.291" >
          <step title="Using cached version of the deployment script for command: -y --no-dot-deployment -r &quot;C:\local\Temp\zipdeploy\extracted&quot; -o &quot;C:\home\site\deployments\tools&quot; --basic --sitePath &quot;C:\local\Temp\zipdeploy\extracted&quot;" date="2025-11-12T12:27:14.307" /><!-- duration: 0ms -->
          <step title="Using cached version of deployment script (command: &apos;azure -y --no-dot-deployment -r &quot;C:\local\Temp\zipdeploy\extracted&quot; -o &quot;C:\home\site\deployments\tools&quot; --basic --sitePath &quot;C:\local\Temp\zipdeploy\extracted&quot;&apos;)." date="2025-11-12T12:27:14.338" /><!-- duration: 0ms -->
        </step><!-- duration: 47ms -->
        <step title="Running deployment command..." date="2025-11-12T12:27:14.385" /><!-- duration: 0ms -->
        <step title="Command: &quot;C:\home\site\deployments\tools\deploy.cmd&quot;" date="2025-11-12T12:27:14.400" /><!-- duration: 16ms -->
        <step title="Executing external process" date="2025-11-12T12:27:14.416" type="process" path="starter.cmd" arguments="&quot;C:\home\site\deployments\tools\deploy.cmd&quot;" >
          <step title="Handling Basic Web Site deployment." date="2025-11-12T12:27:14.525" /><!-- duration: 16ms -->
          <step title="Creating app_offline.htm" date="2025-11-12T12:27:15.197" /><!-- duration: 16ms -->
          <step title="KuduSync.NET from: &apos;C:\local\Temp\zipdeploy\extracted&apos; to: &apos;C:\home\site\wwwroot&apos;" date="2025-11-12T12:27:15.213" /><!-- duration: 0ms -->
          <step title="Copying file: &apos;appsettings.Development.json&apos;" date="2025-11-12T12:27:15.229" /><!-- duration: 0ms -->
          <step title="Copying file: &apos;appsettings.json&apos;" date="2025-11-12T12:27:15.244" /><!-- duration: 0ms -->
          <step title="Copying file: &apos;AutoMapper.dll&apos;" date="2025-11-12T12:27:15.260" /><!-- duration: 0ms -->
          <step title="Copying file: &apos;AutoMapper.Extensions.Microsoft.DependencyInjection.dll&apos;" date="2025-11-12T12:27:15.260" /><!-- duration: 16ms -->
          <step title="Copying file: &apos;Azure.Core.dll&apos;" date="2025-11-12T12:27:15.275" /><!-- duration: 16ms -->
          <step title="Copying file: &apos;Azure.Identity.dll&apos;" date="2025-11-12T12:27:15.291" /><!-- duration: 16ms -->
          <step title="Copying file: &apos;BouncyCastle.Crypto.dll&apos;" date="2025-11-12T12:27:15.307" /><!-- duration: 16ms -->
          <step title="Copying file: &apos;FluentValidation.AspNetCore.dll&apos;" date="2025-11-12T12:27:15.322" /><!-- duration: 0ms -->
          <step title="Copying file: &apos;FluentValidation.DependencyInjectionExtensions.dll&apos;" date="2025-11-12T12:27:15.338" /><!-- duration: 0ms -->
          <step title="Copying file: &apos;FluentValidation.dll&apos;" date="2025-11-12T12:27:15.354" /><!-- duration: 0ms -->
          <step title="Copying file: &apos;Google.Apis.Auth.dll&apos;" date="2025-11-12T12:27:15.369" /><!-- duration: 0ms -->
          <step title="Copying file: &apos;Google.Apis.Auth.PlatformServices.dll&apos;" date="2025-11-12T12:27:15.385" /><!-- duration: 0ms -->
          <step title="Copying file: &apos;Google.Apis.Core.dll&apos;" date="2025-11-12T12:27:15.385" /><!-- duration: 16ms -->
          <step title="Copying file: &apos;Google.Apis.dll&apos;" date="2025-11-12T12:27:15.400" /><!-- duration: 16ms -->
          <step title="Copying file: &apos;Hangfire.AspNetCore.dll&apos;" date="2025-11-12T12:27:15.447" /><!-- duration: 0ms -->
          <step title="Copying file: &apos;Hangfire.Core.dll&apos;" date="2025-11-12T12:27:15.463" /><!-- duration: 0ms -->
          <step title="Copying file: &apos;Hangfire.SqlServer.dll&apos;" date="2025-11-12T12:27:15.479" /><!-- duration: 0ms -->
          <step title="Copying file: &apos;MailKit.dll&apos;" date="2025-11-12T12:27:15.479" /><!-- duration: 16ms -->
          <step title="Copying file: &apos;MH.Api.deps.json&apos;" date="2025-11-12T12:27:15.494" /><!-- duration: 16ms -->
          <step title="Copying file: &apos;MH.Api.dll&apos;" date="2025-11-12T12:27:15.510" /><!-- duration: 0ms -->
          <step title="Copying file: &apos;MH.Api.exe&apos;" date="2025-11-12T12:27:15.525" /><!-- duration: 0ms -->
          <step title="Copying file: &apos;MH.Api.pdb&apos;" date="2025-11-12T12:27:15.541" /><!-- duration: 0ms -->
          <step title="Copying file: &apos;MH.Api.runtimeconfig.json&apos;" date="2025-11-12T12:27:15.682" /><!-- duration: 0ms -->
          <step title="Copying file: &apos;MH.Api.staticwebassets.endpoints.json&apos;" date="2025-11-12T12:27:15.697" /><!-- duration: 0ms -->
          <step title="Copying file: &apos;MH.Application.deps.json&apos;" date="2025-11-12T12:27:15.713" /><!-- duration: 0ms -->
          <step title="Copying file: &apos;MH.Application.dll&apos;" date="2025-11-12T12:27:15.729" /><!-- duration: 0ms -->
          <step title="Copying file: &apos;MH.Application.pdb&apos;" date="2025-11-12T12:27:15.744" /><!-- duration: 0ms -->
          <step title="Copying file: &apos;MH.Domain.deps.json&apos;" date="2025-11-12T12:27:15.760" /><!-- duration: 0ms -->
          <step title="Copying file: &apos;MH.Domain.dll&apos;" date="2025-11-12T12:27:15.822" /><!-- duration: 0ms -->
          <step title="Copying file: &apos;MH.Domain.pdb&apos;" date="2025-11-12T12:27:15.838" /><!-- duration: 0ms -->
          <step title="Copying file: &apos;MH.Infrastructure.deps.json&apos;" date="2025-11-12T12:27:15.838" /><!-- duration: 16ms -->
          <step title="Copying file: &apos;MH.Infrastructure.dll&apos;" date="2025-11-12T12:27:15.854" /><!-- duration: 16ms -->
          <step title="Copying file: &apos;MH.Infrastructure.pdb&apos;" date="2025-11-12T12:27:15.869" /><!-- duration: 0ms -->
          <step title="Copying file: &apos;MH.Infrastructure.runtimeconfig.json&apos;" date="2025-11-12T12:27:15.885" /><!-- duration: 0ms -->
          <step title="Copying file: &apos;Microsoft.ApplicationInsights.dll&apos;" date="2025-11-12T12:27:15.900" /><!-- duration: 0ms -->
          <step title="Copying file: &apos;Microsoft.AspNetCore.Authentication.Facebook.dll&apos;" date="2025-11-12T12:27:15.916" /><!-- duration: 0ms -->
          <step title="Copying file: &apos;Microsoft.AspNetCore.Authentication.JwtBearer.dll&apos;" date="2025-11-12T12:27:15.932" /><!-- duration: 0ms -->
          <step title="Copying file: &apos;Microsoft.AspNetCore.Cryptography.Internal.dll&apos;" date="2025-11-12T12:27:15.947" /><!-- duration: 0ms -->
          <step title="Copying file: &apos;Microsoft.AspNetCore.Cryptography.KeyDerivation.dll&apos;" date="2025-11-12T12:27:15.947" /><!-- duration: 16ms -->
          <step title="Copying file: &apos;Microsoft.AspNetCore.Http.Features.dll&apos;" date="2025-11-12T12:27:15.963" /><!-- duration: 16ms -->
          <step title="Copying file: &apos;Microsoft.AspNetCore.Identity.EntityFrameworkCore.dll&apos;" date="2025-11-12T12:27:15.979" /><!-- duration: 0ms -->
          <step title="Copying file: &apos;Microsoft.Bcl.AsyncInterfaces.dll&apos;" date="2025-11-12T12:27:15.994" /><!-- duration: 0ms -->
          <step title="Copying file: &apos;Microsoft.Data.SqlClient.dll&apos;" date="2025-11-12T12:27:16.010" /><!-- duration: 16ms -->
          <step title="Copying file: &apos;Microsoft.EntityFrameworkCore.Abstractions.dll&apos;" date="2025-11-12T12:27:16.041" /><!-- duration: 0ms -->
          <step title="Copying file: &apos;Microsoft.EntityFrameworkCore.dll&apos;" date="2025-11-12T12:27:16.057" /><!-- duration: 0ms -->
          <step title="Copying file: &apos;Microsoft.EntityFrameworkCore.Relational.dll&apos;" date="2025-11-12T12:27:16.072" /><!-- duration: 0ms -->
          <step title="Copying file: &apos;Microsoft.EntityFrameworkCore.SqlServer.dll&apos;" date="2025-11-12T12:27:16.088" /><!-- duration: 0ms -->
          <step title="Copying file: &apos;Microsoft.Extensions.Caching.Abstractions.dll&apos;" date="2025-11-12T12:27:16.088" /><!-- duration: 16ms -->
          <step title="Omitting next output lines..." date="2025-11-12T12:27:16.104" /><!-- duration: 16ms -->
          <step title="Finished successfully." date="2025-11-12T12:27:19.947" /><!-- duration: 0ms -->
        </step><!-- duration: 5547ms -->
        <step title="Build completed succesfully." date="2025-11-12T12:27:20.026" /><!-- duration: 0ms -->
        <step title="Running post deployment command(s)..." date="2025-11-12T12:27:20.072" /><!-- duration: 16ms -->
        <step title="Requesting site restart" date="2025-11-12T12:27:20.151" /><!-- duration: 0ms -->
        <step title="Requesting site restart" date="2025-11-12T12:27:20.151" /><!-- duration: 16ms -->
        <step title="Requesting site restart. Attempt #1" date="2025-11-12T12:27:20.197" /><!-- duration: 16ms -->
        <step title="Requesting site restart. Attempt #1" date="2025-11-12T12:27:20.213" /><!-- duration: 0ms -->
        <step title="Successfully requested a restart. Attempt #1" date="2025-11-12T12:27:20.572" /><!-- duration: 16ms -->
        <step title="Successfully requested a restart. Attempt #1" date="2025-11-12T12:27:20.588" /><!-- duration: 0ms -->
        <step title="Deployment successful. DEPLOYMENTINFO: deploymentPath = OneDeploy, deployer = OneDeploy, os = windows, sku = Free, siteName = NgCanduAPI, siteHostName = ngcanduapi.azurewebsites.net, deploymentStatus = Success" date="2025-11-12T12:27:20.651" /><!-- duration: 0ms -->
        <step title="Purge deployment items" date="2025-11-12T12:27:20.729" >
          <step title="Remove 2b90b951d, Success, received at 11/12/2025 8:43:02 AM" date="2025-11-12T12:27:20.791" /><!-- duration: 16ms -->
        </step><!-- duration: 78ms -->
      </step><!-- duration: 6766ms -->
    </step><!-- duration: 7031ms -->
    <step title="Cleaning up temp files" date="2025-11-12T12:27:20.838" /><!-- duration: 0ms -->
    <step title="Skip function trigger and logicapp sync because function is not enabled." date="2025-11-12T12:27:20.854" /><!-- duration: 0ms -->
  </step><!-- duration: 8188ms -->
  <step title="LockFile &apos;C:\home\site\locks\deployments.lock&apos; released" date="2025-11-12T12:27:20.901" /><!-- duration: 0ms -->
  <step title="Deleting shutdown sentinel file" date="2025-11-12T12:27:20.901" SemaphoreCount="8" /><!-- duration: 16ms -->
</step><!-- duration: 8313ms -->
