<step title="BackgroundTrace" date="2025-11-12T01:47:36.337" instance="22a7da" url="/api/publish" method="POST" >
  <step title="Updating shutdown sentinel last write time" date="2025-11-12T01:47:36.337" SemaphoreCount="7" /><!-- duration: 16ms -->
  <step title="LockFile &apos;C:\home\site\locks\deployments.lock&apos; acquired" date="2025-11-12T01:47:36.353" /><!-- duration: 0ms -->
  <step title="Creating temporary deployment" date="2025-11-12T01:47:36.369" /><!-- duration: 47ms -->
  <step title="Performing fetch based deployment" date="2025-11-12T01:47:36.416" >
    <step title="Fetching changes." date="2025-11-12T01:47:36.478" /><!-- duration: 16ms -->
    <step title="Starting LocalZipHandler" date="2025-11-12T01:47:36.509" /><!-- duration: 0ms -->
    <step title="Cleaning up temp folders from previous zip deployments and extracting pushed zip file C:\local\Temp\zipdeploy\5qnjutfi.zip (25.24 MB) to C:\local\Temp\zipdeploy\extracted" date="2025-11-12T01:47:36.541" /><!-- duration: 16ms -->
    <step title="Cleaning up temp folders from previous zip deployments and extracting pushed zip file C:\local\Temp\zipdeploy\5qnjutfi.zip (25.24 MB) to C:\local\Temp\zipdeploy\extracted" date="2025-11-12T01:47:36.556" >
      <step title="Renaming extractTargetDirectory(C:\local\Temp\zipdeploy\extracted) to tempDirectory(C:\local\Temp\zipdeploy\5du4pscr.dqk)" date="2025-11-12T01:47:36.556" /><!-- duration: 16ms -->
      <step title="Extracting 295 entries to C:\local\Temp\zipdeploy\extracted directory" date="2025-11-12T01:47:36.587" >
        <step title="Extracting to C:\local\Temp\zipdeploy\extracted\appsettings.Development.json ..." date="2025-11-12T01:47:36.587" /><!-- duration: 16ms -->
        <step title="Extracting to C:\local\Temp\zipdeploy\extracted\appsettings.json ..." date="2025-11-12T01:47:36.603" /><!-- duration: 16ms -->
        <step title="Extracting to C:\local\Temp\zipdeploy\extracted\AutoMapper.dll ..." date="2025-11-12T01:47:36.619" /><!-- duration: 0ms -->
        <step title="Extracting to C:\local\Temp\zipdeploy\extracted\AutoMapper.Extensions.Microsoft.DependencyInjection.dll ..." date="2025-11-12T01:47:36.634" /><!-- duration: 0ms -->
        <step title="Extracting to C:\local\Temp\zipdeploy\extracted\Azure.Core.dll ..." date="2025-11-12T01:47:36.634" /><!-- duration: 16ms -->
        <step title="Omitting extracting file traces ..." date="2025-11-12T01:47:36.650" /><!-- duration: 16ms -->
      </step><!-- duration: 984ms -->
    </step><!-- duration: 1016ms -->
    <step title="Before sending BuildRequestReceived status to /api/updatedeploystatus" date="2025-11-12T01:47:37.587" /><!-- duration: 16ms -->
    <step title="DeploymentManager.Deploy(id:784acc646dcf44f4a58572787f73d934)" date="2025-11-12T01:47:37.603" >
      <step title="Collecting changeset information" date="2025-11-12T01:47:37.619" /><!-- duration: 31ms -->
      <step title="Updating submodules" date="2025-11-12T01:47:37.666" >
        <step title="Updating submodules." date="2025-11-12T01:47:37.712" /><!-- duration: 0ms -->
      </step><!-- duration: 62ms -->
      <step title="Preparing deployment for commit id &apos;784acc646d&apos;." date="2025-11-12T01:47:37.775" /><!-- duration: 16ms -->
      <step title="Determining deployment builder" date="2025-11-12T01:47:37.822" >
        <step title="Builder is OneDeployBuilder" date="2025-11-12T01:47:37.822" /><!-- duration: 16ms -->
      </step><!-- duration: 31ms -->
      <step title="Copying SSH keys" date="2025-11-12T01:47:37.869" /><!-- duration: 0ms -->
      <step title="Building" date="2025-11-12T01:47:37.884" >
        <step title="Running build. Project type: OneDeploy" date="2025-11-12T01:47:37.916" /><!-- duration: 16ms -->
        <step title="Copying the manifest" date="2025-11-12T01:47:37.978" /><!-- duration: 0ms -->
        <step title="Clean deploying to C:\home\site\wwwroot" date="2025-11-12T01:47:38.041" /><!-- duration: 16ms -->
        <step title="Generating deployment script." date="2025-11-12T01:47:38.103" /><!-- duration: 0ms -->
        <step title="Generating deployment script" date="2025-11-12T01:47:38.119" >
          <step title="Using cached version of the deployment script for command: -y --no-dot-deployment -r &quot;C:\local\Temp\zipdeploy\extracted&quot; -o &quot;C:\home\site\deployments\tools&quot; --basic --sitePath &quot;C:\local\Temp\zipdeploy\extracted&quot;" date="2025-11-12T01:47:38.134" /><!-- duration: 0ms -->
          <step title="Using cached version of deployment script (command: &apos;azure -y --no-dot-deployment -r &quot;C:\local\Temp\zipdeploy\extracted&quot; -o &quot;C:\home\site\deployments\tools&quot; --basic --sitePath &quot;C:\local\Temp\zipdeploy\extracted&quot;&apos;)." date="2025-11-12T01:47:38.166" /><!-- duration: 0ms -->
        </step><!-- duration: 47ms -->
        <step title="Running deployment command..." date="2025-11-12T01:47:38.228" /><!-- duration: 16ms -->
        <step title="Command: &quot;C:\home\site\deployments\tools\deploy.cmd&quot;" date="2025-11-12T01:47:38.244" /><!-- duration: 0ms -->
        <step title="Executing external process" date="2025-11-12T01:47:38.259" type="process" path="starter.cmd" arguments="&quot;C:\home\site\deployments\tools\deploy.cmd&quot;" >
          <step title="Handling Basic Web Site deployment." date="2025-11-12T01:47:38.384" /><!-- duration: 16ms -->
          <step title="Creating app_offline.htm" date="2025-11-12T01:47:38.884" /><!-- duration: 0ms -->
          <step title="KuduSync.NET from: &apos;C:\local\Temp\zipdeploy\extracted&apos; to: &apos;C:\home\site\wwwroot&apos;" date="2025-11-12T01:47:38.900" /><!-- duration: 0ms -->
          <step title="Copying file: &apos;appsettings.Development.json&apos;" date="2025-11-12T01:47:38.916" /><!-- duration: 0ms -->
          <step title="Copying file: &apos;appsettings.json&apos;" date="2025-11-12T01:47:38.931" /><!-- duration: 0ms -->
          <step title="Copying file: &apos;AutoMapper.dll&apos;" date="2025-11-12T01:47:38.931" /><!-- duration: 16ms -->
          <step title="Copying file: &apos;AutoMapper.Extensions.Microsoft.DependencyInjection.dll&apos;" date="2025-11-12T01:47:38.947" /><!-- duration: 0ms -->
          <step title="Copying file: &apos;Azure.Core.dll&apos;" date="2025-11-12T01:47:38.962" /><!-- duration: 0ms -->
          <step title="Copying file: &apos;Azure.Identity.dll&apos;" date="2025-11-12T01:47:38.994" /><!-- duration: 0ms -->
          <step title="Copying file: &apos;BouncyCastle.Crypto.dll&apos;" date="2025-11-12T01:47:39.010" /><!-- duration: 0ms -->
          <step title="Copying file: &apos;FluentValidation.AspNetCore.dll&apos;" date="2025-11-12T01:47:39.025" /><!-- duration: 0ms -->
          <step title="Copying file: &apos;FluentValidation.DependencyInjectionExtensions.dll&apos;" date="2025-11-12T01:47:39.025" /><!-- duration: 16ms -->
          <step title="Copying file: &apos;FluentValidation.dll&apos;" date="2025-11-12T01:47:39.041" /><!-- duration: 16ms -->
          <step title="Copying file: &apos;Google.Apis.Auth.dll&apos;" date="2025-11-12T01:47:39.056" /><!-- duration: 16ms -->
          <step title="Copying file: &apos;Google.Apis.Auth.PlatformServices.dll&apos;" date="2025-11-12T01:47:39.072" /><!-- duration: 0ms -->
          <step title="Copying file: &apos;Google.Apis.Core.dll&apos;" date="2025-11-12T01:47:39.088" /><!-- duration: 0ms -->
          <step title="Copying file: &apos;Google.Apis.dll&apos;" date="2025-11-12T01:47:39.103" /><!-- duration: 16ms -->
          <step title="Copying file: &apos;Hangfire.AspNetCore.dll&apos;" date="2025-11-12T01:47:39.135" /><!-- duration: 0ms -->
          <step title="Copying file: &apos;Hangfire.Core.dll&apos;" date="2025-11-12T01:47:39.150" /><!-- duration: 0ms -->
          <step title="Copying file: &apos;Hangfire.SqlServer.dll&apos;" date="2025-11-12T01:47:39.150" /><!-- duration: 16ms -->
          <step title="Copying file: &apos;MailKit.dll&apos;" date="2025-11-12T01:47:39.166" /><!-- duration: 16ms -->
          <step title="Copying file: &apos;MH.Api.deps.json&apos;" date="2025-11-12T01:47:39.181" /><!-- duration: 0ms -->
          <step title="Copying file: &apos;MH.Api.dll&apos;" date="2025-11-12T01:47:39.197" /><!-- duration: 0ms -->
          <step title="Copying file: &apos;MH.Api.exe&apos;" date="2025-11-12T01:47:39.213" /><!-- duration: 0ms -->
          <step title="Copying file: &apos;MH.Api.pdb&apos;" date="2025-11-12T01:47:39.228" /><!-- duration: 16ms -->
          <step title="Copying file: &apos;MH.Api.runtimeconfig.json&apos;" date="2025-11-12T01:47:39.260" /><!-- duration: 0ms -->
          <step title="Copying file: &apos;MH.Api.staticwebassets.endpoints.json&apos;" date="2025-11-12T01:47:39.275" /><!-- duration: 0ms -->
          <step title="Copying file: &apos;MH.Application.deps.json&apos;" date="2025-11-12T01:47:39.291" /><!-- duration: 0ms -->
          <step title="Copying file: &apos;MH.Application.dll&apos;" date="2025-11-12T01:47:39.306" /><!-- duration: 0ms -->
          <step title="Copying file: &apos;MH.Application.pdb&apos;" date="2025-11-12T01:47:39.306" /><!-- duration: 16ms -->
          <step title="Copying file: &apos;MH.Domain.deps.json&apos;" date="2025-11-12T01:47:39.322" /><!-- duration: 0ms -->
          <step title="Copying file: &apos;MH.Domain.dll&apos;" date="2025-11-12T01:47:39.353" /><!-- duration: 16ms -->
          <step title="Copying file: &apos;MH.Domain.pdb&apos;" date="2025-11-12T01:47:39.385" /><!-- duration: 0ms -->
          <step title="Copying file: &apos;MH.Infrastructure.deps.json&apos;" date="2025-11-12T01:47:39.400" /><!-- duration: 0ms -->
          <step title="Copying file: &apos;MH.Infrastructure.dll&apos;" date="2025-11-12T01:47:39.400" /><!-- duration: 16ms -->
          <step title="Copying file: &apos;MH.Infrastructure.pdb&apos;" date="2025-11-12T01:47:39.416" /><!-- duration: 31ms -->
          <step title="Copying file: &apos;MH.Infrastructure.runtimeconfig.json&apos;" date="2025-11-12T01:47:39.463" /><!-- duration: 0ms -->
          <step title="Copying file: &apos;Microsoft.ApplicationInsights.dll&apos;" date="2025-11-12T01:47:39.478" /><!-- duration: 0ms -->
          <step title="Copying file: &apos;Microsoft.AspNetCore.Authentication.Facebook.dll&apos;" date="2025-11-12T01:47:39.478" /><!-- duration: 16ms -->
          <step title="Copying file: &apos;Microsoft.AspNetCore.Authentication.JwtBearer.dll&apos;" date="2025-11-12T01:47:39.494" /><!-- duration: 16ms -->
          <step title="Copying file: &apos;Microsoft.AspNetCore.Cryptography.Internal.dll&apos;" date="2025-11-12T01:47:39.510" /><!-- duration: 0ms -->
          <step title="Copying file: &apos;Microsoft.AspNetCore.Cryptography.KeyDerivation.dll&apos;" date="2025-11-12T01:47:39.525" /><!-- duration: 0ms -->
          <step title="Copying file: &apos;Microsoft.AspNetCore.Http.Features.dll&apos;" date="2025-11-12T01:47:39.541" /><!-- duration: 0ms -->
          <step title="Copying file: &apos;Microsoft.AspNetCore.Identity.EntityFrameworkCore.dll&apos;" date="2025-11-12T01:47:39.556" /><!-- duration: 0ms -->
          <step title="Copying file: &apos;Microsoft.Bcl.AsyncInterfaces.dll&apos;" date="2025-11-12T01:47:39.556" /><!-- duration: 16ms -->
          <step title="Copying file: &apos;Microsoft.Data.SqlClient.dll&apos;" date="2025-11-12T01:47:39.572" /><!-- duration: 16ms -->
          <step title="Copying file: &apos;Microsoft.EntityFrameworkCore.Abstractions.dll&apos;" date="2025-11-12T01:47:39.588" /><!-- duration: 16ms -->
          <step title="Copying file: &apos;Microsoft.EntityFrameworkCore.dll&apos;" date="2025-11-12T01:47:39.635" /><!-- duration: 0ms -->
          <step title="Copying file: &apos;Microsoft.EntityFrameworkCore.Relational.dll&apos;" date="2025-11-12T01:47:39.635" /><!-- duration: 16ms -->
          <step title="Copying file: &apos;Microsoft.EntityFrameworkCore.SqlServer.dll&apos;" date="2025-11-12T01:47:39.650" /><!-- duration: 16ms -->
          <step title="Copying file: &apos;Microsoft.Extensions.Caching.Abstractions.dll&apos;" date="2025-11-12T01:47:39.666" /><!-- duration: 0ms -->
          <step title="Omitting next output lines..." date="2025-11-12T01:47:39.681" /><!-- duration: 16ms -->
          <step title="Finished successfully." date="2025-11-12T01:47:42.854" /><!-- duration: 0ms -->
        </step><!-- duration: 4595ms -->
        <step title="Build completed succesfully." date="2025-11-12T01:47:42.901" /><!-- duration: 0ms -->
        <step title="Running post deployment command(s)..." date="2025-11-12T01:47:42.964" /><!-- duration: 0ms -->
        <step title="Requesting site restart" date="2025-11-12T01:47:43.011" /><!-- duration: 0ms -->
        <step title="Requesting site restart" date="2025-11-12T01:47:43.026" /><!-- duration: 0ms -->
        <step title="Requesting site restart. Attempt #1" date="2025-11-12T01:47:43.089" /><!-- duration: 0ms -->
        <step title="Requesting site restart. Attempt #1" date="2025-11-12T01:47:43.089" /><!-- duration: 16ms -->
        <step title="Successfully requested a restart. Attempt #1" date="2025-11-12T01:47:43.464" /><!-- duration: 16ms -->
        <step title="Successfully requested a restart. Attempt #1" date="2025-11-12T01:47:43.479" /><!-- duration: 0ms -->
        <step title="Deployment successful. DEPLOYMENTINFO: deploymentPath = OneDeploy, deployer = OneDeploy, os = windows, sku = Free, siteName = NgCanduAPI, siteHostName = ngcanduapi.azurewebsites.net, deploymentStatus = Success" date="2025-11-12T01:47:43.526" /><!-- duration: 0ms -->
        <step title="Purge deployment items" date="2025-11-12T01:47:43.620" >
          <step title="Remove b1e9c488e, Success, received at 5/22/2023 4:58:19 AM" date="2025-11-12T01:47:43.682" /><!-- duration: 0ms -->
        </step><!-- duration: 78ms -->
      </step><!-- duration: 5845ms -->
    </step><!-- duration: 6126ms -->
    <step title="Cleaning up temp files" date="2025-11-12T01:47:43.729" /><!-- duration: 16ms -->
    <step title="Skip function trigger and logicapp sync because function is not enabled." date="2025-11-12T01:47:43.745" /><!-- duration: 16ms -->
  </step><!-- duration: 7423ms -->
  <step title="LockFile &apos;C:\home\site\locks\deployments.lock&apos; released" date="2025-11-12T01:47:43.854" /><!-- duration: 0ms -->
  <step title="Deleting shutdown sentinel file" date="2025-11-12T01:47:43.854" SemaphoreCount="8" /><!-- duration: 16ms -->
</step><!-- duration: 7532ms -->
