<step title="Incoming Request" date="2025-11-17T12:32:30.802" instance="92ca53" url="/api/publish?type=zip" method="POST" type="request" pid="4268,2,7" Cache-Control="no-cache" Connection="Keep-Alive" Content-Length="24073501" Content-Type="application/octet-stream" Accept="*/*" Accept-Encoding="gzip, deflate" Authorization="Bas..." Host="ngcanduapi.scm.azurewebsites.net" User-Agent="AZURECLI/2.75.0 (MSI)" x-ms-client-request-id="75fd1a99-c3b1-11f0-a7e9-c025a5cfe792" X-ARR-LOG-ID="75fd1a99-c3b1-11f0-a7e9-c025a5cfe792" CLIENT-IP="197.234.156.224:53131" X-SITE-DEPLOYMENT-ID="NgCanduAPI" WAS-DEFAULT-HOSTNAME="ngcanduapi.scm.azurewebsites.net" X-Forwarded-Proto="https" X-AppService-Proto="https" X-Forwarded-TlsVersion="1.3" X-WAWS-Unencoded-URL="/api/publish?type=zip" X-MS-COLDSTART="1" >
  <step title="OneDeploy" date="2025-11-17T12:32:31.333" >
    <step title="Starting PushDeployAsync" date="2025-11-17T12:32:31.364" /><!-- duration: 0ms -->
    <step title="Updating shutdown sentinel last write time" date="2025-11-17T12:32:31.411" SemaphoreCount="7" /><!-- duration: 0ms -->
    <step title="LockFile &apos;C:\home\site\locks\deployments.lock&apos; acquired" date="2025-11-17T12:32:31.427" /><!-- duration: 0ms -->
    <step title="Saving request content to C:\local\Temp\zipdeploy\qo30wjjh.zip" date="2025-11-17T12:32:31.427" >
      <step title="Total 24,073,501 bytes written to C:\local\Temp\zipdeploy\qo30wjjh.zip" date="2025-11-17T12:32:32.210" /><!-- duration: 0ms -->
    </step><!-- duration: 783ms -->
    <step title="LockFile &apos;C:\home\site\locks\deployments.lock&apos; released" date="2025-11-17T12:32:32.225" /><!-- duration: 0ms -->
    <step title="Deleting shutdown sentinel file" date="2025-11-17T12:32:32.241" SemaphoreCount="8" /><!-- duration: 0ms -->
    <step title="Starting FetchDeploy" date="2025-11-17T12:32:32.257" /><!-- duration: 0ms -->
    <step title="Attempting to fetch target branch HEAD" date="2025-11-17T12:32:32.257" /><!-- duration: 16ms -->
    <step title="Updating shutdown sentinel last write time" date="2025-11-17T12:32:32.272" SemaphoreCount="7" /><!-- duration: 16ms -->
    <step title="LockFile &apos;C:\home\site\locks\deployments.lock&apos; acquired" date="2025-11-17T12:32:32.288" /><!-- duration: 0ms -->
    <step title="Performing fetch based deployment" date="2025-11-17T12:32:32.303" >
      <step title="Creating temporary deployment" date="2025-11-17T12:32:32.303" /><!-- duration: 47ms -->
      <step title="Fetching changes." date="2025-11-17T12:32:32.413" /><!-- duration: 0ms -->
      <step title="Starting LocalZipHandler" date="2025-11-17T12:32:32.428" /><!-- duration: 0ms -->
      <step title="Starting LocalZipFetch" date="2025-11-17T12:32:32.444" /><!-- duration: 0ms -->
      <step title="Cleaning up temp folders from previous zip deployments and extracting pushed zip file C:\local\Temp\zipdeploy\qo30wjjh.zip (22.96 MB) to C:\local\Temp\zipdeploy\extracted" date="2025-11-17T12:32:32.460" /><!-- duration: 0ms -->
      <step title="Cleaning up temp folders from previous zip deployments and extracting pushed zip file C:\local\Temp\zipdeploy\qo30wjjh.zip (22.96 MB) to C:\local\Temp\zipdeploy\extracted" date="2025-11-17T12:32:32.460" >
        <step title="Extracting 263 entries to C:\local\Temp\zipdeploy\extracted directory" date="2025-11-17T12:32:32.475" >
          <step title="Extracting to C:\local\Temp\zipdeploy\extracted\ca\Hangfire.Core.resources.dll ..." date="2025-11-17T12:32:32.491" /><!-- duration: 16ms -->
          <step title="Extracting to C:\local\Temp\zipdeploy\extracted\de\Hangfire.Core.resources.dll ..." date="2025-11-17T12:32:32.507" /><!-- duration: 0ms -->
          <step title="Extracting to C:\local\Temp\zipdeploy\extracted\es\Hangfire.Core.resources.dll ..." date="2025-11-17T12:32:32.522" /><!-- duration: 0ms -->
          <step title="Extracting to C:\local\Temp\zipdeploy\extracted\fa\Hangfire.Core.resources.dll ..." date="2025-11-17T12:32:32.522" /><!-- duration: 0ms -->
          <step title="Extracting to C:\local\Temp\zipdeploy\extracted\fr\Hangfire.Core.resources.dll ..." date="2025-11-17T12:32:32.538" /><!-- duration: 0ms -->
          <step title="Omitting extracting file traces ..." date="2025-11-17T12:32:32.538" /><!-- duration: 16ms -->
        </step><!-- duration: 953ms -->
      </step><!-- duration: 969ms -->
      <step title="None repository commit" date="2025-11-17T12:32:33.444" >
        <step title="Commit id: f1e654be9946439b893849df51adc007" date="2025-11-17T12:32:33.444" Message="OneDeploy" AuthorName="N/A" AuthorEmail="N/A" /><!-- duration: 0ms -->
      </step><!-- duration: 16ms -->
      <step title="Before sending BuildRequestReceived status to /api/updatedeploystatus" date="2025-11-17T12:32:33.460" /><!-- duration: 0ms -->
      <step title="DeploymentManager.Deploy(id:f1e654be9946439b893849df51adc007)" date="2025-11-17T12:32:33.475" >
        <step title="Collecting changeset information" date="2025-11-17T12:32:33.475" /><!-- duration: 47ms -->
        <step title="Updating submodules" date="2025-11-17T12:32:33.522" >
          <step title="Updating submodules." date="2025-11-17T12:32:33.569" /><!-- duration: 0ms -->
        </step><!-- duration: 47ms -->
        <step title="Preparing deployment for commit id &apos;f1e654be99&apos;." date="2025-11-17T12:32:33.616" /><!-- duration: 16ms -->
        <step title="Determining deployment builder" date="2025-11-17T12:32:33.663" >
          <step title="Builder is OneDeployBuilder" date="2025-11-17T12:32:33.678" /><!-- duration: 0ms -->
        </step><!-- duration: 16ms -->
        <step title="Copying SSH keys" date="2025-11-17T12:32:33.710" /><!-- duration: 0ms -->
        <step title="Building" date="2025-11-17T12:32:33.710" >
          <step title="Running build. Project type: OneDeploy" date="2025-11-17T12:32:33.757" /><!-- duration: 0ms -->
          <step title="Copying the manifest" date="2025-11-17T12:32:33.803" /><!-- duration: 0ms -->
          <step title="Clean deploying to C:\home\site\wwwroot" date="2025-11-17T12:32:33.866" /><!-- duration: 16ms -->
          <step title="Generating deployment script." date="2025-11-17T12:32:33.928" /><!-- duration: 0ms -->
          <step title="Generating deployment script" date="2025-11-17T12:32:33.944" >
            <step title="Using cached version of the deployment script for command: -y --no-dot-deployment -r &quot;C:\local\Temp\zipdeploy\extracted&quot; -o &quot;C:\home\site\deployments\tools&quot; --basic --sitePath &quot;C:\local\Temp\zipdeploy\extracted&quot;" date="2025-11-17T12:32:33.975" /><!-- duration: 16ms -->
            <step title="Using cached version of deployment script (command: &apos;azure -y --no-dot-deployment -r &quot;C:\local\Temp\zipdeploy\extracted&quot; -o &quot;C:\home\site\deployments\tools&quot; --basic --sitePath &quot;C:\local\Temp\zipdeploy\extracted&quot;&apos;)." date="2025-11-17T12:32:34.007" /><!-- duration: 0ms -->
          </step><!-- duration: 78ms -->
          <step title="Running deployment command..." date="2025-11-17T12:32:34.069" /><!-- duration: 0ms -->
          <step title="Command: &quot;C:\home\site\deployments\tools\deploy.cmd&quot;" date="2025-11-17T12:32:34.085" /><!-- duration: 0ms -->
          <step title="Executing external process" date="2025-11-17T12:32:34.100" type="process" path="starter.cmd" arguments="&quot;C:\home\site\deployments\tools\deploy.cmd&quot;" >
            <step title="Handling Basic Web Site deployment." date="2025-11-17T12:32:34.241" /><!-- duration: 0ms -->
            <step title="Creating app_offline.htm" date="2025-11-17T12:32:34.491" /><!-- duration: 16ms -->
            <step title="KuduSync.NET from: &apos;C:\local\Temp\zipdeploy\extracted&apos; to: &apos;C:\home\site\wwwroot&apos;" date="2025-11-17T12:32:34.522" /><!-- duration: 0ms -->
            <step title="Copying file: &apos;MH.Api.dll&apos;" date="2025-11-17T12:32:34.538" /><!-- duration: 0ms -->
            <step title="Copying file: &apos;MH.Api.exe&apos;" date="2025-11-17T12:32:34.553" /><!-- duration: 0ms -->
            <step title="Copying file: &apos;MH.Api.pdb&apos;" date="2025-11-17T12:32:34.569" /><!-- duration: 16ms -->
            <step title="Copying file: &apos;MH.Application.deps.json&apos;" date="2025-11-17T12:32:34.585" /><!-- duration: 16ms -->
            <step title="Copying file: &apos;MH.Application.dll&apos;" date="2025-11-17T12:32:34.616" /><!-- duration: 0ms -->
            <step title="Copying file: &apos;MH.Application.pdb&apos;" date="2025-11-17T12:32:34.632" /><!-- duration: 0ms -->
            <step title="Copying file: &apos;MH.Domain.deps.json&apos;" date="2025-11-17T12:32:34.647" /><!-- duration: 0ms -->
            <step title="Copying file: &apos;MH.Infrastructure.deps.json&apos;" date="2025-11-17T12:32:34.663" /><!-- duration: 16ms -->
            <step title="Copying file: &apos;MH.Infrastructure.dll&apos;" date="2025-11-17T12:32:34.678" /><!-- duration: 16ms -->
            <step title="Copying file: &apos;MH.Infrastructure.pdb&apos;" date="2025-11-17T12:32:34.694" /><!-- duration: 16ms -->
            <step title="Copying file: &apos;MH.Infrastructure.runtimeconfig.json&apos;" date="2025-11-17T12:32:34.725" /><!-- duration: 0ms -->
            <step title="Copying file: &apos;Microsoft.AspNetCore.Cryptography.Internal.dll&apos;" date="2025-11-17T12:32:34.741" /><!-- duration: 0ms -->
            <step title="Copying file: &apos;Microsoft.AspNetCore.Cryptography.KeyDerivation.dll&apos;" date="2025-11-17T12:32:34.757" /><!-- duration: 0ms -->
            <step title="Copying file: &apos;Microsoft.AspNetCore.Http.Features.dll&apos;" date="2025-11-17T12:32:34.772" /><!-- duration: 0ms -->
            <step title="Copying file: &apos;Microsoft.Extensions.Caching.Abstractions.dll&apos;" date="2025-11-17T12:32:34.788" /><!-- duration: 0ms -->
            <step title="Copying file: &apos;Microsoft.Extensions.Caching.Memory.dll&apos;" date="2025-11-17T12:32:34.803" /><!-- duration: 0ms -->
            <step title="Copying file: &apos;Microsoft.Extensions.Configuration.Abstractions.dll&apos;" date="2025-11-17T12:32:34.819" /><!-- duration: 16ms -->
            <step title="Copying file: &apos;Microsoft.Extensions.DependencyInjection.Abstractions.dll&apos;" date="2025-11-17T12:32:34.835" /><!-- duration: 16ms -->
            <step title="Copying file: &apos;Microsoft.Extensions.DependencyInjection.dll&apos;" date="2025-11-17T12:32:34.850" /><!-- duration: 16ms -->
            <step title="Copying file: &apos;Microsoft.Extensions.Identity.Core.dll&apos;" date="2025-11-17T12:32:34.882" /><!-- duration: 0ms -->
            <step title="Copying file: &apos;Microsoft.Extensions.Identity.Stores.dll&apos;" date="2025-11-17T12:32:34.897" /><!-- duration: 0ms -->
            <step title="Copying file: &apos;Microsoft.Extensions.Logging.Abstractions.dll&apos;" date="2025-11-17T12:32:34.913" /><!-- duration: 0ms -->
            <step title="Copying file: &apos;Microsoft.Extensions.Logging.dll&apos;" date="2025-11-17T12:32:34.928" /><!-- duration: 0ms -->
            <step title="Copying file: &apos;Microsoft.Extensions.Options.dll&apos;" date="2025-11-17T12:32:34.944" /><!-- duration: 0ms -->
            <step title="Copying file: &apos;Microsoft.Extensions.Primitives.dll&apos;" date="2025-11-17T12:32:34.960" /><!-- duration: 16ms -->
            <step title="Copying file: &apos;System.Diagnostics.EventLog.dll&apos;" date="2025-11-17T12:32:34.991" /><!-- duration: 0ms -->
            <step title="Copying file: &apos;System.IO.Pipelines.dll&apos;" date="2025-11-17T12:32:35.007" /><!-- duration: 0ms -->
            <step title="Copying file: &apos;System.Security.Cryptography.Pkcs.dll&apos;" date="2025-11-17T12:32:35.022" /><!-- duration: 0ms -->
            <step title="Copying file: &apos;publish\publish\publish\appsettings.Development.json&apos;" date="2025-11-17T12:32:35.038" /><!-- duration: 16ms -->
            <step title="Copying file: &apos;publish\publish\publish\appsettings.json&apos;" date="2025-11-17T12:32:35.053" /><!-- duration: 16ms -->
            <step title="Copying file: &apos;publish\publish\publish\MH.Api.deps.json&apos;" date="2025-11-17T12:32:35.085" /><!-- duration: 0ms -->
            <step title="Copying file: &apos;publish\publish\publish\MH.Api.runtimeconfig.json&apos;" date="2025-11-17T12:32:35.100" /><!-- duration: 0ms -->
            <step title="Copying file: &apos;publish\publish\publish\MH.Api.staticwebassets.endpoints.json&apos;" date="2025-11-17T12:32:35.116" /><!-- duration: 0ms -->
            <step title="Copying file: &apos;runtimes\win\lib\net6.0\System.Security.Cryptography.Pkcs.dll&apos;" date="2025-11-17T12:32:35.132" /><!-- duration: 0ms -->
            <step title="Copying file: &apos;runtimes\win\lib\net7.0\System.Diagnostics.EventLog.dll&apos;" date="2025-11-17T12:32:35.147" /><!-- duration: 16ms -->
            <step title="Copying file: &apos;runtimes\win\lib\net7.0\System.Diagnostics.EventLog.Messages.dll&apos;" date="2025-11-17T12:32:35.163" /><!-- duration: 16ms -->
            <step title="Copying file: &apos;publish\publish\publish\web.config&apos;" date="2025-11-17T12:32:35.194" /><!-- duration: 0ms -->
            <step title="Deleting app_offline.htm" date="2025-11-17T12:32:35.225" /><!-- duration: 0ms -->
            <step title="Finished successfully." date="2025-11-17T12:32:35.241" /><!-- duration: 0ms -->
          </step><!-- duration: 1156ms -->
          <step title="Build completed succesfully." date="2025-11-17T12:32:35.303" /><!-- duration: 0ms -->
          <step title="Running post deployment command(s)..." date="2025-11-17T12:32:35.350" /><!-- duration: 16ms -->
          <step title="Requesting site restart" date="2025-11-17T12:32:35.413" /><!-- duration: 0ms -->
          <step title="Requesting site restart" date="2025-11-17T12:32:35.428" /><!-- duration: 0ms -->
          <step title="Requesting site restart. Attempt #1" date="2025-11-17T12:32:35.475" /><!-- duration: 0ms -->
          <step title="Requesting site restart. Attempt #1" date="2025-11-17T12:32:35.491" /><!-- duration: 0ms -->
          <step title="Successfully requested a restart. Attempt #1" date="2025-11-17T12:32:35.850" /><!-- duration: 16ms -->
          <step title="Successfully requested a restart. Attempt #1" date="2025-11-17T12:32:35.866" /><!-- duration: 16ms -->
          <step title="Deployment successful. DEPLOYMENTINFO: deploymentPath = OneDeploy, deployer = OneDeploy, os = windows, sku = Free, siteName = NgCanduAPI, siteHostName = ngcanduapi.azurewebsites.net, deploymentStatus = Success" date="2025-11-17T12:32:35.944" /><!-- duration: 0ms -->
          <step title="Purge deployment items" date="2025-11-17T12:32:36.100" >
            <step title="Remove e793ed6a7, Success, received at 11/17/2025 10:06:17 AM" date="2025-11-17T12:32:36.147" /><!-- duration: 16ms -->
          </step><!-- duration: 62ms -->
        </step><!-- duration: 2469ms -->
      </step><!-- duration: 2719ms -->
      <step title="Cleaning up temp files" date="2025-11-17T12:32:36.194" /><!-- duration: 0ms -->
      <step title="Skip function trigger and logicapp sync because function is not enabled." date="2025-11-17T12:32:36.210" /><!-- duration: 0ms -->
    </step><!-- duration: 3953ms -->
    <step title="LockFile &apos;C:\home\site\locks\deployments.lock&apos; released" date="2025-11-17T12:32:36.272" /><!-- duration: 0ms -->
    <step title="Deleting shutdown sentinel file" date="2025-11-17T12:32:36.288" SemaphoreCount="8" /><!-- duration: 0ms -->
  </step><!-- duration: 4955ms -->
  <step title="Outgoing response" date="2025-11-17T12:32:36.319" type="response" statusCode="200" statusText="OK" Server="Microsoft-IIS/10.0" x-ms-request-id="75fd1a99-c3b1-11f0-a7e9-c025a5cfe792" Cache-Control="private" X-AspNet-Version="4.0.30319" /><!-- duration: 0ms -->
</step><!-- duration: 5533ms -->
