<step title="BackgroundTrace" date="2025-11-12T11:03:06.299" instance="22a7da" url="/api/publish" method="POST" >
  <step title="Updating shutdown sentinel last write time" date="2025-11-12T11:03:06.299" SemaphoreCount="7" /><!-- duration: 16ms -->
  <step title="LockFile &apos;C:\home\site\locks\deployments.lock&apos; acquired" date="2025-11-12T11:03:06.315" /><!-- duration: 0ms -->
  <step title="Creating temporary deployment" date="2025-11-12T11:03:06.346" /><!-- duration: 16ms -->
  <step title="Performing fetch based deployment" date="2025-11-12T11:03:06.378" >
    <step title="Fetching changes." date="2025-11-12T11:03:06.409" /><!-- duration: 16ms -->
    <step title="Starting LocalZipHandler" date="2025-11-12T11:03:06.424" /><!-- duration: 16ms -->
    <step title="Cleaning up temp folders from previous zip deployments and extracting pushed zip file C:\local\Temp\zipdeploy\kbyewv2m.zip (25.24 MB) to C:\local\Temp\zipdeploy\extracted" date="2025-11-12T11:03:06.471" /><!-- duration: 16ms -->
    <step title="Cleaning up temp folders from previous zip deployments and extracting pushed zip file C:\local\Temp\zipdeploy\kbyewv2m.zip (25.24 MB) to C:\local\Temp\zipdeploy\extracted" date="2025-11-12T11:03:06.487" >
      <step title="Renaming extractTargetDirectory(C:\local\Temp\zipdeploy\extracted) to tempDirectory(C:\local\Temp\zipdeploy\tvtzkdqj.cfo)" date="2025-11-12T11:03:06.487" /><!-- duration: 16ms -->
      <step title="Extracting 295 entries to C:\local\Temp\zipdeploy\extracted directory" date="2025-11-12T11:03:06.503" >
        <step title="Extracting to C:\local\Temp\zipdeploy\extracted\appsettings.Development.json ..." date="2025-11-12T11:03:06.503" /><!-- duration: 16ms -->
        <step title="Extracting to C:\local\Temp\zipdeploy\extracted\appsettings.json ..." date="2025-11-12T11:03:06.518" /><!-- duration: 0ms -->
        <step title="Extracting to C:\local\Temp\zipdeploy\extracted\AutoMapper.dll ..." date="2025-11-12T11:03:06.534" /><!-- duration: 0ms -->
        <step title="Extracting to C:\local\Temp\zipdeploy\extracted\AutoMapper.Extensions.Microsoft.DependencyInjection.dll ..." date="2025-11-12T11:03:06.549" /><!-- duration: 0ms -->
        <step title="Extracting to C:\local\Temp\zipdeploy\extracted\Azure.Core.dll ..." date="2025-11-12T11:03:06.549" /><!-- duration: 16ms -->
        <step title="Omitting extracting file traces ..." date="2025-11-12T11:03:06.565" /><!-- duration: 16ms -->
      </step><!-- duration: 953ms -->
    </step><!-- duration: 984ms -->
    <step title="Before sending BuildRequestReceived status to /api/updatedeploystatus" date="2025-11-12T11:03:07.471" /><!-- duration: 16ms -->
    <step title="DeploymentManager.Deploy(id:e134460fb1dd4c7297f6ee2fc5ead220)" date="2025-11-12T11:03:07.503" >
      <step title="Collecting changeset information" date="2025-11-12T11:03:07.503" /><!-- duration: 47ms -->
      <step title="Updating submodules" date="2025-11-12T11:03:07.549" >
        <step title="Updating submodules." date="2025-11-12T11:03:07.596" /><!-- duration: 0ms -->
      </step><!-- duration: 47ms -->
      <step title="Preparing deployment for commit id &apos;e134460fb1&apos;." date="2025-11-12T11:03:07.659" /><!-- duration: 0ms -->
      <step title="Determining deployment builder" date="2025-11-12T11:03:07.706" >
        <step title="Builder is OneDeployBuilder" date="2025-11-12T11:03:07.706" /><!-- duration: 0ms -->
      </step><!-- duration: 16ms -->
      <step title="Copying SSH keys" date="2025-11-12T11:03:07.753" /><!-- duration: 0ms -->
      <step title="Building" date="2025-11-12T11:03:07.768" >
        <step title="Running build. Project type: OneDeploy" date="2025-11-12T11:03:07.799" /><!-- duration: 0ms -->
        <step title="Copying the manifest" date="2025-11-12T11:03:07.846" /><!-- duration: 16ms -->
        <step title="Clean deploying to C:\home\site\wwwroot" date="2025-11-12T11:03:07.924" /><!-- duration: 0ms -->
        <step title="Generating deployment script." date="2025-11-12T11:03:07.971" /><!-- duration: 0ms -->
        <step title="Generating deployment script" date="2025-11-12T11:03:07.987" >
          <step title="Using cached version of the deployment script for command: -y --no-dot-deployment -r &quot;C:\local\Temp\zipdeploy\extracted&quot; -o &quot;C:\home\site\deployments\tools&quot; --basic --sitePath &quot;C:\local\Temp\zipdeploy\extracted&quot;" date="2025-11-12T11:03:08.003" /><!-- duration: 0ms -->
          <step title="Using cached version of deployment script (command: &apos;azure -y --no-dot-deployment -r &quot;C:\local\Temp\zipdeploy\extracted&quot; -o &quot;C:\home\site\deployments\tools&quot; --basic --sitePath &quot;C:\local\Temp\zipdeploy\extracted&quot;&apos;)." date="2025-11-12T11:03:08.034" /><!-- duration: 0ms -->
        </step><!-- duration: 47ms -->
        <step title="Running deployment command..." date="2025-11-12T11:03:08.081" /><!-- duration: 0ms -->
        <step title="Command: &quot;C:\home\site\deployments\tools\deploy.cmd&quot;" date="2025-11-12T11:03:08.128" /><!-- duration: 0ms -->
        <step title="Executing external process" date="2025-11-12T11:03:08.128" type="process" path="starter.cmd" arguments="&quot;C:\home\site\deployments\tools\deploy.cmd&quot;" >
          <step title="Handling Basic Web Site deployment." date="2025-11-12T11:03:08.253" /><!-- duration: 0ms -->
          <step title="Creating app_offline.htm" date="2025-11-12T11:03:08.706" /><!-- duration: 16ms -->
          <step title="KuduSync.NET from: &apos;C:\local\Temp\zipdeploy\extracted&apos; to: &apos;C:\home\site\wwwroot&apos;" date="2025-11-12T11:03:08.722" /><!-- duration: 16ms -->
          <step title="Copying file: &apos;appsettings.Development.json&apos;" date="2025-11-12T11:03:08.738" /><!-- duration: 16ms -->
          <step title="Copying file: &apos;appsettings.json&apos;" date="2025-11-12T11:03:08.753" /><!-- duration: 16ms -->
          <step title="Copying file: &apos;AutoMapper.dll&apos;" date="2025-11-12T11:03:08.769" /><!-- duration: 0ms -->
          <step title="Copying file: &apos;AutoMapper.Extensions.Microsoft.DependencyInjection.dll&apos;" date="2025-11-12T11:03:08.784" /><!-- duration: 0ms -->
          <step title="Copying file: &apos;Azure.Core.dll&apos;" date="2025-11-12T11:03:08.800" /><!-- duration: 0ms -->
          <step title="Copying file: &apos;Azure.Identity.dll&apos;" date="2025-11-12T11:03:08.816" /><!-- duration: 0ms -->
          <step title="Copying file: &apos;BouncyCastle.Crypto.dll&apos;" date="2025-11-12T11:03:08.831" /><!-- duration: 0ms -->
          <step title="Copying file: &apos;FluentValidation.AspNetCore.dll&apos;" date="2025-11-12T11:03:08.831" /><!-- duration: 16ms -->
          <step title="Copying file: &apos;FluentValidation.DependencyInjectionExtensions.dll&apos;" date="2025-11-12T11:03:08.847" /><!-- duration: 31ms -->
          <step title="Copying file: &apos;FluentValidation.dll&apos;" date="2025-11-12T11:03:08.878" /><!-- duration: 0ms -->
          <step title="Copying file: &apos;Google.Apis.Auth.dll&apos;" date="2025-11-12T11:03:08.894" /><!-- duration: 0ms -->
          <step title="Copying file: &apos;Google.Apis.Auth.PlatformServices.dll&apos;" date="2025-11-12T11:03:08.909" /><!-- duration: 0ms -->
          <step title="Copying file: &apos;Google.Apis.Core.dll&apos;" date="2025-11-12T11:03:08.925" /><!-- duration: 0ms -->
          <step title="Copying file: &apos;Google.Apis.dll&apos;" date="2025-11-12T11:03:08.925" /><!-- duration: 16ms -->
          <step title="Copying file: &apos;Hangfire.AspNetCore.dll&apos;" date="2025-11-12T11:03:08.941" /><!-- duration: 16ms -->
          <step title="Copying file: &apos;Hangfire.Core.dll&apos;" date="2025-11-12T11:03:08.956" /><!-- duration: 0ms -->
          <step title="Copying file: &apos;Hangfire.SqlServer.dll&apos;" date="2025-11-12T11:03:08.972" /><!-- duration: 0ms -->
          <step title="Copying file: &apos;MailKit.dll&apos;" date="2025-11-12T11:03:09.003" /><!-- duration: 0ms -->
          <step title="Copying file: &apos;MH.Api.deps.json&apos;" date="2025-11-12T11:03:09.019" /><!-- duration: 0ms -->
          <step title="Copying file: &apos;MH.Api.dll&apos;" date="2025-11-12T11:03:09.034" /><!-- duration: 0ms -->
          <step title="Copying file: &apos;MH.Api.exe&apos;" date="2025-11-12T11:03:09.050" /><!-- duration: 0ms -->
          <step title="Copying file: &apos;MH.Api.pdb&apos;" date="2025-11-12T11:03:09.066" /><!-- duration: 0ms -->
          <step title="Copying file: &apos;MH.Api.runtimeconfig.json&apos;" date="2025-11-12T11:03:09.081" /><!-- duration: 0ms -->
          <step title="Copying file: &apos;MH.Api.staticwebassets.endpoints.json&apos;" date="2025-11-12T11:03:09.097" /><!-- duration: 0ms -->
          <step title="Copying file: &apos;MH.Application.deps.json&apos;" date="2025-11-12T11:03:09.113" /><!-- duration: 0ms -->
          <step title="Copying file: &apos;MH.Application.dll&apos;" date="2025-11-12T11:03:09.128" /><!-- duration: 0ms -->
          <step title="Copying file: &apos;MH.Application.pdb&apos;" date="2025-11-12T11:03:09.144" /><!-- duration: 0ms -->
          <step title="Copying file: &apos;MH.Domain.deps.json&apos;" date="2025-11-12T11:03:09.159" /><!-- duration: 0ms -->
          <step title="Copying file: &apos;MH.Domain.dll&apos;" date="2025-11-12T11:03:09.175" /><!-- duration: 0ms -->
          <step title="Copying file: &apos;MH.Domain.pdb&apos;" date="2025-11-12T11:03:09.191" /><!-- duration: 0ms -->
          <step title="Copying file: &apos;MH.Infrastructure.deps.json&apos;" date="2025-11-12T11:03:09.191" /><!-- duration: 16ms -->
          <step title="Copying file: &apos;MH.Infrastructure.dll&apos;" date="2025-11-12T11:03:09.206" /><!-- duration: 16ms -->
          <step title="Copying file: &apos;MH.Infrastructure.pdb&apos;" date="2025-11-12T11:03:09.222" /><!-- duration: 0ms -->
          <step title="Copying file: &apos;MH.Infrastructure.runtimeconfig.json&apos;" date="2025-11-12T11:03:09.238" /><!-- duration: 0ms -->
          <step title="Copying file: &apos;Microsoft.ApplicationInsights.dll&apos;" date="2025-11-12T11:03:09.253" /><!-- duration: 0ms -->
          <step title="Copying file: &apos;Microsoft.AspNetCore.Authentication.Facebook.dll&apos;" date="2025-11-12T11:03:09.269" /><!-- duration: 0ms -->
          <step title="Copying file: &apos;Microsoft.AspNetCore.Authentication.JwtBearer.dll&apos;" date="2025-11-12T11:03:09.284" /><!-- duration: 0ms -->
          <step title="Copying file: &apos;Microsoft.AspNetCore.Cryptography.Internal.dll&apos;" date="2025-11-12T11:03:09.300" /><!-- duration: 0ms -->
          <step title="Copying file: &apos;Microsoft.AspNetCore.Cryptography.KeyDerivation.dll&apos;" date="2025-11-12T11:03:09.316" /><!-- duration: 0ms -->
          <step title="Copying file: &apos;Microsoft.AspNetCore.Http.Features.dll&apos;" date="2025-11-12T11:03:09.316" /><!-- duration: 16ms -->
          <step title="Copying file: &apos;Microsoft.AspNetCore.Identity.EntityFrameworkCore.dll&apos;" date="2025-11-12T11:03:09.331" /><!-- duration: 16ms -->
          <step title="Copying file: &apos;Microsoft.Bcl.AsyncInterfaces.dll&apos;" date="2025-11-12T11:03:09.347" /><!-- duration: 0ms -->
          <step title="Copying file: &apos;Microsoft.Data.SqlClient.dll&apos;" date="2025-11-12T11:03:09.363" /><!-- duration: 0ms -->
          <step title="Copying file: &apos;Microsoft.EntityFrameworkCore.Abstractions.dll&apos;" date="2025-11-12T11:03:09.378" /><!-- duration: 0ms -->
          <step title="Copying file: &apos;Microsoft.EntityFrameworkCore.dll&apos;" date="2025-11-12T11:03:09.394" /><!-- duration: 0ms -->
          <step title="Copying file: &apos;Microsoft.EntityFrameworkCore.Relational.dll&apos;" date="2025-11-12T11:03:09.409" /><!-- duration: 0ms -->
          <step title="Copying file: &apos;Microsoft.EntityFrameworkCore.SqlServer.dll&apos;" date="2025-11-12T11:03:09.425" /><!-- duration: 0ms -->
          <step title="Copying file: &apos;Microsoft.Extensions.Caching.Abstractions.dll&apos;" date="2025-11-12T11:03:09.425" /><!-- duration: 16ms -->
          <step title="Omitting next output lines..." date="2025-11-12T11:03:09.456" /><!-- duration: 16ms -->
          <step title="Finished successfully." date="2025-11-12T11:03:12.503" /><!-- duration: 16ms -->
        </step><!-- duration: 4391ms -->
        <step title="Build completed succesfully." date="2025-11-12T11:03:12.581" /><!-- duration: 0ms -->
        <step title="Running post deployment command(s)..." date="2025-11-12T11:03:12.613" /><!-- duration: 16ms -->
        <step title="Requesting site restart" date="2025-11-12T11:03:12.691" /><!-- duration: 0ms -->
        <step title="Requesting site restart" date="2025-11-12T11:03:12.706" /><!-- duration: 0ms -->
        <step title="Requesting site restart. Attempt #1" date="2025-11-12T11:03:12.738" /><!-- duration: 16ms -->
        <step title="Requesting site restart. Attempt #1" date="2025-11-12T11:03:12.753" /><!-- duration: 0ms -->
        <step title="Successfully requested a restart. Attempt #1" date="2025-11-12T11:03:12.847" /><!-- duration: 0ms -->
        <step title="Successfully requested a restart. Attempt #1" date="2025-11-12T11:03:12.847" /><!-- duration: 16ms -->
        <step title="Deployment successful. DEPLOYMENTINFO: deploymentPath = OneDeploy, deployer = OneDeploy, os = windows, sku = Free, siteName = NgCanduAPI, siteHostName = ngcanduapi.azurewebsites.net, deploymentStatus = Success" date="2025-11-12T11:03:12.894" /><!-- duration: 0ms -->
        <step title="Purge deployment items" date="2025-11-12T11:03:12.988" >
          <step title="Remove 661d1b00c, Success, received at 10/20/2025 1:44:36 PM" date="2025-11-12T11:03:13.113" /><!-- duration: 0ms -->
        </step><!-- duration: 125ms -->
      </step><!-- duration: 5376ms -->
    </step><!-- duration: 5641ms -->
    <step title="Cleaning up temp files" date="2025-11-12T11:03:13.144" /><!-- duration: 16ms -->
    <step title="Skip function trigger and logicapp sync because function is not enabled." date="2025-11-12T11:03:13.159" /><!-- duration: 0ms -->
  </step><!-- duration: 6813ms -->
  <step title="LockFile &apos;C:\home\site\locks\deployments.lock&apos; released" date="2025-11-12T11:03:13.191" /><!-- duration: 0ms -->
  <step title="Deleting shutdown sentinel file" date="2025-11-12T11:03:13.206" SemaphoreCount="8" /><!-- duration: 0ms -->
</step><!-- duration: 6907ms -->
