<step title="Incoming Request" date="2025-11-12T11:23:32.157" instance="22a7da" url="/api/publish?async=true&amp;deployer=GITHUB_ONE_DEPLOY&amp;type=zip&amp;message=%7B%22type%22%3A%22deployment%22%2C%22sha%22%3A%22d58d7632b3b3a00a2a6c61275d4ee9b1fa6002e5%22%2C%22repoName%22%3A%22daedalusdigital-za%2FNCD-API%22%2C%22actor%22%3A%22daedalusdigital-za%22%2C%22slotName%22%3A%22Production%22%2C%22commitMessage%22%3A%22fix%3A%20Remove%20incorrect%20MaxLength%20constraints%20on%20nvarchar(MAX)%20fields%20in%20TrainerConfiguration%22%7D" method="POST" type="request" pid="9884,2,16" Transfer-Encoding="chunked" Content-Type="application/octet-stream" Authorization="Bas..." Cookie="ARRAffinity=22a7daa836b64a8ce56c907737553d08297ff2e76cd06a1f52c29956b9a85c17;Path=/;HttpOnly;Secure;Domain=ngcanduapi.scm.azurewebsites.net; ARRAffinitySameSite=22a7daa836b64a8ce56c907737553d08297ff2e76cd06a1f52c29956b9a85c17;Path=/;HttpOnly;SameSite=None;Secure;Domain=ngcanduapi.scm.azurewebsites.net" Host="ngcanduapi.scm.azurewebsites.net" User-Agent="GITHUBACTIONS_DeployWebAppToAzure_911ad8e07dd1095a617b283f0e1b400847f2d2bffc6e1de6b85a1cbb3aaec3dc" X-ARR-LOG-ID="f81eaecf-c23f-41fc-9e8a-636629e3ac80" CLIENT-IP="64.236.169.113:10248" X-SITE-DEPLOYMENT-ID="NgCanduAPI" WAS-DEFAULT-HOSTNAME="ngcanduapi.scm.azurewebsites.net" X-Forwarded-Proto="https" X-AppService-Proto="https" X-Forwarded-TlsVersion="1.3" X-WAWS-Unencoded-URL="/api/publish?async=true&amp;deployer=GITHUB_ONE_DEPLOY&amp;type=zip&amp;message=%7B%22type%22%3A%22deployment%22%2C%22sha%22%3A%22d58d7632b3b3a00a2a6c61275d4ee9b1fa6002e5%22%2C%22repoName%22%3A%22daedalusdigital-za%2FNCD-API%22%2C%22actor%22%3A%22daedalusdigital-za%22%2C%22slotName%22%3A%22Production%22%2C%22commitMessage%22%3A%22fix%3A%20Remove%20incorrect%20MaxLength%20constraints%20on%20nvarchar(MAX)%20fields%20in%20TrainerConfiguration%22%7D" >
  <step title="OneDeploy" date="2025-11-12T11:23:32.188" >
    <step title="Starting PushDeployAsync" date="2025-11-12T11:23:32.204" /><!-- duration: 0ms -->
    <step title="Updating shutdown sentinel last write time" date="2025-11-12T11:23:32.220" SemaphoreCount="7" /><!-- duration: 0ms -->
    <step title="LockFile &apos;C:\home\site\locks\deployments.lock&apos; acquired" date="2025-11-12T11:23:32.220" /><!-- duration: 16ms -->
    <step title="Saving request content to C:\local\Temp\zipdeploy\mluexige.zip" date="2025-11-12T11:23:32.235" >
      <step title="Total 26,465,225 bytes written to C:\local\Temp\zipdeploy\mluexige.zip" date="2025-11-12T11:23:32.423" /><!-- duration: 0ms -->
    </step><!-- duration: 188ms -->
    <step title="LockFile &apos;C:\home\site\locks\deployments.lock&apos; released" date="2025-11-12T11:23:32.438" /><!-- duration: 0ms -->
    <step title="Deleting shutdown sentinel file" date="2025-11-12T11:23:32.454" SemaphoreCount="8" /><!-- duration: 0ms -->
    <step title="Starting FetchDeploy" date="2025-11-12T11:23:32.454" /><!-- duration: 0ms -->
    <step title="Start deployment in the background" date="2025-11-12T11:23:32.470" /><!-- duration: 63ms -->
  </step><!-- duration: 344ms -->
  <step title="Outgoing response" date="2025-11-12T11:23:32.548" type="response" statusCode="202" statusText="Accepted" Server="Microsoft-IIS/10.0" x-ms-request-id="f81eaecf-c23f-41fc-9e8a-636629e3ac80" Retry-After="30" Cache-Control="private" X-AspNet-Version="4.0.30319" Location="https://ngcanduapi.scm.azurewebsites.net/api/deployments/latest?deployer=OneDeploy&amp;time=2025-11-12_11-23-32Z" /><!-- duration: 0ms -->
</step><!-- duration: 406ms -->
