<step title="BackgroundTrace" date="2025-11-17T11:38:52.238" instance="92ca53" url="/api/publish" method="POST" >
  <step title="Updating shutdown sentinel last write time" date="2025-11-17T11:38:52.238" SemaphoreCount="7" /><!-- duration: 0ms -->
  <step title="LockFile &apos;C:\home\site\locks\deployments.lock&apos; acquired" date="2025-11-17T11:38:52.254" /><!-- duration: 0ms -->
  <step title="Creating temporary deployment" date="2025-11-17T11:38:52.269" /><!-- duration: 47ms -->
  <step title="Performing fetch based deployment" date="2025-11-17T11:38:52.316" >
    <step title="Fetching changes." date="2025-11-17T11:38:52.379" /><!-- duration: 16ms -->
    <step title="Starting LocalZipHandler" date="2025-11-17T11:38:52.410" /><!-- duration: 0ms -->
    <step title="Cleaning up temp folders from previous zip deployments and extracting pushed zip file C:\local\Temp\zipdeploy\iivhrjat.zip (18.06 MB) to C:\local\Temp\zipdeploy\extracted" date="2025-11-17T11:38:52.472" /><!-- duration: 0ms -->
    <step title="Cleaning up temp folders from previous zip deployments and extracting pushed zip file C:\local\Temp\zipdeploy\iivhrjat.zip (18.06 MB) to C:\local\Temp\zipdeploy\extracted" date="2025-11-17T11:38:52.472" /><!-- duration: 3766ms -->
    <step title="End of Central Directory record could not be found. DEPLOYMENTINFO: deploymentPath = OneDeploy, deployer = OneDeploy, os = windows, sku = Free, siteName = NgCanduAPI, siteHostName = ngcanduapi.azurewebsites.net, deploymentStatus = Error" date="2025-11-17T11:38:56.238" /><!-- duration: 16ms -->
  </step><!-- duration: 3984ms -->
  <step title="LockFile &apos;C:\home\site\locks\deployments.lock&apos; released" date="2025-11-17T11:38:56.300" /><!-- duration: 16ms -->
  <step title="Deleting shutdown sentinel file" date="2025-11-17T11:38:56.316" SemaphoreCount="8" /><!-- duration: 0ms -->
  <step title="Error occurred" date="2025-11-17T11:38:56.379" type="error" text="One or more errors occurred." stackTrace="   at System.Threading.Tasks.Task.ThrowIfExceptional(Boolean includeTaskCanceledExceptions)
   at System.Threading.Tasks.Task.Wait(Int32 millisecondsTimeout, CancellationToken cancellationToken)
   at Kudu.Core.Deployment.FetchDeploymentManager.&lt;&gt;c__DisplayClass12_1.&lt;PerformBackgroundDeployment&gt;b__3()
   at Kudu.Contracts.Infrastructure.LockExtensions.TryLockOperation(IOperationLock lockObj, Action operation, String operationName, TimeSpan timeout)
   at Kudu.Contracts.Infrastructure.LockExtensions.LockOperation(IOperationLock lockObj, Action operation, String operationName, TimeSpan timeout)
   at Kudu.Core.Deployment.FetchDeploymentManager.&lt;&gt;c__DisplayClass12_0.&lt;PerformBackgroundDeployment&gt;b__1()" innerText="End of Central Directory record could not be found." innerStackTrace="   at System.IO.Compression.ZipArchive.ReadEndOfCentralDirectory()
   at System.IO.Compression.ZipArchive.Init(Stream stream, ZipArchiveMode mode, Boolean leaveOpen)
   at System.IO.Compression.ZipArchive..ctor(Stream stream, ZipArchiveMode mode, Boolean leaveOpen, Encoding entryNameEncoding)
   at Kudu.Services.Deployment.PushDeploymentController.&lt;&gt;c__DisplayClass23_0.&lt;LocalZipFetch&gt;b__1() in C:\__w\1\s\Kudu.Services\Deployment\PushDeploymentController.cs:line 902
   at System.Threading.Tasks.Task.InnerInvoke()
   at System.Threading.Tasks.Task.Execute()
--- End of stack trace from previous location where exception was thrown ---
   at System.Runtime.CompilerServices.TaskAwaiter.ThrowForNonSuccess(Task task)
   at System.Runtime.CompilerServices.TaskAwaiter.HandleNonSuccessAndDebuggerNotification(Task task)
   at Kudu.Services.Deployment.PushDeploymentController.&lt;LocalZipFetch&gt;d__23.MoveNext() in C:\__w\1\s\Kudu.Services\Deployment\PushDeploymentController.cs:line 908
--- End of stack trace from previous location where exception was thrown ---
   at System.Runtime.CompilerServices.TaskAwaiter.ThrowForNonSuccess(Task task)
   at System.Runtime.CompilerServices.TaskAwaiter.HandleNonSuccessAndDebuggerNotification(Task task)
   at Kudu.Services.Deployment.PushDeploymentController.&lt;LocalZipHandler&gt;d__18.MoveNext() in C:\__w\1\s\Kudu.Services\Deployment\PushDeploymentController.cs:line 676
--- End of stack trace from previous location where exception was thrown ---
   at System.Runtime.CompilerServices.TaskAwaiter.ThrowForNonSuccess(Task task)
   at System.Runtime.CompilerServices.TaskAwaiter.HandleNonSuccessAndDebuggerNotification(Task task)
   at Kudu.Core.Deployment.FetchDeploymentManager.&lt;PerformDeployment&gt;d__9.MoveNext()
--- End of stack trace from previous location where exception was thrown ---
   at System.Runtime.ExceptionServices.ExceptionDispatchInfo.Throw()
   at Kudu.Core.Deployment.FetchDeploymentManager.&lt;PerformDeployment&gt;d__9.MoveNext()" /><!-- duration: 0ms -->
</step><!-- duration: 4141ms -->
