<step title="BackgroundTrace" date="2025-11-14T12:44:26.586" instance="92ca53" url="/api/publish" method="POST" >
  <step title="Updating shutdown sentinel last write time" date="2025-11-14T12:44:26.601" SemaphoreCount="7" /><!-- duration: 0ms -->
  <step title="LockFile &apos;C:\home\site\locks\deployments.lock&apos; acquired" date="2025-11-14T12:44:26.601" /><!-- duration: 16ms -->
  <step title="Creating temporary deployment" date="2025-11-14T12:44:26.617" /><!-- duration: 47ms -->
  <step title="Performing fetch based deployment" date="2025-11-14T12:44:26.679" >
    <step title="Fetching changes." date="2025-11-14T12:44:26.742" /><!-- duration: 16ms -->
    <step title="Starting LocalZipHandler" date="2025-11-14T12:44:26.773" /><!-- duration: 0ms -->
    <step title="Cleaning up temp folders from previous zip deployments and extracting pushed zip file C:\local\Temp\zipdeploy\zcn3w1oq.zip (22.28 MB) to C:\local\Temp\zipdeploy\extracted" date="2025-11-14T12:44:26.804" /><!-- duration: 0ms -->
    <step title="Cleaning up temp folders from previous zip deployments and extracting pushed zip file C:\local\Temp\zipdeploy\zcn3w1oq.zip (22.28 MB) to C:\local\Temp\zipdeploy\extracted" date="2025-11-14T12:44:26.804" >
      <step title="Extracting 245 entries to C:\local\Temp\zipdeploy\extracted directory" date="2025-11-14T12:44:26.820" >
        <step title="Extracting to C:\local\Temp\zipdeploy\extracted\ca\Hangfire.Core.resources.dll ..." date="2025-11-14T12:44:26.836" /><!-- duration: 16ms -->
        <step title="Extracting to C:\local\Temp\zipdeploy\extracted\de\Hangfire.Core.resources.dll ..." date="2025-11-14T12:44:26.851" /><!-- duration: 16ms -->
        <step title="Extracting to C:\local\Temp\zipdeploy\extracted\es\Hangfire.Core.resources.dll ..." date="2025-11-14T12:44:26.883" /><!-- duration: 0ms -->
        <step title="Extracting to C:\local\Temp\zipdeploy\extracted\fa\Hangfire.Core.resources.dll ..." date="2025-11-14T12:44:26.883" /><!-- duration: 16ms -->
        <step title="Extracting to C:\local\Temp\zipdeploy\extracted\fr\Hangfire.Core.resources.dll ..." date="2025-11-14T12:44:26.898" /><!-- duration: 16ms -->
        <step title="Omitting extracting file traces ..." date="2025-11-14T12:44:26.914" /><!-- duration: 0ms -->
      </step><!-- duration: 938ms -->
    </step><!-- duration: 953ms -->
    <step title="Before sending BuildRequestReceived status to /api/updatedeploystatus" date="2025-11-14T12:44:27.758" /><!-- duration: 16ms -->
    <step title="DeploymentManager.Deploy(id:151c2eaca36f481bb79ead0480509181)" date="2025-11-14T12:44:27.773" >
      <step title="Collecting changeset information" date="2025-11-14T12:44:27.789" /><!-- duration: 31ms -->
      <step title="Updating submodules" date="2025-11-14T12:44:27.836" >
        <step title="Updating submodules." date="2025-11-14T12:44:27.883" /><!-- duration: 0ms -->
      </step><!-- duration: 47ms -->
      <step title="Preparing deployment for commit id &apos;151c2eaca3&apos;." date="2025-11-14T12:44:27.929" /><!-- duration: 16ms -->
      <step title="Determining deployment builder" date="2025-11-14T12:44:27.976" >
        <step title="Builder is OneDeployBuilder" date="2025-11-14T12:44:27.976" /><!-- duration: 16ms -->
      </step><!-- duration: 16ms -->
      <step title="Copying SSH keys" date="2025-11-14T12:44:28.008" /><!-- duration: 16ms -->
      <step title="Building" date="2025-11-14T12:44:28.023" >
        <step title="Running build. Project type: OneDeploy" date="2025-11-14T12:44:28.070" /><!-- duration: 0ms -->
        <step title="Copying the manifest" date="2025-11-14T12:44:28.117" /><!-- duration: 0ms -->
        <step title="Clean deploying to C:\home\site\wwwroot" date="2025-11-14T12:44:28.179" /><!-- duration: 0ms -->
        <step title="Generating deployment script." date="2025-11-14T12:44:28.226" /><!-- duration: 0ms -->
        <step title="Generating deployment script" date="2025-11-14T12:44:28.242" >
          <step title="Using cached version of the deployment script for command: -y --no-dot-deployment -r &quot;C:\local\Temp\zipdeploy\extracted&quot; -o &quot;C:\home\site\deployments\tools&quot; --basic --sitePath &quot;C:\local\Temp\zipdeploy\extracted&quot;" date="2025-11-14T12:44:28.289" /><!-- duration: 0ms -->
          <step title="Using cached version of deployment script (command: &apos;azure -y --no-dot-deployment -r &quot;C:\local\Temp\zipdeploy\extracted&quot; -o &quot;C:\home\site\deployments\tools&quot; --basic --sitePath &quot;C:\local\Temp\zipdeploy\extracted&quot;&apos;)." date="2025-11-14T12:44:28.304" /><!-- duration: 0ms -->
        </step><!-- duration: 78ms -->
        <step title="Running deployment command..." date="2025-11-14T12:44:28.351" /><!-- duration: 16ms -->
        <step title="Command: &quot;C:\home\site\deployments\tools\deploy.cmd&quot;" date="2025-11-14T12:44:28.367" /><!-- duration: 0ms -->
        <step title="Executing external process" date="2025-11-14T12:44:28.383" type="process" path="starter.cmd" arguments="&quot;C:\home\site\deployments\tools\deploy.cmd&quot;" >
          <step title="Handling Basic Web Site deployment." date="2025-11-14T12:44:28.508" /><!-- duration: 16ms -->
          <step title="Creating app_offline.htm" date="2025-11-14T12:44:31.570" /><!-- duration: 16ms -->
          <step title="KuduSync.NET from: &apos;C:\local\Temp\zipdeploy\extracted&apos; to: &apos;C:\home\site\wwwroot&apos;" date="2025-11-14T12:44:31.601" /><!-- duration: 0ms -->
          <step title="Copying file: &apos;MH.Api.dll&apos;" date="2025-11-14T12:44:31.617" /><!-- duration: 0ms -->
          <step title="Copying file: &apos;MH.Api.exe&apos;" date="2025-11-14T12:44:31.633" /><!-- duration: 0ms -->
          <step title="Copying file: &apos;MH.Api.pdb&apos;" date="2025-11-14T12:44:31.648" /><!-- duration: 0ms -->
          <step title="Copying file: &apos;MH.Api.runtimeconfig.json&apos;" date="2025-11-14T12:44:31.648" /><!-- duration: 16ms -->
          <step title="Copying file: &apos;MH.Application.dll&apos;" date="2025-11-14T12:44:31.664" /><!-- duration: 16ms -->
          <step title="Copying file: &apos;MH.Application.pdb&apos;" date="2025-11-14T12:44:31.679" /><!-- duration: 16ms -->
          <step title="Copying file: &apos;MH.Domain.dll&apos;" date="2025-11-14T12:44:31.695" /><!-- duration: 16ms -->
          <step title="Copying file: &apos;MH.Domain.pdb&apos;" date="2025-11-14T12:44:31.726" /><!-- duration: 0ms -->
          <step title="Copying file: &apos;MH.Infrastructure.dll&apos;" date="2025-11-14T12:44:31.742" /><!-- duration: 0ms -->
          <step title="Copying file: &apos;MH.Infrastructure.pdb&apos;" date="2025-11-14T12:44:31.742" /><!-- duration: 16ms -->
          <step title="Copying file: &apos;publish\MH.Api.runtimeconfig.json&apos;" date="2025-11-14T12:44:31.758" /><!-- duration: 16ms -->
          <step title="Copying file: &apos;publish\publish\publish\publish\appsettings.Development.json&apos;" date="2025-11-14T12:44:31.773" /><!-- duration: 16ms -->
          <step title="Copying file: &apos;publish\publish\publish\publish\appsettings.json&apos;" date="2025-11-14T12:44:31.789" /><!-- duration: 16ms -->
          <step title="Copying file: &apos;publish\publish\publish\publish\MH.Api.deps.json&apos;" date="2025-11-14T12:44:31.804" /><!-- duration: 0ms -->
          <step title="Copying file: &apos;publish\publish\publish\publish\MH.Api.runtimeconfig.json&apos;" date="2025-11-14T12:44:31.820" /><!-- duration: 0ms -->
          <step title="Copying file: &apos;publish\publish\publish\publish\MH.Api.staticwebassets.endpoints.json&apos;" date="2025-11-14T12:44:31.836" /><!-- duration: 0ms -->
          <step title="Copying file: &apos;publish\publish\publish\publish\web.config&apos;" date="2025-11-14T12:44:31.851" /><!-- duration: 0ms -->
          <step title="Deleting app_offline.htm" date="2025-11-14T12:44:31.867" /><!-- duration: 0ms -->
          <step title="Finished successfully." date="2025-11-14T12:44:31.883" /><!-- duration: 0ms -->
        </step><!-- duration: 3516ms -->
        <step title="Build completed succesfully." date="2025-11-14T12:44:31.929" /><!-- duration: 16ms -->
        <step title="Running post deployment command(s)..." date="2025-11-14T12:44:31.976" /><!-- duration: 16ms -->
        <step title="Requesting site restart" date="2025-11-14T12:44:32.039" /><!-- duration: 0ms -->
        <step title="Requesting site restart" date="2025-11-14T12:44:32.039" /><!-- duration: 16ms -->
        <step title="Requesting site restart. Attempt #1" date="2025-11-14T12:44:32.101" /><!-- duration: 0ms -->
        <step title="Requesting site restart. Attempt #1" date="2025-11-14T12:44:32.101" /><!-- duration: 16ms -->
        <step title="Successfully requested a restart. Attempt #1" date="2025-11-14T12:44:32.429" /><!-- duration: 16ms -->
        <step title="Successfully requested a restart. Attempt #1" date="2025-11-14T12:44:32.445" /><!-- duration: 0ms -->
        <step title="Deployment successful. DEPLOYMENTINFO: deploymentPath = OneDeploy, deployer = OneDeploy, os = windows, sku = Free, siteName = NgCanduAPI, siteHostName = ngcanduapi.azurewebsites.net, deploymentStatus = Success" date="2025-11-14T12:44:32.492" /><!-- duration: 0ms -->
        <step title="Purge deployment items" date="2025-11-14T12:44:32.695" >
          <step title="Remove 7965ffb54, Success, received at 11/12/2025 12:27:13 PM" date="2025-11-14T12:44:32.758" /><!-- duration: 0ms -->
        </step><!-- duration: 62ms -->
      </step><!-- duration: 4766ms -->
    </step><!-- duration: 5016ms -->
    <step title="Cleaning up temp files" date="2025-11-14T12:44:32.804" /><!-- duration: 0ms -->
    <step title="Skip function trigger and logicapp sync because function is not enabled." date="2025-11-14T12:44:32.820" /><!-- duration: 0ms -->
  </step><!-- duration: 6188ms -->
  <step title="LockFile &apos;C:\home\site\locks\deployments.lock&apos; released" date="2025-11-14T12:44:32.867" /><!-- duration: 0ms -->
  <step title="Deleting shutdown sentinel file" date="2025-11-14T12:44:32.883" SemaphoreCount="8" /><!-- duration: 0ms -->
</step><!-- duration: 6313ms -->
