<step title="BackgroundTrace" date="2025-11-12T10:56:03.518" instance="22a7da" url="/api/publish" method="POST" >
  <step title="Updating shutdown sentinel last write time" date="2025-11-12T10:56:03.534" SemaphoreCount="7" /><!-- duration: 0ms -->
  <step title="LockFile &apos;C:\home\site\locks\deployments.lock&apos; acquired" date="2025-11-12T10:56:03.534" /><!-- duration: 0ms -->
  <step title="Creating temporary deployment" date="2025-11-12T10:56:03.550" /><!-- duration: 16ms -->
  <step title="Performing fetch based deployment" date="2025-11-12T10:56:03.581" >
    <step title="Fetching changes." date="2025-11-12T10:56:03.628" /><!-- duration: 0ms -->
    <step title="Starting LocalZipHandler" date="2025-11-12T10:56:03.644" /><!-- duration: 0ms -->
    <step title="Cleaning up temp folders from previous zip deployments and extracting pushed zip file C:\local\Temp\zipdeploy\tpvtptm2.zip (25.24 MB) to C:\local\Temp\zipdeploy\extracted" date="2025-11-12T10:56:03.675" /><!-- duration: 0ms -->
    <step title="Cleaning up temp folders from previous zip deployments and extracting pushed zip file C:\local\Temp\zipdeploy\tpvtptm2.zip (25.24 MB) to C:\local\Temp\zipdeploy\extracted" date="2025-11-12T10:56:03.675" >
      <step title="Renaming extractTargetDirectory(C:\local\Temp\zipdeploy\extracted) to tempDirectory(C:\local\Temp\zipdeploy\qfgh50on.uod)" date="2025-11-12T10:56:03.675" /><!-- duration: 16ms -->
      <step title="Extracting 295 entries to C:\local\Temp\zipdeploy\extracted directory" date="2025-11-12T10:56:03.690" >
        <step title="Extracting to C:\local\Temp\zipdeploy\extracted\appsettings.Development.json ..." date="2025-11-12T10:56:03.706" /><!-- duration: 0ms -->
        <step title="Extracting to C:\local\Temp\zipdeploy\extracted\appsettings.json ..." date="2025-11-12T10:56:03.722" /><!-- duration: 16ms -->
        <step title="Extracting to C:\local\Temp\zipdeploy\extracted\AutoMapper.dll ..." date="2025-11-12T10:56:03.737" /><!-- duration: 0ms -->
        <step title="Extracting to C:\local\Temp\zipdeploy\extracted\AutoMapper.Extensions.Microsoft.DependencyInjection.dll ..." date="2025-11-12T10:56:03.753" /><!-- duration: 0ms -->
        <step title="Extracting to C:\local\Temp\zipdeploy\extracted\Azure.Core.dll ..." date="2025-11-12T10:56:03.753" /><!-- duration: 16ms -->
        <step title="Omitting extracting file traces ..." date="2025-11-12T10:56:03.769" /><!-- duration: 16ms -->
      </step><!-- duration: 984ms -->
    </step><!-- duration: 1000ms -->
    <step title="Before sending BuildRequestReceived status to /api/updatedeploystatus" date="2025-11-12T10:56:04.675" /><!-- duration: 16ms -->
    <step title="DeploymentManager.Deploy(id:5808e715576e43c697c418ea6b6121a5)" date="2025-11-12T10:56:04.690" >
      <step title="Collecting changeset information" date="2025-11-12T10:56:04.706" /><!-- duration: 47ms -->
      <step title="Updating submodules" date="2025-11-12T10:56:04.753" >
        <step title="Updating submodules." date="2025-11-12T10:56:04.800" /><!-- duration: 0ms -->
      </step><!-- duration: 62ms -->
      <step title="Preparing deployment for commit id &apos;5808e71557&apos;." date="2025-11-12T10:56:04.862" /><!-- duration: 0ms -->
      <step title="Determining deployment builder" date="2025-11-12T10:56:04.894" >
        <step title="Builder is OneDeployBuilder" date="2025-11-12T10:56:04.909" /><!-- duration: 0ms -->
      </step><!-- duration: 16ms -->
      <step title="Copying SSH keys" date="2025-11-12T10:56:04.925" /><!-- duration: 16ms -->
      <step title="Building" date="2025-11-12T10:56:04.940" >
        <step title="Running build. Project type: OneDeploy" date="2025-11-12T10:56:04.987" /><!-- duration: 0ms -->
        <step title="Copying the manifest" date="2025-11-12T10:56:05.034" /><!-- duration: 0ms -->
        <step title="Clean deploying to C:\home\site\wwwroot" date="2025-11-12T10:56:05.081" /><!-- duration: 16ms -->
        <step title="Generating deployment script." date="2025-11-12T10:56:05.128" /><!-- duration: 16ms -->
        <step title="Generating deployment script" date="2025-11-12T10:56:05.144" >
          <step title="Using cached version of the deployment script for command: -y --no-dot-deployment -r &quot;C:\local\Temp\zipdeploy\extracted&quot; -o &quot;C:\home\site\deployments\tools&quot; --basic --sitePath &quot;C:\local\Temp\zipdeploy\extracted&quot;" date="2025-11-12T10:56:05.159" /><!-- duration: 0ms -->
          <step title="Using cached version of deployment script (command: &apos;azure -y --no-dot-deployment -r &quot;C:\local\Temp\zipdeploy\extracted&quot; -o &quot;C:\home\site\deployments\tools&quot; --basic --sitePath &quot;C:\local\Temp\zipdeploy\extracted&quot;&apos;)." date="2025-11-12T10:56:05.190" /><!-- duration: 0ms -->
        </step><!-- duration: 47ms -->
        <step title="Running deployment command..." date="2025-11-12T10:56:05.253" /><!-- duration: 0ms -->
        <step title="Command: &quot;C:\home\site\deployments\tools\deploy.cmd&quot;" date="2025-11-12T10:56:05.269" /><!-- duration: 0ms -->
        <step title="Executing external process" date="2025-11-12T10:56:05.284" type="process" path="starter.cmd" arguments="&quot;C:\home\site\deployments\tools\deploy.cmd&quot;" >
          <step title="Handling Basic Web Site deployment." date="2025-11-12T10:56:05.394" /><!-- duration: 0ms -->
          <step title="Creating app_offline.htm" date="2025-11-12T10:56:06.081" /><!-- duration: 0ms -->
          <step title="KuduSync.NET from: &apos;C:\local\Temp\zipdeploy\extracted&apos; to: &apos;C:\home\site\wwwroot&apos;" date="2025-11-12T10:56:06.097" /><!-- duration: 0ms -->
          <step title="Copying file: &apos;appsettings.Development.json&apos;" date="2025-11-12T10:56:06.112" /><!-- duration: 16ms -->
          <step title="Copying file: &apos;appsettings.json&apos;" date="2025-11-12T10:56:06.144" /><!-- duration: 0ms -->
          <step title="Copying file: &apos;AutoMapper.dll&apos;" date="2025-11-12T10:56:06.159" /><!-- duration: 0ms -->
          <step title="Copying file: &apos;AutoMapper.Extensions.Microsoft.DependencyInjection.dll&apos;" date="2025-11-12T10:56:06.175" /><!-- duration: 0ms -->
          <step title="Copying file: &apos;Azure.Core.dll&apos;" date="2025-11-12T10:56:06.175" /><!-- duration: 16ms -->
          <step title="Copying file: &apos;Azure.Identity.dll&apos;" date="2025-11-12T10:56:06.190" /><!-- duration: 16ms -->
          <step title="Copying file: &apos;BouncyCastle.Crypto.dll&apos;" date="2025-11-12T10:56:06.206" /><!-- duration: 16ms -->
          <step title="Copying file: &apos;FluentValidation.AspNetCore.dll&apos;" date="2025-11-12T10:56:06.222" /><!-- duration: 0ms -->
          <step title="Copying file: &apos;FluentValidation.DependencyInjectionExtensions.dll&apos;" date="2025-11-12T10:56:06.237" /><!-- duration: 0ms -->
          <step title="Copying file: &apos;FluentValidation.dll&apos;" date="2025-11-12T10:56:06.253" /><!-- duration: 0ms -->
          <step title="Copying file: &apos;Google.Apis.Auth.dll&apos;" date="2025-11-12T10:56:06.269" /><!-- duration: 0ms -->
          <step title="Copying file: &apos;Google.Apis.Auth.PlatformServices.dll&apos;" date="2025-11-12T10:56:06.284" /><!-- duration: 0ms -->
          <step title="Copying file: &apos;Google.Apis.Core.dll&apos;" date="2025-11-12T10:56:06.300" /><!-- duration: 0ms -->
          <step title="Copying file: &apos;Google.Apis.dll&apos;" date="2025-11-12T10:56:06.300" /><!-- duration: 16ms -->
          <step title="Copying file: &apos;Hangfire.AspNetCore.dll&apos;" date="2025-11-12T10:56:06.315" /><!-- duration: 16ms -->
          <step title="Copying file: &apos;Hangfire.Core.dll&apos;" date="2025-11-12T10:56:06.331" /><!-- duration: 0ms -->
          <step title="Copying file: &apos;Hangfire.SqlServer.dll&apos;" date="2025-11-12T10:56:06.347" /><!-- duration: 0ms -->
          <step title="Copying file: &apos;MailKit.dll&apos;" date="2025-11-12T10:56:06.362" /><!-- duration: 0ms -->
          <step title="Copying file: &apos;MH.Api.deps.json&apos;" date="2025-11-12T10:56:06.394" /><!-- duration: 0ms -->
          <step title="Copying file: &apos;MH.Api.dll&apos;" date="2025-11-12T10:56:06.409" /><!-- duration: 0ms -->
          <step title="Copying file: &apos;MH.Api.exe&apos;" date="2025-11-12T10:56:06.425" /><!-- duration: 0ms -->
          <step title="Copying file: &apos;MH.Api.pdb&apos;" date="2025-11-12T10:56:06.440" /><!-- duration: 0ms -->
          <step title="Copying file: &apos;MH.Api.runtimeconfig.json&apos;" date="2025-11-12T10:56:06.581" /><!-- duration: 0ms -->
          <step title="Copying file: &apos;MH.Api.staticwebassets.endpoints.json&apos;" date="2025-11-12T10:56:06.597" /><!-- duration: 0ms -->
          <step title="Copying file: &apos;MH.Application.deps.json&apos;" date="2025-11-12T10:56:06.612" /><!-- duration: 0ms -->
          <step title="Copying file: &apos;MH.Application.dll&apos;" date="2025-11-12T10:56:06.644" /><!-- duration: 0ms -->
          <step title="Copying file: &apos;MH.Application.pdb&apos;" date="2025-11-12T10:56:06.659" /><!-- duration: 0ms -->
          <step title="Copying file: &apos;MH.Domain.deps.json&apos;" date="2025-11-12T10:56:06.659" /><!-- duration: 16ms -->
          <step title="Copying file: &apos;MH.Domain.dll&apos;" date="2025-11-12T10:56:06.675" /><!-- duration: 16ms -->
          <step title="Copying file: &apos;MH.Domain.pdb&apos;" date="2025-11-12T10:56:06.690" /><!-- duration: 0ms -->
          <step title="Copying file: &apos;MH.Infrastructure.deps.json&apos;" date="2025-11-12T10:56:06.706" /><!-- duration: 0ms -->
          <step title="Copying file: &apos;MH.Infrastructure.dll&apos;" date="2025-11-12T10:56:06.722" /><!-- duration: 0ms -->
          <step title="Copying file: &apos;MH.Infrastructure.pdb&apos;" date="2025-11-12T10:56:06.737" /><!-- duration: 0ms -->
          <step title="Copying file: &apos;MH.Infrastructure.runtimeconfig.json&apos;" date="2025-11-12T10:56:06.753" /><!-- duration: 0ms -->
          <step title="Copying file: &apos;Microsoft.ApplicationInsights.dll&apos;" date="2025-11-12T10:56:06.753" /><!-- duration: 16ms -->
          <step title="Copying file: &apos;Microsoft.AspNetCore.Authentication.Facebook.dll&apos;" date="2025-11-12T10:56:06.769" /><!-- duration: 16ms -->
          <step title="Copying file: &apos;Microsoft.AspNetCore.Authentication.JwtBearer.dll&apos;" date="2025-11-12T10:56:06.784" /><!-- duration: 0ms -->
          <step title="Copying file: &apos;Microsoft.AspNetCore.Cryptography.Internal.dll&apos;" date="2025-11-12T10:56:06.800" /><!-- duration: 0ms -->
          <step title="Copying file: &apos;Microsoft.AspNetCore.Cryptography.KeyDerivation.dll&apos;" date="2025-11-12T10:56:06.815" /><!-- duration: 0ms -->
          <step title="Copying file: &apos;Microsoft.AspNetCore.Http.Features.dll&apos;" date="2025-11-12T10:56:06.831" /><!-- duration: 0ms -->
          <step title="Copying file: &apos;Microsoft.AspNetCore.Identity.EntityFrameworkCore.dll&apos;" date="2025-11-12T10:56:06.847" /><!-- duration: 0ms -->
          <step title="Copying file: &apos;Microsoft.Bcl.AsyncInterfaces.dll&apos;" date="2025-11-12T10:56:06.894" /><!-- duration: 0ms -->
          <step title="Copying file: &apos;Microsoft.Data.SqlClient.dll&apos;" date="2025-11-12T10:56:06.909" /><!-- duration: 0ms -->
          <step title="Copying file: &apos;Microsoft.EntityFrameworkCore.Abstractions.dll&apos;" date="2025-11-12T10:56:06.909" /><!-- duration: 16ms -->
          <step title="Copying file: &apos;Microsoft.EntityFrameworkCore.dll&apos;" date="2025-11-12T10:56:06.925" /><!-- duration: 16ms -->
          <step title="Copying file: &apos;Microsoft.EntityFrameworkCore.Relational.dll&apos;" date="2025-11-12T10:56:06.940" /><!-- duration: 0ms -->
          <step title="Copying file: &apos;Microsoft.EntityFrameworkCore.SqlServer.dll&apos;" date="2025-11-12T10:56:06.956" /><!-- duration: 0ms -->
          <step title="Copying file: &apos;Microsoft.Extensions.Caching.Abstractions.dll&apos;" date="2025-11-12T10:56:06.972" /><!-- duration: 0ms -->
          <step title="Omitting next output lines..." date="2025-11-12T10:56:06.987" /><!-- duration: 0ms -->
          <step title="Finished successfully." date="2025-11-12T10:56:10.676" /><!-- duration: 0ms -->
        </step><!-- duration: 5408ms -->
        <step title="Build completed succesfully." date="2025-11-12T10:56:10.723" /><!-- duration: 0ms -->
        <step title="Running post deployment command(s)..." date="2025-11-12T10:56:10.770" /><!-- duration: 0ms -->
        <step title="Requesting site restart" date="2025-11-12T10:56:10.832" /><!-- duration: 0ms -->
        <step title="Requesting site restart" date="2025-11-12T10:56:10.832" /><!-- duration: 16ms -->
        <step title="Requesting site restart. Attempt #1" date="2025-11-12T10:56:10.879" /><!-- duration: 0ms -->
        <step title="Requesting site restart. Attempt #1" date="2025-11-12T10:56:10.895" /><!-- duration: 0ms -->
        <step title="Successfully requested a restart. Attempt #1" date="2025-11-12T10:56:11.036" /><!-- duration: 0ms -->
        <step title="Successfully requested a restart. Attempt #1" date="2025-11-12T10:56:11.052" /><!-- duration: 0ms -->
        <step title="Deployment successful. DEPLOYMENTINFO: deploymentPath = OneDeploy, deployer = OneDeploy, os = windows, sku = Free, siteName = NgCanduAPI, siteHostName = ngcanduapi.azurewebsites.net, deploymentStatus = Success" date="2025-11-12T10:56:11.099" /><!-- duration: 0ms -->
        <step title="Purge deployment items" date="2025-11-12T10:56:11.161" >
          <step title="Remove fe1175c70, Success, received at 10/20/2025 1:29:22 PM" date="2025-11-12T10:56:11.239" /><!-- duration: 0ms -->
        </step><!-- duration: 78ms -->
      </step><!-- duration: 6330ms -->
    </step><!-- duration: 6580ms -->
    <step title="Cleaning up temp files" date="2025-11-12T10:56:11.270" /><!-- duration: 0ms -->
    <step title="Skip function trigger and logicapp sync because function is not enabled." date="2025-11-12T10:56:11.286" /><!-- duration: 0ms -->
  </step><!-- duration: 7721ms -->
  <step title="LockFile &apos;C:\home\site\locks\deployments.lock&apos; released" date="2025-11-12T10:56:11.333" /><!-- duration: 0ms -->
  <step title="Deleting shutdown sentinel file" date="2025-11-12T10:56:11.333" SemaphoreCount="8" /><!-- duration: 16ms -->
</step><!-- duration: 7830ms -->
