<step title="BackgroundTrace" date="2025-11-17T06:41:23.745" instance="92ca53" url="/api/publish" method="POST" >
  <step title="Updating shutdown sentinel last write time" date="2025-11-17T06:41:23.761" SemaphoreCount="7" /><!-- duration: 0ms -->
  <step title="LockFile &apos;C:\home\site\locks\deployments.lock&apos; acquired" date="2025-11-17T06:41:23.776" /><!-- duration: 0ms -->
  <step title="Creating temporary deployment" date="2025-11-17T06:41:23.776" /><!-- duration: 63ms -->
  <step title="Performing fetch based deployment" date="2025-11-17T06:41:23.839" >
    <step title="Fetching changes." date="2025-11-17T06:41:23.901" /><!-- duration: 16ms -->
    <step title="Starting LocalZipHandler" date="2025-11-17T06:41:23.917" /><!-- duration: 16ms -->
    <step title="Cleaning up temp folders from previous zip deployments and extracting pushed zip file C:\local\Temp\zipdeploy\mpinufum.zip (25.24 MB) to C:\local\Temp\zipdeploy\extracted" date="2025-11-17T06:41:23.964" /><!-- duration: 0ms -->
    <step title="Cleaning up temp folders from previous zip deployments and extracting pushed zip file C:\local\Temp\zipdeploy\mpinufum.zip (25.24 MB) to C:\local\Temp\zipdeploy\extracted" date="2025-11-17T06:41:23.964" >
      <step title="Extracting 295 entries to C:\local\Temp\zipdeploy\extracted directory" date="2025-11-17T06:41:23.995" >
        <step title="Extracting to C:\local\Temp\zipdeploy\extracted\appsettings.Development.json ..." date="2025-11-17T06:41:23.995" /><!-- duration: 16ms -->
        <step title="Extracting to C:\local\Temp\zipdeploy\extracted\appsettings.json ..." date="2025-11-17T06:41:24.011" /><!-- duration: 31ms -->
        <step title="Extracting to C:\local\Temp\zipdeploy\extracted\AutoMapper.dll ..." date="2025-11-17T06:41:24.058" /><!-- duration: 0ms -->
        <step title="Extracting to C:\local\Temp\zipdeploy\extracted\AutoMapper.Extensions.Microsoft.DependencyInjection.dll ..." date="2025-11-17T06:41:24.073" /><!-- duration: 0ms -->
        <step title="Extracting to C:\local\Temp\zipdeploy\extracted\Azure.Core.dll ..." date="2025-11-17T06:41:24.073" /><!-- duration: 16ms -->
        <step title="Omitting extracting file traces ..." date="2025-11-17T06:41:24.089" /><!-- duration: 16ms -->
      </step><!-- duration: 1000ms -->
    </step><!-- duration: 1047ms -->
    <step title="Before sending BuildRequestReceived status to /api/updatedeploystatus" date="2025-11-17T06:41:25.011" /><!-- duration: 16ms -->
    <step title="DeploymentManager.Deploy(id:d9bf610bb3874d6a8e4d2db2b6469cc9)" date="2025-11-17T06:41:25.026" >
      <step title="Collecting changeset information" date="2025-11-17T06:41:25.042" /><!-- duration: 31ms -->
      <step title="Updating submodules" date="2025-11-17T06:41:25.073" >
        <step title="Updating submodules." date="2025-11-17T06:41:25.120" /><!-- duration: 16ms -->
      </step><!-- duration: 62ms -->
      <step title="Preparing deployment for commit id &apos;d9bf610bb3&apos;." date="2025-11-17T06:41:25.183" /><!-- duration: 0ms -->
      <step title="Determining deployment builder" date="2025-11-17T06:41:25.214" >
        <step title="Builder is OneDeployBuilder" date="2025-11-17T06:41:25.229" /><!-- duration: 0ms -->
      </step><!-- duration: 31ms -->
      <step title="Copying SSH keys" date="2025-11-17T06:41:25.261" /><!-- duration: 0ms -->
      <step title="Building" date="2025-11-17T06:41:25.276" >
        <step title="Running build. Project type: OneDeploy" date="2025-11-17T06:41:25.308" /><!-- duration: 0ms -->
        <step title="Copying the manifest" date="2025-11-17T06:41:25.354" /><!-- duration: 16ms -->
        <step title="Clean deploying to C:\home\site\wwwroot" date="2025-11-17T06:41:25.448" /><!-- duration: 0ms -->
        <step title="Generating deployment script." date="2025-11-17T06:41:25.495" /><!-- duration: 0ms -->
        <step title="Generating deployment script" date="2025-11-17T06:41:25.511" >
          <step title="Using cached version of the deployment script for command: -y --no-dot-deployment -r &quot;C:\local\Temp\zipdeploy\extracted&quot; -o &quot;C:\home\site\deployments\tools&quot; --basic --sitePath &quot;C:\local\Temp\zipdeploy\extracted&quot;" date="2025-11-17T06:41:25.526" /><!-- duration: 0ms -->
          <step title="Using cached version of deployment script (command: &apos;azure -y --no-dot-deployment -r &quot;C:\local\Temp\zipdeploy\extracted&quot; -o &quot;C:\home\site\deployments\tools&quot; --basic --sitePath &quot;C:\local\Temp\zipdeploy\extracted&quot;&apos;)." date="2025-11-17T06:41:25.542" /><!-- duration: 16ms -->
        </step><!-- duration: 47ms -->
        <step title="Running deployment command..." date="2025-11-17T06:41:25.604" /><!-- duration: 0ms -->
        <step title="Command: &quot;C:\home\site\deployments\tools\deploy.cmd&quot;" date="2025-11-17T06:41:25.620" /><!-- duration: 0ms -->
        <step title="Executing external process" date="2025-11-17T06:41:25.636" type="process" path="starter.cmd" arguments="&quot;C:\home\site\deployments\tools\deploy.cmd&quot;" >
          <step title="Handling Basic Web Site deployment." date="2025-11-17T06:41:25.776" /><!-- duration: 16ms -->
          <step title="Creating app_offline.htm" date="2025-11-17T06:41:25.964" /><!-- duration: 16ms -->
          <step title="KuduSync.NET from: &apos;C:\local\Temp\zipdeploy\extracted&apos; to: &apos;C:\home\site\wwwroot&apos;" date="2025-11-17T06:41:25.979" /><!-- duration: 16ms -->
          <step title="Deleting file: &apos;publish\appsettings.Development.json&apos;" date="2025-11-17T06:41:25.995" /><!-- duration: 0ms -->
          <step title="Deleting file: &apos;publish\appsettings.json&apos;" date="2025-11-17T06:41:26.011" /><!-- duration: 0ms -->
          <step title="Deleting file: &apos;publish\MH.Api.deps.json&apos;" date="2025-11-17T06:41:26.026" /><!-- duration: 0ms -->
          <step title="Deleting file: &apos;publish\MH.Api.runtimeconfig.json&apos;" date="2025-11-17T06:41:26.042" /><!-- duration: 0ms -->
          <step title="Deleting file: &apos;publish\MH.Api.staticwebassets.endpoints.json&apos;" date="2025-11-17T06:41:26.058" /><!-- duration: 0ms -->
          <step title="Deleting file: &apos;publish\web.config&apos;" date="2025-11-17T06:41:26.073" /><!-- duration: 0ms -->
          <step title="Deleting file: &apos;publish\publish\appsettings.Development.json&apos;" date="2025-11-17T06:41:26.089" /><!-- duration: 0ms -->
          <step title="Deleting file: &apos;publish\publish\appsettings.json&apos;" date="2025-11-17T06:41:26.104" /><!-- duration: 0ms -->
          <step title="Deleting file: &apos;publish\publish\MH.Api.deps.json&apos;" date="2025-11-17T06:41:26.104" /><!-- duration: 16ms -->
          <step title="Deleting file: &apos;publish\publish\MH.Api.runtimeconfig.json&apos;" date="2025-11-17T06:41:26.120" /><!-- duration: 16ms -->
          <step title="Deleting file: &apos;publish\publish\MH.Api.staticwebassets.endpoints.json&apos;" date="2025-11-17T06:41:26.136" /><!-- duration: 16ms -->
          <step title="Deleting file: &apos;publish\publish\web.config&apos;" date="2025-11-17T06:41:26.151" /><!-- duration: 0ms -->
          <step title="Deleting file: &apos;publish\publish\publish\appsettings.Development.json&apos;" date="2025-11-17T06:41:26.167" /><!-- duration: 0ms -->
          <step title="Deleting file: &apos;publish\publish\publish\appsettings.json&apos;" date="2025-11-17T06:41:26.183" /><!-- duration: 0ms -->
          <step title="Deleting file: &apos;publish\publish\publish\MH.Api.deps.json&apos;" date="2025-11-17T06:41:26.198" /><!-- duration: 0ms -->
          <step title="Deleting file: &apos;publish\publish\publish\MH.Api.runtimeconfig.json&apos;" date="2025-11-17T06:41:26.214" /><!-- duration: 0ms -->
          <step title="Deleting file: &apos;publish\publish\publish\MH.Api.staticwebassets.endpoints.json&apos;" date="2025-11-17T06:41:26.214" /><!-- duration: 16ms -->
          <step title="Deleting file: &apos;publish\publish\publish\web.config&apos;" date="2025-11-17T06:41:26.245" /><!-- duration: 0ms -->
          <step title="Deleting file: &apos;publish\publish\publish\publish\appsettings.Development.json&apos;" date="2025-11-17T06:41:26.245" /><!-- duration: 16ms -->
          <step title="Deleting file: &apos;publish\publish\publish\publish\appsettings.json&apos;" date="2025-11-17T06:41:26.261" /><!-- duration: 0ms -->
          <step title="Deleting file: &apos;publish\publish\publish\publish\MH.Api.deps.json&apos;" date="2025-11-17T06:41:26.276" /><!-- duration: 0ms -->
          <step title="Deleting file: &apos;publish\publish\publish\publish\MH.Api.runtimeconfig.json&apos;" date="2025-11-17T06:41:26.292" /><!-- duration: 0ms -->
          <step title="Deleting file: &apos;publish\publish\publish\publish\MH.Api.staticwebassets.endpoints.json&apos;" date="2025-11-17T06:41:26.308" /><!-- duration: 0ms -->
          <step title="Deleting file: &apos;publish\publish\publish\publish\web.config&apos;" date="2025-11-17T06:41:26.323" /><!-- duration: 0ms -->
          <step title="Deleting directory: &apos;publish\publish\publish\publish&apos;" date="2025-11-17T06:41:26.339" /><!-- duration: 0ms -->
          <step title="Deleting directory: &apos;publish\publish\publish&apos;" date="2025-11-17T06:41:26.354" /><!-- duration: 0ms -->
          <step title="Deleting directory: &apos;publish\publish&apos;" date="2025-11-17T06:41:26.354" /><!-- duration: 16ms -->
          <step title="Deleting directory: &apos;publish&apos;" date="2025-11-17T06:41:26.370" /><!-- duration: 0ms -->
          <step title="Copying file: &apos;appsettings.Development.json&apos;" date="2025-11-17T06:41:26.386" /><!-- duration: 0ms -->
          <step title="Copying file: &apos;appsettings.json&apos;" date="2025-11-17T06:41:26.401" /><!-- duration: 0ms -->
          <step title="Copying file: &apos;AutoMapper.dll&apos;" date="2025-11-17T06:41:26.417" /><!-- duration: 0ms -->
          <step title="Copying file: &apos;AutoMapper.Extensions.Microsoft.DependencyInjection.dll&apos;" date="2025-11-17T06:41:26.433" /><!-- duration: 0ms -->
          <step title="Copying file: &apos;Azure.Core.dll&apos;" date="2025-11-17T06:41:26.433" /><!-- duration: 16ms -->
          <step title="Copying file: &apos;Azure.Identity.dll&apos;" date="2025-11-17T06:41:26.448" /><!-- duration: 16ms -->
          <step title="Copying file: &apos;BouncyCastle.Crypto.dll&apos;" date="2025-11-17T06:41:26.464" /><!-- duration: 0ms -->
          <step title="Copying file: &apos;FluentValidation.AspNetCore.dll&apos;" date="2025-11-17T06:41:26.479" /><!-- duration: 0ms -->
          <step title="Copying file: &apos;FluentValidation.DependencyInjectionExtensions.dll&apos;" date="2025-11-17T06:41:26.495" /><!-- duration: 0ms -->
          <step title="Copying file: &apos;FluentValidation.dll&apos;" date="2025-11-17T06:41:26.511" /><!-- duration: 0ms -->
          <step title="Copying file: &apos;Google.Apis.Auth.dll&apos;" date="2025-11-17T06:41:26.526" /><!-- duration: 0ms -->
          <step title="Copying file: &apos;Google.Apis.Auth.PlatformServices.dll&apos;" date="2025-11-17T06:41:26.542" /><!-- duration: 0ms -->
          <step title="Copying file: &apos;Google.Apis.Core.dll&apos;" date="2025-11-17T06:41:26.558" /><!-- duration: 0ms -->
          <step title="Copying file: &apos;Google.Apis.dll&apos;" date="2025-11-17T06:41:26.573" /><!-- duration: 0ms -->
          <step title="Copying file: &apos;Hangfire.AspNetCore.dll&apos;" date="2025-11-17T06:41:26.589" /><!-- duration: 0ms -->
          <step title="Copying file: &apos;Hangfire.Core.dll&apos;" date="2025-11-17T06:41:26.604" /><!-- duration: 0ms -->
          <step title="Copying file: &apos;Hangfire.SqlServer.dll&apos;" date="2025-11-17T06:41:26.604" /><!-- duration: 16ms -->
          <step title="Copying file: &apos;MailKit.dll&apos;" date="2025-11-17T06:41:26.636" /><!-- duration: 0ms -->
          <step title="Copying file: &apos;MH.Api.deps.json&apos;" date="2025-11-17T06:41:26.651" /><!-- duration: 0ms -->
          <step title="Copying file: &apos;MH.Api.dll&apos;" date="2025-11-17T06:41:26.683" /><!-- duration: 0ms -->
          <step title="Omitting next output lines..." date="2025-11-17T06:41:26.698" /><!-- duration: 0ms -->
          <step title="Finished successfully." date="2025-11-17T06:41:29.996" /><!-- duration: 0ms -->
        </step><!-- duration: 4375ms -->
        <step title="Build completed succesfully." date="2025-11-17T06:41:30.058" /><!-- duration: 0ms -->
        <step title="Running post deployment command(s)..." date="2025-11-17T06:41:30.105" /><!-- duration: 0ms -->
        <step title="Requesting site restart" date="2025-11-17T06:41:30.152" /><!-- duration: 0ms -->
        <step title="Requesting site restart" date="2025-11-17T06:41:30.152" /><!-- duration: 16ms -->
        <step title="Requesting site restart. Attempt #1" date="2025-11-17T06:41:30.199" /><!-- duration: 16ms -->
        <step title="Requesting site restart. Attempt #1" date="2025-11-17T06:41:30.214" /><!-- duration: 0ms -->
        <step title="Successfully requested a restart. Attempt #1" date="2025-11-17T06:41:30.542" /><!-- duration: 16ms -->
        <step title="Successfully requested a restart. Attempt #1" date="2025-11-17T06:41:30.558" /><!-- duration: 0ms -->
        <step title="Deployment successful. DEPLOYMENTINFO: deploymentPath = OneDeploy, deployer = OneDeploy, os = windows, sku = Free, siteName = NgCanduAPI, siteHostName = ngcanduapi.azurewebsites.net, deploymentStatus = Success" date="2025-11-17T06:41:30.605" /><!-- duration: 16ms -->
        <step title="Purge deployment items" date="2025-11-17T06:41:30.699" >
          <step title="Remove 2c5b4e4da, Success, received at 11/12/2025 1:28:41 PM" date="2025-11-17T06:41:30.777" /><!-- duration: 0ms -->
        </step><!-- duration: 78ms -->
      </step><!-- duration: 5532ms -->
    </step><!-- duration: 5797ms -->
    <step title="Cleaning up temp files" date="2025-11-17T06:41:30.824" /><!-- duration: 0ms -->
    <step title="Skip function trigger and logicapp sync because function is not enabled." date="2025-11-17T06:41:30.839" /><!-- duration: 0ms -->
  </step><!-- duration: 7032ms -->
  <step title="LockFile &apos;C:\home\site\locks\deployments.lock&apos; released" date="2025-11-17T06:41:30.871" /><!-- duration: 16ms -->
  <step title="Deleting shutdown sentinel file" date="2025-11-17T06:41:30.886" SemaphoreCount="8" /><!-- duration: 0ms -->
</step><!-- duration: 7157ms -->
