<step title="Incoming Request" date="2025-11-12T11:03:06.081" instance="22a7da" url="/api/publish?async=true&amp;deployer=GITHUB_ONE_DEPLOY&amp;type=zip&amp;message=%7B%22type%22%3A%22deployment%22%2C%22sha%22%3A%225db6ec95e04da8784292ecf84b1a1e06c86001b4%22%2C%22repoName%22%3A%22daedalusdigital-za%2FNCD-API%22%2C%22actor%22%3A%22daedalusdigital-za%22%2C%22slotName%22%3A%22Production%22%2C%22commitMessage%22%3A%22feat%3A%20Add%20SQL%20scripts%20to%20create%20Trainers%20table%22%7D" method="POST" type="request" pid="6936,2,107" Transfer-Encoding="chunked" Content-Type="application/octet-stream" Authorization="Bas..." Cookie="ARRAffinity=22a7daa836b64a8ce56c907737553d08297ff2e76cd06a1f52c29956b9a85c17;Path=/;HttpOnly;Secure;Domain=ngcanduapi.scm.azurewebsites.net; ARRAffinitySameSite=22a7daa836b64a8ce56c907737553d08297ff2e76cd06a1f52c29956b9a85c17;Path=/;HttpOnly;SameSite=None;Secure;Domain=ngcanduapi.scm.azurewebsites.net" Host="ngcanduapi.scm.azurewebsites.net" User-Agent="GITHUBACTIONS_DeployWebAppToAzure_911ad8e07dd1095a617b283f0e1b400847f2d2bffc6e1de6b85a1cbb3aaec3dc" X-ARR-LOG-ID="6b4be220-5de3-4c2f-8f6b-28c22052e210" CLIENT-IP="4.236.159.226:9232" X-SITE-DEPLOYMENT-ID="NgCanduAPI" WAS-DEFAULT-HOSTNAME="ngcanduapi.scm.azurewebsites.net" X-Forwarded-Proto="https" X-AppService-Proto="https" X-Forwarded-TlsVersion="1.3" X-WAWS-Unencoded-URL="/api/publish?async=true&amp;deployer=GITHUB_ONE_DEPLOY&amp;type=zip&amp;message=%7B%22type%22%3A%22deployment%22%2C%22sha%22%3A%225db6ec95e04da8784292ecf84b1a1e06c86001b4%22%2C%22repoName%22%3A%22daedalusdigital-za%2FNCD-API%22%2C%22actor%22%3A%22daedalusdigital-za%22%2C%22slotName%22%3A%22Production%22%2C%22commitMessage%22%3A%22feat%3A%20Add%20SQL%20scripts%20to%20create%20Trainers%20table%22%7D" >
  <step title="OneDeploy" date="2025-11-12T11:03:06.096" >
    <step title="Starting PushDeployAsync" date="2025-11-12T11:03:06.096" /><!-- duration: 16ms -->
    <step title="Updating shutdown sentinel last write time" date="2025-11-12T11:03:06.112" SemaphoreCount="7" /><!-- duration: 16ms -->
    <step title="LockFile &apos;C:\home\site\locks\deployments.lock&apos; acquired" date="2025-11-12T11:03:06.128" /><!-- duration: 16ms -->
    <step title="Saving request content to C:\local\Temp\zipdeploy\kbyewv2m.zip" date="2025-11-12T11:03:06.143" >
      <step title="Total 26,465,204 bytes written to C:\local\Temp\zipdeploy\kbyewv2m.zip" date="2025-11-12T11:03:06.237" /><!-- duration: 16ms -->
    </step><!-- duration: 109ms -->
    <step title="LockFile &apos;C:\home\site\locks\deployments.lock&apos; released" date="2025-11-12T11:03:06.268" /><!-- duration: 0ms -->
    <step title="Deleting shutdown sentinel file" date="2025-11-12T11:03:06.268" SemaphoreCount="8" /><!-- duration: 16ms -->
    <step title="Starting FetchDeploy" date="2025-11-12T11:03:06.284" /><!-- duration: 0ms -->
    <step title="Start deployment in the background" date="2025-11-12T11:03:06.299" /><!-- duration: 78ms -->
  </step><!-- duration: 281ms -->
  <step title="Outgoing response" date="2025-11-12T11:03:06.378" type="response" statusCode="202" statusText="Accepted" Server="Microsoft-IIS/10.0" x-ms-request-id="6b4be220-5de3-4c2f-8f6b-28c22052e210" Retry-After="30" Cache-Control="private" X-AspNet-Version="4.0.30319" Location="https://ngcanduapi.scm.azurewebsites.net/api/deployments/latest?deployer=OneDeploy&amp;time=2025-11-12_11-03-06Z" /><!-- duration: 16ms -->
</step><!-- duration: 312ms -->
