<step title="BackgroundTrace" date="2025-11-17T14:28:50.578" instance="92ca53" url="/api/publish" method="POST" >
  <step title="Updating shutdown sentinel last write time" date="2025-11-17T14:28:50.578" SemaphoreCount="7" /><!-- duration: 0ms -->
  <step title="LockFile &apos;C:\home\site\locks\deployments.lock&apos; acquired" date="2025-11-17T14:28:50.594" /><!-- duration: 0ms -->
  <step title="Creating temporary deployment" date="2025-11-17T14:28:50.594" /><!-- duration: 31ms -->
  <step title="Performing fetch based deployment" date="2025-11-17T14:28:50.641" >
    <step title="Fetching changes." date="2025-11-17T14:28:50.687" /><!-- duration: 31ms -->
    <step title="Starting LocalZipHandler" date="2025-11-17T14:28:50.734" /><!-- duration: 0ms -->
    <step title="Cleaning up temp folders from previous zip deployments and extracting pushed zip file C:\local\Temp\zipdeploy\1wvei4j4.zip (22.26 MB) to C:\local\Temp\zipdeploy\extracted" date="2025-11-17T14:28:50.766" /><!-- duration: 0ms -->
    <step title="Cleaning up temp folders from previous zip deployments and extracting pushed zip file C:\local\Temp\zipdeploy\1wvei4j4.zip (22.26 MB) to C:\local\Temp\zipdeploy\extracted" date="2025-11-17T14:28:50.781" >
      <step title="Renaming extractTargetDirectory(C:\local\Temp\zipdeploy\extracted) to tempDirectory(C:\local\Temp\zipdeploy\qhbvgrpz.5go)" date="2025-11-17T14:28:50.781" /><!-- duration: 0ms -->
      <step title="Extracting 239 entries to C:\local\Temp\zipdeploy\extracted directory" date="2025-11-17T14:28:50.797" >
        <step title="Extracting to C:\local\Temp\zipdeploy\extracted\ca\Hangfire.Core.resources.dll ..." date="2025-11-17T14:28:50.797" /><!-- duration: 16ms -->
        <step title="Extracting to C:\local\Temp\zipdeploy\extracted\de\Hangfire.Core.resources.dll ..." date="2025-11-17T14:28:50.813" /><!-- duration: 0ms -->
        <step title="Extracting to C:\local\Temp\zipdeploy\extracted\es\Hangfire.Core.resources.dll ..." date="2025-11-17T14:28:50.828" /><!-- duration: 0ms -->
        <step title="Extracting to C:\local\Temp\zipdeploy\extracted\fa\Hangfire.Core.resources.dll ..." date="2025-11-17T14:28:50.828" /><!-- duration: 16ms -->
        <step title="Extracting to C:\local\Temp\zipdeploy\extracted\fr\Hangfire.Core.resources.dll ..." date="2025-11-17T14:28:50.844" /><!-- duration: 0ms -->
        <step title="Omitting extracting file traces ..." date="2025-11-17T14:28:50.859" /><!-- duration: 0ms -->
      </step><!-- duration: 891ms -->
    </step><!-- duration: 906ms -->
    <step title="Before sending BuildRequestReceived status to /api/updatedeploystatus" date="2025-11-17T14:28:51.703" /><!-- duration: 0ms -->
    <step title="DeploymentManager.Deploy(id:2efe8dfec805417ea0c20638d54ebe31)" date="2025-11-17T14:28:51.719" >
      <step title="Collecting changeset information" date="2025-11-17T14:28:51.719" /><!-- duration: 47ms -->
      <step title="Updating submodules" date="2025-11-17T14:28:51.766" >
        <step title="Updating submodules." date="2025-11-17T14:28:51.813" /><!-- duration: 0ms -->
      </step><!-- duration: 47ms -->
      <step title="Preparing deployment for commit id &apos;2efe8dfec8&apos;." date="2025-11-17T14:28:51.859" /><!-- duration: 0ms -->
      <step title="Determining deployment builder" date="2025-11-17T14:28:51.922" >
        <step title="Builder is OneDeployBuilder" date="2025-11-17T14:28:51.938" /><!-- duration: 0ms -->
      </step><!-- duration: 16ms -->
      <step title="Copying SSH keys" date="2025-11-17T14:28:51.969" /><!-- duration: 0ms -->
      <step title="Building" date="2025-11-17T14:28:51.969" >
        <step title="Running build. Project type: OneDeploy" date="2025-11-17T14:28:52.016" /><!-- duration: 0ms -->
        <step title="Copying the manifest" date="2025-11-17T14:28:52.063" /><!-- duration: 16ms -->
        <step title="Clean deploying to C:\home\site\wwwroot" date="2025-11-17T14:28:52.125" /><!-- duration: 16ms -->
        <step title="Generating deployment script." date="2025-11-17T14:28:52.172" /><!-- duration: 16ms -->
        <step title="Generating deployment script" date="2025-11-17T14:28:52.188" >
          <step title="Using cached version of the deployment script for command: -y --no-dot-deployment -r &quot;C:\local\Temp\zipdeploy\extracted&quot; -o &quot;C:\home\site\deployments\tools&quot; --basic --sitePath &quot;C:\local\Temp\zipdeploy\extracted&quot;" date="2025-11-17T14:28:52.203" /><!-- duration: 16ms -->
          <step title="Using cached version of deployment script (command: &apos;azure -y --no-dot-deployment -r &quot;C:\local\Temp\zipdeploy\extracted&quot; -o &quot;C:\home\site\deployments\tools&quot; --basic --sitePath &quot;C:\local\Temp\zipdeploy\extracted&quot;&apos;)." date="2025-11-17T14:28:52.234" /><!-- duration: 0ms -->
        </step><!-- duration: 63ms -->
        <step title="Running deployment command..." date="2025-11-17T14:28:52.281" /><!-- duration: 16ms -->
        <step title="Command: &quot;C:\home\site\deployments\tools\deploy.cmd&quot;" date="2025-11-17T14:28:52.297" /><!-- duration: 0ms -->
        <step title="Executing external process" date="2025-11-17T14:28:52.313" type="process" path="starter.cmd" arguments="&quot;C:\home\site\deployments\tools\deploy.cmd&quot;" >
          <step title="Handling Basic Web Site deployment." date="2025-11-17T14:28:52.438" /><!-- duration: 0ms -->
          <step title="Creating app_offline.htm" date="2025-11-17T14:28:52.563" /><!-- duration: 16ms -->
          <step title="KuduSync.NET from: &apos;C:\local\Temp\zipdeploy\extracted&apos; to: &apos;C:\home\site\wwwroot&apos;" date="2025-11-17T14:28:52.578" /><!-- duration: 16ms -->
          <step title="Deleting file: &apos;MH.Application.deps.json&apos;" date="2025-11-17T14:28:52.594" /><!-- duration: 0ms -->
          <step title="Deleting file: &apos;MH.Domain.deps.json&apos;" date="2025-11-17T14:28:52.609" /><!-- duration: 0ms -->
          <step title="Deleting file: &apos;MH.Infrastructure.deps.json&apos;" date="2025-11-17T14:28:52.625" /><!-- duration: 0ms -->
          <step title="Deleting file: &apos;MH.Infrastructure.runtimeconfig.json&apos;" date="2025-11-17T14:28:52.641" /><!-- duration: 0ms -->
          <step title="Deleting file: &apos;Microsoft.AspNetCore.Cryptography.Internal.dll&apos;" date="2025-11-17T14:28:52.656" /><!-- duration: 16ms -->
          <step title="Deleting file: &apos;Microsoft.AspNetCore.Cryptography.KeyDerivation.dll&apos;" date="2025-11-17T14:28:52.688" /><!-- duration: 0ms -->
          <step title="Deleting file: &apos;Microsoft.AspNetCore.Http.Features.dll&apos;" date="2025-11-17T14:28:52.703" /><!-- duration: 0ms -->
          <step title="Deleting file: &apos;Microsoft.Extensions.Caching.Abstractions.dll&apos;" date="2025-11-17T14:28:52.719" /><!-- duration: 0ms -->
          <step title="Deleting file: &apos;Microsoft.Extensions.Caching.Memory.dll&apos;" date="2025-11-17T14:28:52.734" /><!-- duration: 0ms -->
          <step title="Deleting file: &apos;Microsoft.Extensions.Configuration.Abstractions.dll&apos;" date="2025-11-17T14:28:52.750" /><!-- duration: 0ms -->
          <step title="Deleting file: &apos;Microsoft.Extensions.DependencyInjection.Abstractions.dll&apos;" date="2025-11-17T14:28:52.766" /><!-- duration: 0ms -->
          <step title="Deleting file: &apos;Microsoft.Extensions.DependencyInjection.dll&apos;" date="2025-11-17T14:28:52.781" /><!-- duration: 0ms -->
          <step title="Deleting file: &apos;Microsoft.Extensions.Identity.Core.dll&apos;" date="2025-11-17T14:28:52.797" /><!-- duration: 0ms -->
          <step title="Deleting file: &apos;Microsoft.Extensions.Identity.Stores.dll&apos;" date="2025-11-17T14:28:52.813" /><!-- duration: 0ms -->
          <step title="Deleting file: &apos;Microsoft.Extensions.Logging.Abstractions.dll&apos;" date="2025-11-17T14:28:52.828" /><!-- duration: 0ms -->
          <step title="Deleting file: &apos;Microsoft.Extensions.Logging.dll&apos;" date="2025-11-17T14:28:52.906" /><!-- duration: 0ms -->
          <step title="Deleting file: &apos;Microsoft.Extensions.Options.dll&apos;" date="2025-11-17T14:28:52.922" /><!-- duration: 0ms -->
          <step title="Deleting file: &apos;Microsoft.Extensions.Primitives.dll&apos;" date="2025-11-17T14:28:52.938" /><!-- duration: 0ms -->
          <step title="Deleting file: &apos;System.Diagnostics.EventLog.dll&apos;" date="2025-11-17T14:28:52.953" /><!-- duration: 0ms -->
          <step title="Deleting file: &apos;System.IO.Pipelines.dll&apos;" date="2025-11-17T14:28:52.969" /><!-- duration: 0ms -->
          <step title="Deleting file: &apos;System.Security.Cryptography.Pkcs.dll&apos;" date="2025-11-17T14:28:52.984" /><!-- duration: 0ms -->
          <step title="Copying file: &apos;appsettings.Development.json&apos;" date="2025-11-17T14:28:53.000" /><!-- duration: 0ms -->
          <step title="Copying file: &apos;appsettings.json&apos;" date="2025-11-17T14:28:53.016" /><!-- duration: 0ms -->
          <step title="Copying file: &apos;AutoMapper.dll&apos;" date="2025-11-17T14:28:53.047" /><!-- duration: 0ms -->
          <step title="Copying file: &apos;AutoMapper.Extensions.Microsoft.DependencyInjection.dll&apos;" date="2025-11-17T14:28:53.063" /><!-- duration: 0ms -->
          <step title="Copying file: &apos;Azure.Core.dll&apos;" date="2025-11-17T14:28:53.078" /><!-- duration: 0ms -->
          <step title="Copying file: &apos;Azure.Identity.dll&apos;" date="2025-11-17T14:28:53.094" /><!-- duration: 0ms -->
          <step title="Copying file: &apos;BouncyCastle.Crypto.dll&apos;" date="2025-11-17T14:28:53.109" /><!-- duration: 0ms -->
          <step title="Copying file: &apos;FluentValidation.AspNetCore.dll&apos;" date="2025-11-17T14:28:53.109" /><!-- duration: 16ms -->
          <step title="Copying file: &apos;FluentValidation.DependencyInjectionExtensions.dll&apos;" date="2025-11-17T14:28:53.125" /><!-- duration: 16ms -->
          <step title="Copying file: &apos;FluentValidation.dll&apos;" date="2025-11-17T14:28:53.141" /><!-- duration: 31ms -->
          <step title="Copying file: &apos;Google.Apis.Auth.dll&apos;" date="2025-11-17T14:28:53.172" /><!-- duration: 0ms -->
          <step title="Copying file: &apos;Google.Apis.Auth.PlatformServices.dll&apos;" date="2025-11-17T14:28:53.188" /><!-- duration: 0ms -->
          <step title="Copying file: &apos;Google.Apis.Core.dll&apos;" date="2025-11-17T14:28:53.203" /><!-- duration: 0ms -->
          <step title="Copying file: &apos;Google.Apis.dll&apos;" date="2025-11-17T14:28:53.219" /><!-- duration: 16ms -->
          <step title="Copying file: &apos;Hangfire.AspNetCore.dll&apos;" date="2025-11-17T14:28:53.234" /><!-- duration: 0ms -->
          <step title="Copying file: &apos;Hangfire.Core.dll&apos;" date="2025-11-17T14:28:53.250" /><!-- duration: 0ms -->
          <step title="Copying file: &apos;Hangfire.SqlServer.dll&apos;" date="2025-11-17T14:28:53.281" /><!-- duration: 31ms -->
          <step title="Copying file: &apos;MailKit.dll&apos;" date="2025-11-17T14:28:53.328" /><!-- duration: 0ms -->
          <step title="Copying file: &apos;MH.Api.deps.json&apos;" date="2025-11-17T14:28:53.344" /><!-- duration: 0ms -->
          <step title="Copying file: &apos;MH.Api.dll&apos;" date="2025-11-17T14:28:53.359" /><!-- duration: 0ms -->
          <step title="Copying file: &apos;MH.Api.exe&apos;" date="2025-11-17T14:28:53.375" /><!-- duration: 0ms -->
          <step title="Copying file: &apos;MH.Api.pdb&apos;" date="2025-11-17T14:28:53.391" /><!-- duration: 0ms -->
          <step title="Copying file: &apos;MH.Api.runtimeconfig.json&apos;" date="2025-11-17T14:28:53.406" /><!-- duration: 0ms -->
          <step title="Copying file: &apos;MH.Api.staticwebassets.endpoints.json&apos;" date="2025-11-17T14:28:53.422" /><!-- duration: 0ms -->
          <step title="Copying file: &apos;MH.Application.dll&apos;" date="2025-11-17T14:28:53.422" /><!-- duration: 16ms -->
          <step title="Copying file: &apos;MH.Application.pdb&apos;" date="2025-11-17T14:28:53.438" /><!-- duration: 16ms -->
          <step title="Copying file: &apos;MH.Domain.dll&apos;" date="2025-11-17T14:28:53.453" /><!-- duration: 16ms -->
          <step title="Omitting next output lines..." date="2025-11-17T14:28:53.469" /><!-- duration: 16ms -->
          <step title="Finished successfully." date="2025-11-17T14:28:56.875" /><!-- duration: 16ms -->
        </step><!-- duration: 4578ms -->
        <step title="Build completed succesfully." date="2025-11-17T14:28:56.938" /><!-- duration: 0ms -->
        <step title="Running post deployment command(s)..." date="2025-11-17T14:28:56.984" /><!-- duration: 0ms -->
        <step title="Requesting site restart" date="2025-11-17T14:28:57.031" /><!-- duration: 0ms -->
        <step title="Requesting site restart" date="2025-11-17T14:28:57.047" /><!-- duration: 0ms -->
        <step title="Requesting site restart. Attempt #1" date="2025-11-17T14:28:57.094" /><!-- duration: 0ms -->
        <step title="Requesting site restart. Attempt #1" date="2025-11-17T14:28:57.094" /><!-- duration: 16ms -->
        <step title="Successfully requested a restart. Attempt #1" date="2025-11-17T14:28:57.234" /><!-- duration: 16ms -->
        <step title="Successfully requested a restart. Attempt #1" date="2025-11-17T14:28:57.250" /><!-- duration: 0ms -->
        <step title="Deployment successful. DEPLOYMENTINFO: deploymentPath = OneDeploy, deployer = OneDeploy, os = windows, sku = Free, siteName = NgCanduAPI, siteHostName = ngcanduapi.azurewebsites.net, deploymentStatus = Success" date="2025-11-17T14:28:57.297" /><!-- duration: 0ms -->
        <step title="Purge deployment items" date="2025-11-17T14:28:57.391" >
          <step title="Remove 0e7fdfa9e, Success, received at 11/17/2025 12:35:50 PM" date="2025-11-17T14:28:57.453" /><!-- duration: 0ms -->
        </step><!-- duration: 63ms -->
      </step><!-- duration: 5516ms -->
    </step><!-- duration: 5766ms -->
    <step title="Cleaning up temp files" date="2025-11-17T14:28:57.500" /><!-- duration: 0ms -->
    <step title="Skip function trigger and logicapp sync because function is not enabled." date="2025-11-17T14:28:57.516" /><!-- duration: 0ms -->
  </step><!-- duration: 6906ms -->
  <step title="LockFile &apos;C:\home\site\locks\deployments.lock&apos; released" date="2025-11-17T14:28:57.547" /><!-- duration: 16ms -->
  <step title="Deleting shutdown sentinel file" date="2025-11-17T14:28:57.563" SemaphoreCount="8" /><!-- duration: 16ms -->
</step><!-- duration: 7000ms -->
