<step title="BackgroundTrace" date="2025-11-12T08:43:01.371" instance="22a7da" url="/api/publish" method="POST" >
  <step title="Updating shutdown sentinel last write time" date="2025-11-12T08:43:01.371" SemaphoreCount="7" /><!-- duration: 16ms -->
  <step title="LockFile &apos;C:\home\site\locks\deployments.lock&apos; acquired" date="2025-11-12T08:43:01.387" /><!-- duration: 0ms -->
  <step title="Creating temporary deployment" date="2025-11-12T08:43:01.403" /><!-- duration: 16ms -->
  <step title="Performing fetch based deployment" date="2025-11-12T08:43:01.434" >
    <step title="Fetching changes." date="2025-11-12T08:43:01.481" /><!-- duration: 16ms -->
    <step title="Starting LocalZipHandler" date="2025-11-12T08:43:01.496" /><!-- duration: 16ms -->
    <step title="Cleaning up temp folders from previous zip deployments and extracting pushed zip file C:\local\Temp\zipdeploy\45rvpv4t.zip (25.24 MB) to C:\local\Temp\zipdeploy\extracted" date="2025-11-12T08:43:01.528" /><!-- duration: 0ms -->
    <step title="Cleaning up temp folders from previous zip deployments and extracting pushed zip file C:\local\Temp\zipdeploy\45rvpv4t.zip (25.24 MB) to C:\local\Temp\zipdeploy\extracted" date="2025-11-12T08:43:01.543" >
      <step title="Renaming extractTargetDirectory(C:\local\Temp\zipdeploy\extracted) to tempDirectory(C:\local\Temp\zipdeploy\sdmyzs5s.1gq)" date="2025-11-12T08:43:01.543" /><!-- duration: 0ms -->
      <step title="Extracting 295 entries to C:\local\Temp\zipdeploy\extracted directory" date="2025-11-12T08:43:01.559" >
        <step title="Extracting to C:\local\Temp\zipdeploy\extracted\appsettings.Development.json ..." date="2025-11-12T08:43:01.559" /><!-- duration: 16ms -->
        <step title="Extracting to C:\local\Temp\zipdeploy\extracted\appsettings.json ..." date="2025-11-12T08:43:01.574" /><!-- duration: 0ms -->
        <step title="Extracting to C:\local\Temp\zipdeploy\extracted\AutoMapper.dll ..." date="2025-11-12T08:43:01.590" /><!-- duration: 0ms -->
        <step title="Extracting to C:\local\Temp\zipdeploy\extracted\AutoMapper.Extensions.Microsoft.DependencyInjection.dll ..." date="2025-11-12T08:43:01.590" /><!-- duration: 16ms -->
        <step title="Extracting to C:\local\Temp\zipdeploy\extracted\Azure.Core.dll ..." date="2025-11-12T08:43:01.606" /><!-- duration: 16ms -->
        <step title="Omitting extracting file traces ..." date="2025-11-12T08:43:01.621" /><!-- duration: 16ms -->
      </step><!-- duration: 969ms -->
    </step><!-- duration: 984ms -->
    <step title="Before sending BuildRequestReceived status to /api/updatedeploystatus" date="2025-11-12T08:43:02.543" /><!-- duration: 16ms -->
    <step title="DeploymentManager.Deploy(id:2b90b951d2f44bf886fc60e290287b2f)" date="2025-11-12T08:43:02.559" >
      <step title="Collecting changeset information" date="2025-11-12T08:43:02.559" /><!-- duration: 47ms -->
      <step title="Updating submodules" date="2025-11-12T08:43:02.606" >
        <step title="Updating submodules." date="2025-11-12T08:43:02.653" /><!-- duration: 0ms -->
      </step><!-- duration: 62ms -->
      <step title="Preparing deployment for commit id &apos;2b90b951d2&apos;." date="2025-11-12T08:43:02.715" /><!-- duration: 0ms -->
      <step title="Determining deployment builder" date="2025-11-12T08:43:02.762" >
        <step title="Builder is OneDeployBuilder" date="2025-11-12T08:43:02.762" /><!-- duration: 0ms -->
      </step><!-- duration: 16ms -->
      <step title="Copying SSH keys" date="2025-11-12T08:43:02.793" /><!-- duration: 0ms -->
      <step title="Building" date="2025-11-12T08:43:02.793" >
        <step title="Running build. Project type: OneDeploy" date="2025-11-12T08:43:02.840" /><!-- duration: 0ms -->
        <step title="Copying the manifest" date="2025-11-12T08:43:02.902" /><!-- duration: 0ms -->
        <step title="Clean deploying to C:\home\site\wwwroot" date="2025-11-12T08:43:02.965" /><!-- duration: 16ms -->
        <step title="Generating deployment script." date="2025-11-12T08:43:03.012" /><!-- duration: 16ms -->
        <step title="Generating deployment script" date="2025-11-12T08:43:03.028" >
          <step title="Using cached version of the deployment script for command: -y --no-dot-deployment -r &quot;C:\local\Temp\zipdeploy\extracted&quot; -o &quot;C:\home\site\deployments\tools&quot; --basic --sitePath &quot;C:\local\Temp\zipdeploy\extracted&quot;" date="2025-11-12T08:43:03.059" /><!-- duration: 0ms -->
          <step title="Using cached version of deployment script (command: &apos;azure -y --no-dot-deployment -r &quot;C:\local\Temp\zipdeploy\extracted&quot; -o &quot;C:\home\site\deployments\tools&quot; --basic --sitePath &quot;C:\local\Temp\zipdeploy\extracted&quot;&apos;)." date="2025-11-12T08:43:03.074" /><!-- duration: 0ms -->
        </step><!-- duration: 62ms -->
        <step title="Running deployment command..." date="2025-11-12T08:43:03.121" /><!-- duration: 16ms -->
        <step title="Command: &quot;C:\home\site\deployments\tools\deploy.cmd&quot;" date="2025-11-12T08:43:03.137" /><!-- duration: 16ms -->
        <step title="Executing external process" date="2025-11-12T08:43:03.153" type="process" path="starter.cmd" arguments="&quot;C:\home\site\deployments\tools\deploy.cmd&quot;" >
          <step title="Handling Basic Web Site deployment." date="2025-11-12T08:43:03.262" /><!-- duration: 16ms -->
          <step title="Creating app_offline.htm" date="2025-11-12T08:43:03.715" /><!-- duration: 16ms -->
          <step title="KuduSync.NET from: &apos;C:\local\Temp\zipdeploy\extracted&apos; to: &apos;C:\home\site\wwwroot&apos;" date="2025-11-12T08:43:03.762" /><!-- duration: 16ms -->
          <step title="Copying file: &apos;appsettings.Development.json&apos;" date="2025-11-12T08:43:03.778" /><!-- duration: 16ms -->
          <step title="Copying file: &apos;appsettings.json&apos;" date="2025-11-12T08:43:03.793" /><!-- duration: 16ms -->
          <step title="Copying file: &apos;AutoMapper.dll&apos;" date="2025-11-12T08:43:03.824" /><!-- duration: 16ms -->
          <step title="Copying file: &apos;AutoMapper.Extensions.Microsoft.DependencyInjection.dll&apos;" date="2025-11-12T08:43:03.840" /><!-- duration: 16ms -->
          <step title="Copying file: &apos;Azure.Core.dll&apos;" date="2025-11-12T08:43:03.856" /><!-- duration: 0ms -->
          <step title="Copying file: &apos;Azure.Identity.dll&apos;" date="2025-11-12T08:43:03.871" /><!-- duration: 0ms -->
          <step title="Copying file: &apos;BouncyCastle.Crypto.dll&apos;" date="2025-11-12T08:43:03.887" /><!-- duration: 0ms -->
          <step title="Copying file: &apos;FluentValidation.AspNetCore.dll&apos;" date="2025-11-12T08:43:03.902" /><!-- duration: 0ms -->
          <step title="Copying file: &apos;FluentValidation.DependencyInjectionExtensions.dll&apos;" date="2025-11-12T08:43:03.918" /><!-- duration: 0ms -->
          <step title="Copying file: &apos;FluentValidation.dll&apos;" date="2025-11-12T08:43:03.918" /><!-- duration: 16ms -->
          <step title="Copying file: &apos;Google.Apis.Auth.dll&apos;" date="2025-11-12T08:43:03.934" /><!-- duration: 16ms -->
          <step title="Copying file: &apos;Google.Apis.Auth.PlatformServices.dll&apos;" date="2025-11-12T08:43:03.949" /><!-- duration: 0ms -->
          <step title="Copying file: &apos;Google.Apis.Core.dll&apos;" date="2025-11-12T08:43:03.965" /><!-- duration: 0ms -->
          <step title="Copying file: &apos;Google.Apis.dll&apos;" date="2025-11-12T08:43:03.981" /><!-- duration: 0ms -->
          <step title="Copying file: &apos;Hangfire.AspNetCore.dll&apos;" date="2025-11-12T08:43:03.996" /><!-- duration: 0ms -->
          <step title="Copying file: &apos;Hangfire.Core.dll&apos;" date="2025-11-12T08:43:03.996" /><!-- duration: 16ms -->
          <step title="Copying file: &apos;Hangfire.SqlServer.dll&apos;" date="2025-11-12T08:43:04.012" /><!-- duration: 16ms -->
          <step title="Copying file: &apos;MailKit.dll&apos;" date="2025-11-12T08:43:04.043" /><!-- duration: 0ms -->
          <step title="Copying file: &apos;MH.Api.deps.json&apos;" date="2025-11-12T08:43:04.059" /><!-- duration: 0ms -->
          <step title="Copying file: &apos;MH.Api.dll&apos;" date="2025-11-12T08:43:04.090" /><!-- duration: 0ms -->
          <step title="Copying file: &apos;MH.Api.exe&apos;" date="2025-11-12T08:43:04.106" /><!-- duration: 0ms -->
          <step title="Copying file: &apos;MH.Api.pdb&apos;" date="2025-11-12T08:43:04.121" /><!-- duration: 0ms -->
          <step title="Copying file: &apos;MH.Api.runtimeconfig.json&apos;" date="2025-11-12T08:43:04.121" /><!-- duration: 16ms -->
          <step title="Copying file: &apos;MH.Api.staticwebassets.endpoints.json&apos;" date="2025-11-12T08:43:04.137" /><!-- duration: 16ms -->
          <step title="Copying file: &apos;MH.Application.deps.json&apos;" date="2025-11-12T08:43:04.153" /><!-- duration: 0ms -->
          <step title="Copying file: &apos;MH.Application.dll&apos;" date="2025-11-12T08:43:04.168" /><!-- duration: 0ms -->
          <step title="Copying file: &apos;MH.Application.pdb&apos;" date="2025-11-12T08:43:04.184" /><!-- duration: 0ms -->
          <step title="Copying file: &apos;MH.Domain.deps.json&apos;" date="2025-11-12T08:43:04.199" /><!-- duration: 16ms -->
          <step title="Copying file: &apos;MH.Domain.dll&apos;" date="2025-11-12T08:43:04.231" /><!-- duration: 0ms -->
          <step title="Copying file: &apos;MH.Domain.pdb&apos;" date="2025-11-12T08:43:04.246" /><!-- duration: 0ms -->
          <step title="Copying file: &apos;MH.Infrastructure.deps.json&apos;" date="2025-11-12T08:43:04.246" /><!-- duration: 16ms -->
          <step title="Copying file: &apos;MH.Infrastructure.dll&apos;" date="2025-11-12T08:43:04.262" /><!-- duration: 0ms -->
          <step title="Copying file: &apos;MH.Infrastructure.pdb&apos;" date="2025-11-12T08:43:04.277" /><!-- duration: 0ms -->
          <step title="Copying file: &apos;MH.Infrastructure.runtimeconfig.json&apos;" date="2025-11-12T08:43:04.293" /><!-- duration: 0ms -->
          <step title="Copying file: &apos;Microsoft.ApplicationInsights.dll&apos;" date="2025-11-12T08:43:04.309" /><!-- duration: 0ms -->
          <step title="Copying file: &apos;Microsoft.AspNetCore.Authentication.Facebook.dll&apos;" date="2025-11-12T08:43:04.324" /><!-- duration: 0ms -->
          <step title="Copying file: &apos;Microsoft.AspNetCore.Authentication.JwtBearer.dll&apos;" date="2025-11-12T08:43:04.340" /><!-- duration: 0ms -->
          <step title="Copying file: &apos;Microsoft.AspNetCore.Cryptography.Internal.dll&apos;" date="2025-11-12T08:43:04.340" /><!-- duration: 16ms -->
          <step title="Copying file: &apos;Microsoft.AspNetCore.Cryptography.KeyDerivation.dll&apos;" date="2025-11-12T08:43:04.356" /><!-- duration: 16ms -->
          <step title="Copying file: &apos;Microsoft.AspNetCore.Http.Features.dll&apos;" date="2025-11-12T08:43:04.371" /><!-- duration: 0ms -->
          <step title="Copying file: &apos;Microsoft.AspNetCore.Identity.EntityFrameworkCore.dll&apos;" date="2025-11-12T08:43:04.387" /><!-- duration: 0ms -->
          <step title="Copying file: &apos;Microsoft.Bcl.AsyncInterfaces.dll&apos;" date="2025-11-12T08:43:04.403" /><!-- duration: 0ms -->
          <step title="Copying file: &apos;Microsoft.Data.SqlClient.dll&apos;" date="2025-11-12T08:43:04.418" /><!-- duration: 0ms -->
          <step title="Copying file: &apos;Microsoft.EntityFrameworkCore.Abstractions.dll&apos;" date="2025-11-12T08:43:04.434" /><!-- duration: 0ms -->
          <step title="Copying file: &apos;Microsoft.EntityFrameworkCore.dll&apos;" date="2025-11-12T08:43:04.434" /><!-- duration: 16ms -->
          <step title="Copying file: &apos;Microsoft.EntityFrameworkCore.Relational.dll&apos;" date="2025-11-12T08:43:04.465" /><!-- duration: 16ms -->
          <step title="Copying file: &apos;Microsoft.EntityFrameworkCore.SqlServer.dll&apos;" date="2025-11-12T08:43:04.481" /><!-- duration: 0ms -->
          <step title="Copying file: &apos;Microsoft.Extensions.Caching.Abstractions.dll&apos;" date="2025-11-12T08:43:04.496" /><!-- duration: 0ms -->
          <step title="Omitting next output lines..." date="2025-11-12T08:43:04.512" /><!-- duration: 0ms -->
          <step title="Finished successfully." date="2025-11-12T08:43:07.543" /><!-- duration: 0ms -->
        </step><!-- duration: 4406ms -->
        <step title="Build completed succesfully." date="2025-11-12T08:43:07.590" /><!-- duration: 0ms -->
        <step title="Running post deployment command(s)..." date="2025-11-12T08:43:07.652" /><!-- duration: 0ms -->
        <step title="Requesting site restart" date="2025-11-12T08:43:07.699" /><!-- duration: 0ms -->
        <step title="Requesting site restart" date="2025-11-12T08:43:07.715" /><!-- duration: 0ms -->
        <step title="Requesting site restart. Attempt #1" date="2025-11-12T08:43:07.777" /><!-- duration: 16ms -->
        <step title="Requesting site restart. Attempt #1" date="2025-11-12T08:43:07.793" /><!-- duration: 0ms -->
        <step title="Successfully requested a restart. Attempt #1" date="2025-11-12T08:43:08.137" /><!-- duration: 0ms -->
        <step title="Successfully requested a restart. Attempt #1" date="2025-11-12T08:43:08.152" /><!-- duration: 0ms -->
        <step title="Deployment successful. DEPLOYMENTINFO: deploymentPath = OneDeploy, deployer = OneDeploy, os = windows, sku = Free, siteName = NgCanduAPI, siteHostName = ngcanduapi.azurewebsites.net, deploymentStatus = Success" date="2025-11-12T08:43:08.184" /><!-- duration: 16ms -->
        <step title="Purge deployment items" date="2025-11-12T08:43:08.262" >
          <step title="Remove c60171a96, Success, received at 6/10/2023 5:58:08 AM" date="2025-11-12T08:43:08.324" /><!-- duration: 16ms -->
        </step><!-- duration: 78ms -->
      </step><!-- duration: 5594ms -->
    </step><!-- duration: 5844ms -->
    <step title="Cleaning up temp files" date="2025-11-12T08:43:08.402" /><!-- duration: 0ms -->
    <step title="Skip function trigger and logicapp sync because function is not enabled." date="2025-11-12T08:43:08.418" /><!-- duration: 0ms -->
  </step><!-- duration: 7000ms -->
  <step title="LockFile &apos;C:\home\site\locks\deployments.lock&apos; released" date="2025-11-12T08:43:08.434" /><!-- duration: 16ms -->
  <step title="Deleting shutdown sentinel file" date="2025-11-12T08:43:08.449" SemaphoreCount="8" /><!-- duration: 0ms -->
</step><!-- duration: 7094ms -->
