<step title="Incoming Request" date="2025-11-12T10:43:40.796" instance="22a7da" url="/api/publish?async=true&amp;deployer=GITHUB_ONE_DEPLOY&amp;type=zip&amp;message=%7B%22type%22%3A%22deployment%22%2C%22sha%22%3A%2219cf44c1553a63d5fc6561f3a5369fc3fc9c7e90%22%2C%22repoName%22%3A%22daedalusdigital-za%2FNCD-API%22%2C%22actor%22%3A%22daedalusdigital-za%22%2C%22slotName%22%3A%22Production%22%2C%22commitMessage%22%3A%22fix%3A%20Ignore%20CreatedBy%2FUpdatedBy%20in%20TrainerConfiguration%20as%20columns%20don%27t%20exist%20in%20database%22%7D" method="POST" type="request" pid="6936,2,9" Transfer-Encoding="chunked" Content-Type="application/octet-stream" Authorization="Bas..." Cookie="ARRAffinity=22a7daa836b64a8ce56c907737553d08297ff2e76cd06a1f52c29956b9a85c17;Path=/;HttpOnly;Secure;Domain=ngcanduapi.scm.azurewebsites.net; ARRAffinitySameSite=22a7daa836b64a8ce56c907737553d08297ff2e76cd06a1f52c29956b9a85c17;Path=/;HttpOnly;SameSite=None;Secure;Domain=ngcanduapi.scm.azurewebsites.net" Host="ngcanduapi.scm.azurewebsites.net" User-Agent="GITHUBACTIONS_DeployWebAppToAzure_911ad8e07dd1095a617b283f0e1b400847f2d2bffc6e1de6b85a1cbb3aaec3dc" X-ARR-LOG-ID="a7baefa6-1322-4c0c-9f01-56f97d80dc53" CLIENT-IP="20.169.76.208:23553" X-SITE-DEPLOYMENT-ID="NgCanduAPI" WAS-DEFAULT-HOSTNAME="ngcanduapi.scm.azurewebsites.net" X-Forwarded-Proto="https" X-AppService-Proto="https" X-Forwarded-TlsVersion="1.3" X-WAWS-Unencoded-URL="/api/publish?async=true&amp;deployer=GITHUB_ONE_DEPLOY&amp;type=zip&amp;message=%7B%22type%22%3A%22deployment%22%2C%22sha%22%3A%2219cf44c1553a63d5fc6561f3a5369fc3fc9c7e90%22%2C%22repoName%22%3A%22daedalusdigital-za%2FNCD-API%22%2C%22actor%22%3A%22daedalusdigital-za%22%2C%22slotName%22%3A%22Production%22%2C%22commitMessage%22%3A%22fix%3A%20Ignore%20CreatedBy%2FUpdatedBy%20in%20TrainerConfiguration%20as%20columns%20don%27t%20exist%20in%20database%22%7D" >
  <step title="OneDeploy" date="2025-11-12T10:43:40.874" >
    <step title="Starting PushDeployAsync" date="2025-11-12T10:43:40.905" /><!-- duration: 0ms -->
    <step title="Updating shutdown sentinel last write time" date="2025-11-12T10:43:40.936" SemaphoreCount="7" /><!-- duration: 0ms -->
    <step title="LockFile &apos;C:\home\site\locks\deployments.lock&apos; acquired" date="2025-11-12T10:43:40.952" /><!-- duration: 0ms -->
    <step title="Saving request content to C:\local\Temp\zipdeploy\z3eewkrt.zip" date="2025-11-12T10:43:40.952" >
      <step title="Total 26,465,194 bytes written to C:\local\Temp\zipdeploy\z3eewkrt.zip" date="2025-11-12T10:43:41.733" /><!-- duration: 0ms -->
    </step><!-- duration: 781ms -->
    <step title="LockFile &apos;C:\home\site\locks\deployments.lock&apos; released" date="2025-11-12T10:43:41.749" /><!-- duration: 0ms -->
    <step title="Deleting shutdown sentinel file" date="2025-11-12T10:43:41.764" SemaphoreCount="8" /><!-- duration: 0ms -->
    <step title="Starting FetchDeploy" date="2025-11-12T10:43:41.780" /><!-- duration: 0ms -->
    <step title="Start deployment in the background" date="2025-11-12T10:43:41.780" /><!-- duration: 109ms -->
  </step><!-- duration: 1016ms -->
  <step title="Outgoing response" date="2025-11-12T10:43:41.905" type="response" statusCode="202" statusText="Accepted" Server="Microsoft-IIS/10.0" x-ms-request-id="a7baefa6-1322-4c0c-9f01-56f97d80dc53" Retry-After="30" Cache-Control="private" X-AspNet-Version="4.0.30319" Location="https://ngcanduapi.scm.azurewebsites.net/api/deployments/latest?deployer=OneDeploy&amp;time=2025-11-12_10-43-41Z" /><!-- duration: 0ms -->
</step><!-- duration: 1109ms -->
