<step title="Incoming Request" date="2025-11-12T08:43:00.965" instance="22a7da" url="/api/publish?async=true&amp;deployer=GITHUB_ONE_DEPLOY&amp;type=zip&amp;message=%7B%22type%22%3A%22deployment%22%2C%22sha%22%3A%225b04a1089359318662728d8e1edcfdaf6596b16e%22%2C%22repoName%22%3A%22daedalusdigital-za%2FNCD-API%22%2C%22actor%22%3A%22daedalusdigital-za%22%2C%22slotName%22%3A%22Production%22%2C%22commitMessage%22%3A%22feat%3A%20Add%20TrainerConfiguration%20to%20map%20BaseModel%20properties%20to%20existing%20database%20columns%20(CreatedAt%2FUpdatedAt)%22%7D" method="POST" type="request" pid="8932,2,11" Transfer-Encoding="chunked" Content-Type="application/octet-stream" Authorization="Bas..." Cookie="ARRAffinity=22a7daa836b64a8ce56c907737553d08297ff2e76cd06a1f52c29956b9a85c17;Path=/;HttpOnly;Secure;Domain=ngcanduapi.scm.azurewebsites.net; ARRAffinitySameSite=22a7daa836b64a8ce56c907737553d08297ff2e76cd06a1f52c29956b9a85c17;Path=/;HttpOnly;SameSite=None;Secure;Domain=ngcanduapi.scm.azurewebsites.net" Host="ngcanduapi.scm.azurewebsites.net" User-Agent="GITHUBACTIONS_DeployWebAppToAzure_911ad8e07dd1095a617b283f0e1b400847f2d2bffc6e1de6b85a1cbb3aaec3dc" X-ARR-LOG-ID="4aba73b5-9a29-48a2-8f21-faa07e875526" CLIENT-IP="135.232.208.144:37888" X-SITE-DEPLOYMENT-ID="NgCanduAPI" WAS-DEFAULT-HOSTNAME="ngcanduapi.scm.azurewebsites.net" X-Forwarded-Proto="https" X-AppService-Proto="https" X-Forwarded-TlsVersion="1.3" X-WAWS-Unencoded-URL="/api/publish?async=true&amp;deployer=GITHUB_ONE_DEPLOY&amp;type=zip&amp;message=%7B%22type%22%3A%22deployment%22%2C%22sha%22%3A%225b04a1089359318662728d8e1edcfdaf6596b16e%22%2C%22repoName%22%3A%22daedalusdigital-za%2FNCD-API%22%2C%22actor%22%3A%22daedalusdigital-za%22%2C%22slotName%22%3A%22Production%22%2C%22commitMessage%22%3A%22feat%3A%20Add%20TrainerConfiguration%20to%20map%20BaseModel%20properties%20to%20existing%20database%20columns%20(CreatedAt%2FUpdatedAt)%22%7D" >
  <step title="OneDeploy" date="2025-11-12T08:43:00.996" >
    <step title="Starting PushDeployAsync" date="2025-11-12T08:43:00.996" /><!-- duration: 16ms -->
    <step title="Updating shutdown sentinel last write time" date="2025-11-12T08:43:01.028" SemaphoreCount="7" /><!-- duration: 16ms -->
    <step title="LockFile &apos;C:\home\site\locks\deployments.lock&apos; acquired" date="2025-11-12T08:43:01.043" /><!-- duration: 0ms -->
    <step title="Saving request content to C:\local\Temp\zipdeploy\45rvpv4t.zip" date="2025-11-12T08:43:01.074" >
      <step title="Total 26,465,229 bytes written to C:\local\Temp\zipdeploy\45rvpv4t.zip" date="2025-11-12T08:43:01.293" /><!-- duration: 16ms -->
    </step><!-- duration: 234ms -->
    <step title="LockFile &apos;C:\home\site\locks\deployments.lock&apos; released" date="2025-11-12T08:43:01.324" /><!-- duration: 16ms -->
    <step title="Deleting shutdown sentinel file" date="2025-11-12T08:43:01.340" SemaphoreCount="8" /><!-- duration: 0ms -->
    <step title="Starting FetchDeploy" date="2025-11-12T08:43:01.356" /><!-- duration: 0ms -->
    <step title="Start deployment in the background" date="2025-11-12T08:43:01.356" /><!-- duration: 78ms -->
  </step><!-- duration: 437ms -->
  <step title="Outgoing response" date="2025-11-12T08:43:01.449" type="response" statusCode="202" statusText="Accepted" Server="Microsoft-IIS/10.0" x-ms-request-id="4aba73b5-9a29-48a2-8f21-faa07e875526" Retry-After="30" Cache-Control="private" X-AspNet-Version="4.0.30319" Location="https://ngcanduapi.scm.azurewebsites.net/api/deployments/latest?deployer=OneDeploy&amp;time=2025-11-12_08-43-01Z" /><!-- duration: 0ms -->
</step><!-- duration: 500ms -->
