<step title="Incoming Request" date="2025-11-17T14:21:42.349" instance="92ca53" url="/api/publish?async=true&amp;deployer=GITHUB_ONE_DEPLOY&amp;type=zip&amp;message=%7B%22type%22%3A%22deployment%22%2C%22sha%22%3A%2276c40596b66981208b786bde31efa82e8187b033%22%2C%22repoName%22%3A%22daedalusdigital-za%2FNCD-API%22%2C%22actor%22%3A%22daedalusdigital-za%22%2C%22slotName%22%3A%22Production%22%2C%22commitMessage%22%3A%22Update%20Trainer%20and%20TrainingSession%20schemas%20-%20remove%20Bio%2C%20Experience%2C%20Qualification%20from%20Trainer%20and%20remove%20Description%2C%20StartDate%2FEndDate%2C%20StartTime%2FEndTime%2C%20Hospital%2C%20NumberOfParticipants%2C%20Objectives%2C%20Materials%20from%20TrainingSession%22%7D" method="POST" type="request" pid="8256,2,21" Transfer-Encoding="chunked" Content-Type="application/octet-stream" Authorization="Bas..." Cookie="ARRAffinity=92ca53ad8db4fbb93d4d3b7d8ab54dcf8ffecb2d731f25b0e91ad575d7534c3f;Path=/;HttpOnly;Secure;Domain=ngcanduapi.scm.azurewebsites.net; ARRAffinitySameSite=92ca53ad8db4fbb93d4d3b7d8ab54dcf8ffecb2d731f25b0e91ad575d7534c3f;Path=/;HttpOnly;SameSite=None;Secure;Domain=ngcanduapi.scm.azurewebsites.net" Host="ngcanduapi.scm.azurewebsites.net" User-Agent="GITHUBACTIONS_DeployWebAppToAzure_911ad8e07dd1095a617b283f0e1b400847f2d2bffc6e1de6b85a1cbb3aaec3dc" X-ARR-LOG-ID="d4ef8041-e5e4-4439-9d67-b601e0684062" CLIENT-IP="20.161.58.227:24600" X-SITE-DEPLOYMENT-ID="NgCanduAPI" WAS-DEFAULT-HOSTNAME="ngcanduapi.scm.azurewebsites.net" X-Forwarded-Proto="https" X-AppService-Proto="https" X-Forwarded-TlsVersion="1.3" X-WAWS-Unencoded-URL="/api/publish?async=true&amp;deployer=GITHUB_ONE_DEPLOY&amp;type=zip&amp;message=%7B%22type%22%3A%22deployment%22%2C%22sha%22%3A%2276c40596b66981208b786bde31efa82e8187b033%22%2C%22repoName%22%3A%22daedalusdigital-za%2FNCD-API%22%2C%22actor%22%3A%22daedalusdigital-za%22%2C%22slotName%22%3A%22Production%22%2C%22commitMessage%22%3A%22Update%20Trainer%20and%20TrainingSession%20schemas%20-%20remove%20Bio%2C%20Experience%2C%20Qualification%20from%20Trainer%20and%20remove%20Description%2C%20StartDate%2FEndDate%2C%20StartTime%2FEndTime%2C%20Hospital%2C%20NumberOfParticipants%2C%20Objectives%2C%20Materials%20from%20TrainingSession%22%7D" >
  <step title="OneDeploy" date="2025-11-17T14:21:42.349" >
    <step title="Starting PushDeployAsync" date="2025-11-17T14:21:42.365" /><!-- duration: 0ms -->
    <step title="Updating shutdown sentinel last write time" date="2025-11-17T14:21:42.380" SemaphoreCount="7" /><!-- duration: 0ms -->
    <step title="LockFile &apos;C:\home\site\locks\deployments.lock&apos; acquired" date="2025-11-17T14:21:42.396" /><!-- duration: 0ms -->
    <step title="Saving request content to C:\local\Temp\zipdeploy\5lbrcjlg.zip" date="2025-11-17T14:21:42.412" >
      <step title="Total 26,479,422 bytes written to C:\local\Temp\zipdeploy\5lbrcjlg.zip" date="2025-11-17T14:21:42.521" /><!-- duration: 0ms -->
    </step><!-- duration: 109ms -->
    <step title="LockFile &apos;C:\home\site\locks\deployments.lock&apos; released" date="2025-11-17T14:21:42.537" /><!-- duration: 16ms -->
    <step title="Deleting shutdown sentinel file" date="2025-11-17T14:21:42.568" SemaphoreCount="8" /><!-- duration: 0ms -->
    <step title="Starting FetchDeploy" date="2025-11-17T14:21:42.584" /><!-- duration: 0ms -->
    <step title="Start deployment in the background" date="2025-11-17T14:21:42.584" /><!-- duration: 78ms -->
  </step><!-- duration: 312ms -->
  <step title="Outgoing response" date="2025-11-17T14:21:42.677" type="response" statusCode="202" statusText="Accepted" Server="Microsoft-IIS/10.0" x-ms-request-id="d4ef8041-e5e4-4439-9d67-b601e0684062" Retry-After="30" Cache-Control="private" X-AspNet-Version="4.0.30319" Location="https://ngcanduapi.scm.azurewebsites.net/api/deployments/latest?deployer=OneDeploy&amp;time=2025-11-17_14-21-42Z" /><!-- duration: 0ms -->
</step><!-- duration: 344ms -->
