<step title="BackgroundTrace" date="2025-11-14T12:16:37.879" instance="92ca53" url="/api/publish" method="POST" >
  <step title="Cleanup Xml Logs" date="2025-11-14T12:16:37.895" /><!-- duration: 0ms -->
  <step title="Updating shutdown sentinel last write time" date="2025-11-14T12:16:37.926" SemaphoreCount="7" /><!-- duration: 0ms -->
  <step title="LockFile &apos;C:\home\site\locks\deployments.lock&apos; acquired" date="2025-11-14T12:16:37.926" /><!-- duration: 0ms -->
  <step title="Creating temporary deployment" date="2025-11-14T12:16:37.942" /><!-- duration: 47ms -->
  <step title="Performing fetch based deployment" date="2025-11-14T12:16:38.004" >
    <step title="Fetching changes." date="2025-11-14T12:16:38.083" /><!-- duration: 0ms -->
    <step title="Starting LocalZipHandler" date="2025-11-14T12:16:38.098" /><!-- duration: 0ms -->
    <step title="Cleaning up temp folders from previous zip deployments and extracting pushed zip file C:\local\Temp\zipdeploy\geesdr44.zip (22.25 MB) to C:\local\Temp\zipdeploy\extracted" date="2025-11-14T12:16:38.129" /><!-- duration: 16ms -->
    <step title="Cleaning up temp folders from previous zip deployments and extracting pushed zip file C:\local\Temp\zipdeploy\geesdr44.zip (22.25 MB) to C:\local\Temp\zipdeploy\extracted" date="2025-11-14T12:16:38.145" >
      <step title="Extracting 239 entries to C:\local\Temp\zipdeploy\extracted directory" date="2025-11-14T12:16:38.161" >
        <step title="Extracting to C:\local\Temp\zipdeploy\extracted\ca\Hangfire.Core.resources.dll ..." date="2025-11-14T12:16:38.161" /><!-- duration: 16ms -->
        <step title="Extracting to C:\local\Temp\zipdeploy\extracted\de\Hangfire.Core.resources.dll ..." date="2025-11-14T12:16:38.192" /><!-- duration: 0ms -->
        <step title="Extracting to C:\local\Temp\zipdeploy\extracted\es\Hangfire.Core.resources.dll ..." date="2025-11-14T12:16:38.208" /><!-- duration: 0ms -->
        <step title="Extracting to C:\local\Temp\zipdeploy\extracted\fa\Hangfire.Core.resources.dll ..." date="2025-11-14T12:16:38.208" /><!-- duration: 16ms -->
        <step title="Extracting to C:\local\Temp\zipdeploy\extracted\fr\Hangfire.Core.resources.dll ..." date="2025-11-14T12:16:38.223" /><!-- duration: 0ms -->
        <step title="Omitting extracting file traces ..." date="2025-11-14T12:16:38.239" /><!-- duration: 0ms -->
      </step><!-- duration: 922ms -->
    </step><!-- duration: 938ms -->
    <step title="Before sending BuildRequestReceived status to /api/updatedeploystatus" date="2025-11-14T12:16:39.098" /><!-- duration: 0ms -->
    <step title="DeploymentManager.Deploy(id:2ec010039aa443ee967551e8800de1c3)" date="2025-11-14T12:16:39.114" >
      <step title="Collecting changeset information" date="2025-11-14T12:16:39.114" /><!-- duration: 63ms -->
      <step title="Updating submodules" date="2025-11-14T12:16:39.176" >
        <step title="Updating submodules." date="2025-11-14T12:16:39.223" /><!-- duration: 0ms -->
      </step><!-- duration: 47ms -->
      <step title="Preparing deployment for commit id &apos;2ec010039a&apos;." date="2025-11-14T12:16:39.270" /><!-- duration: 16ms -->
      <step title="Determining deployment builder" date="2025-11-14T12:16:39.317" >
        <step title="Builder is OneDeployBuilder" date="2025-11-14T12:16:39.333" /><!-- duration: 0ms -->
      </step><!-- duration: 16ms -->
      <step title="Copying SSH keys" date="2025-11-14T12:16:39.364" /><!-- duration: 0ms -->
      <step title="Building" date="2025-11-14T12:16:39.364" >
        <step title="Running build. Project type: OneDeploy" date="2025-11-14T12:16:39.411" /><!-- duration: 16ms -->
        <step title="Copying the manifest" date="2025-11-14T12:16:39.458" /><!-- duration: 16ms -->
        <step title="Clean deploying to C:\home\site\wwwroot" date="2025-11-14T12:16:39.536" /><!-- duration: 0ms -->
        <step title="Generating deployment script." date="2025-11-14T12:16:39.583" /><!-- duration: 16ms -->
        <step title="Generating deployment script" date="2025-11-14T12:16:39.614" >
          <step title="Using cached version of the deployment script for command: -y --no-dot-deployment -r &quot;C:\local\Temp\zipdeploy\extracted&quot; -o &quot;C:\home\site\deployments\tools&quot; --basic --sitePath &quot;C:\local\Temp\zipdeploy\extracted&quot;" date="2025-11-14T12:16:39.661" /><!-- duration: 0ms -->
          <step title="Using cached version of deployment script (command: &apos;azure -y --no-dot-deployment -r &quot;C:\local\Temp\zipdeploy\extracted&quot; -o &quot;C:\home\site\deployments\tools&quot; --basic --sitePath &quot;C:\local\Temp\zipdeploy\extracted&quot;&apos;)." date="2025-11-14T12:16:39.692" /><!-- duration: 0ms -->
        </step><!-- duration: 94ms -->
        <step title="Running deployment command..." date="2025-11-14T12:16:39.770" /><!-- duration: 0ms -->
        <step title="Command: &quot;C:\home\site\deployments\tools\deploy.cmd&quot;" date="2025-11-14T12:16:39.786" /><!-- duration: 0ms -->
        <step title="Executing external process" date="2025-11-14T12:16:39.801" type="process" path="starter.cmd" arguments="&quot;C:\home\site\deployments\tools\deploy.cmd&quot;" >
          <step title="Handling Basic Web Site deployment." date="2025-11-14T12:16:39.926" /><!-- duration: 16ms -->
          <step title="Creating app_offline.htm" date="2025-11-14T12:16:42.286" /><!-- duration: 0ms -->
          <step title="KuduSync.NET from: &apos;C:\local\Temp\zipdeploy\extracted&apos; to: &apos;C:\home\site\wwwroot&apos;" date="2025-11-14T12:16:42.301" /><!-- duration: 0ms -->
          <step title="Copying file: &apos;MH.Api.dll&apos;" date="2025-11-14T12:16:42.317" /><!-- duration: 0ms -->
          <step title="Copying file: &apos;MH.Api.exe&apos;" date="2025-11-14T12:16:42.333" /><!-- duration: 0ms -->
          <step title="Copying file: &apos;MH.Api.pdb&apos;" date="2025-11-14T12:16:42.348" /><!-- duration: 0ms -->
          <step title="Copying file: &apos;MH.Api.runtimeconfig.json&apos;" date="2025-11-14T12:16:42.364" /><!-- duration: 16ms -->
          <step title="Copying file: &apos;MH.Application.dll&apos;" date="2025-11-14T12:16:42.395" /><!-- duration: 0ms -->
          <step title="Copying file: &apos;MH.Application.pdb&apos;" date="2025-11-14T12:16:42.411" /><!-- duration: 0ms -->
          <step title="Copying file: &apos;MH.Domain.dll&apos;" date="2025-11-14T12:16:42.426" /><!-- duration: 31ms -->
          <step title="Copying file: &apos;MH.Domain.pdb&apos;" date="2025-11-14T12:16:42.473" /><!-- duration: 0ms -->
          <step title="Copying file: &apos;MH.Infrastructure.dll&apos;" date="2025-11-14T12:16:42.489" /><!-- duration: 0ms -->
          <step title="Copying file: &apos;MH.Infrastructure.pdb&apos;" date="2025-11-14T12:16:42.520" /><!-- duration: 0ms -->
          <step title="Copying file: &apos;publish\publish\publish\appsettings.Development.json&apos;" date="2025-11-14T12:16:42.536" /><!-- duration: 0ms -->
          <step title="Copying file: &apos;publish\publish\publish\appsettings.json&apos;" date="2025-11-14T12:16:42.551" /><!-- duration: 0ms -->
          <step title="Copying file: &apos;publish\publish\publish\MH.Api.deps.json&apos;" date="2025-11-14T12:16:42.567" /><!-- duration: 0ms -->
          <step title="Copying file: &apos;publish\publish\publish\MH.Api.runtimeconfig.json&apos;" date="2025-11-14T12:16:42.583" /><!-- duration: 0ms -->
          <step title="Copying file: &apos;publish\publish\publish\MH.Api.staticwebassets.endpoints.json&apos;" date="2025-11-14T12:16:42.583" /><!-- duration: 16ms -->
          <step title="Copying file: &apos;publish\publish\publish\web.config&apos;" date="2025-11-14T12:16:42.598" /><!-- duration: 16ms -->
          <step title="Deleting app_offline.htm" date="2025-11-14T12:16:42.630" /><!-- duration: 16ms -->
          <step title="Finished successfully." date="2025-11-14T12:16:42.645" /><!-- duration: 16ms -->
        </step><!-- duration: 2859ms -->
        <step title="Build completed succesfully." date="2025-11-14T12:16:42.708" /><!-- duration: 0ms -->
        <step title="Running post deployment command(s)..." date="2025-11-14T12:16:42.755" /><!-- duration: 16ms -->
        <step title="Requesting site restart" date="2025-11-14T12:16:42.817" /><!-- duration: 0ms -->
        <step title="Requesting site restart" date="2025-11-14T12:16:42.833" /><!-- duration: 0ms -->
        <step title="Requesting site restart. Attempt #1" date="2025-11-14T12:16:42.880" /><!-- duration: 16ms -->
        <step title="Requesting site restart. Attempt #1" date="2025-11-14T12:16:42.895" /><!-- duration: 0ms -->
        <step title="Successfully requested a restart. Attempt #1" date="2025-11-14T12:16:43.223" /><!-- duration: 16ms -->
        <step title="Successfully requested a restart. Attempt #1" date="2025-11-14T12:16:43.239" /><!-- duration: 0ms -->
        <step title="Deployment successful. DEPLOYMENTINFO: deploymentPath = OneDeploy, deployer = OneDeploy, os = windows, sku = Free, siteName = NgCanduAPI, siteHostName = ngcanduapi.azurewebsites.net, deploymentStatus = Success" date="2025-11-14T12:16:43.286" /><!-- duration: 0ms -->
        <step title="Purge deployment items" date="2025-11-14T12:16:43.473" >
          <step title="Remove 7f138d9ef, Success, received at 11/12/2025 12:21:48 PM" date="2025-11-14T12:16:43.567" /><!-- duration: 0ms -->
        </step><!-- duration: 94ms -->
      </step><!-- duration: 4234ms -->
    </step><!-- duration: 4484ms -->
    <step title="Cleaning up temp files" date="2025-11-14T12:16:43.614" /><!-- duration: 0ms -->
    <step title="Skip function trigger and logicapp sync because function is not enabled." date="2025-11-14T12:16:43.630" /><!-- duration: 0ms -->
  </step><!-- duration: 5672ms -->
  <step title="LockFile &apos;C:\home\site\locks\deployments.lock&apos; released" date="2025-11-14T12:16:43.676" /><!-- duration: 16ms -->
  <step title="Deleting shutdown sentinel file" date="2025-11-14T12:16:43.692" SemaphoreCount="8" /><!-- duration: 16ms -->
</step><!-- duration: 5828ms -->
