<step title="Incoming Request" date="2025-11-17T11:50:16.224" instance="92ca53" url="/api/publish?type=zip&amp;async=True" method="POST" type="request" pid="12588,2,7" Cache-Control="no-cache" Connection="Keep-Alive" Content-Length="23303900" Content-Type="application/octet-stream" Accept="*/*" Accept-Encoding="gzip, deflate" Authorization="Bas..." Host="ngcanduapi.scm.azurewebsites.net" User-Agent="AZURECLI/2.75.0 (MSI)" x-ms-client-request-id="8f0bef52-c3ab-11f0-952a-c025a5cfe792" X-ARR-LOG-ID="8f0bef52-c3ab-11f0-952a-c025a5cfe792" CLIENT-IP="197.234.156.224:55028" X-SITE-DEPLOYMENT-ID="NgCanduAPI" WAS-DEFAULT-HOSTNAME="ngcanduapi.scm.azurewebsites.net" X-Forwarded-Proto="https" X-AppService-Proto="https" X-Forwarded-TlsVersion="1.3" X-WAWS-Unencoded-URL="/api/publish?type=zip&amp;async=True" X-MS-COLDSTART="1" >
  <step title="OneDeploy" date="2025-11-17T11:50:16.755" >
    <step title="Starting PushDeployAsync" date="2025-11-17T11:50:16.771" /><!-- duration: 0ms -->
    <step title="Updating shutdown sentinel last write time" date="2025-11-17T11:50:16.818" SemaphoreCount="7" /><!-- duration: 0ms -->
    <step title="LockFile &apos;C:\home\site\locks\deployments.lock&apos; acquired" date="2025-11-17T11:50:16.833" /><!-- duration: 0ms -->
    <step title="Saving request content to C:\local\Temp\zipdeploy\odhy0g3l.zip" date="2025-11-17T11:50:16.833" >
      <step title="Total 23,303,900 bytes written to C:\local\Temp\zipdeploy\odhy0g3l.zip" date="2025-11-17T11:50:19.334" /><!-- duration: 16ms -->
    </step><!-- duration: 2516ms -->
    <step title="LockFile &apos;C:\home\site\locks\deployments.lock&apos; released" date="2025-11-17T11:50:19.365" /><!-- duration: 0ms -->
    <step title="Deleting shutdown sentinel file" date="2025-11-17T11:50:19.381" SemaphoreCount="8" /><!-- duration: 0ms -->
    <step title="Starting FetchDeploy" date="2025-11-17T11:50:19.381" /><!-- duration: 16ms -->
    <step title="Start deployment in the background" date="2025-11-17T11:50:19.396" /><!-- duration: 94ms -->
  </step><!-- duration: 2751ms -->
  <step title="Outgoing response" date="2025-11-17T11:50:19.537" type="response" statusCode="202" statusText="Accepted" Server="Microsoft-IIS/10.0" x-ms-request-id="8f0bef52-c3ab-11f0-952a-c025a5cfe792" Retry-After="30" Cache-Control="private" X-AspNet-Version="4.0.30319" Location="https://ngcanduapi.scm.azurewebsites.net/api/deployments/latest?deployer=OneDeploy&amp;time=2025-11-17_11-50-19Z" /><!-- duration: 0ms -->
</step><!-- duration: 3329ms -->
