﻿<?xml version="1.0" encoding="utf-8"?>
<deployment>
  <id>57d695e4581849d6bb5c2b5f373e7e68</id>
  <author>N/A</author>
  <deployer>OneDeploy</deployer>
  <authorEmail>N/A</authorEmail>
  <message>OneDeploy</message>
  <progress></progress>
  <status>Success</status>
  <statusText></statusText>
  <lastSuccessEndTime>2025-11-18T07:03:07.8042823Z</lastSuccessEndTime>
  <receivedTime>2025-11-18T07:03:05.6636454Z</receivedTime>
  <startTime>2025-11-18T07:03:05.8355217Z</startTime>
  <endTime>2025-11-18T07:03:07.8042823Z</endTime>
  <complete>True</complete>
  <is_temp>False</is_temp>
  <is_readonly>True</is_readonly>
  <project_type>OneDeploy</project_type>
  <vsproject_id></vsproject_id>
</deployment>