﻿<?xml version="1.0" encoding="utf-8"?>
<deployment>
  <id>fb05fb2cac144bd1ab33f3317ed66535</id>
  <author>N/A</author>
  <deployer>ZipDeploy</deployer>
  <authorEmail>N/A</authorEmail>
  <message>Created via a push deployment</message>
  <progress></progress>
  <status>Success</status>
  <statusText></statusText>
  <lastSuccessEndTime>2025-11-20T13:14:17.9970259Z</lastSuccessEndTime>
  <receivedTime>2025-11-20T13:14:14.2782583Z</receivedTime>
  <startTime>2025-11-20T13:14:14.4188747Z</startTime>
  <endTime>2025-11-20T13:14:17.9970259Z</endTime>
  <complete>True</complete>
  <is_temp>False</is_temp>
  <is_readonly>True</is_readonly>
  <project_type>BASIC</project_type>
  <vsproject_id></vsproject_id>
</deployment>