﻿<?xml version="1.0" encoding="utf-8"?>
<deployment>
  <id>e84fa730565a4ca1aa4c5d9767936645</id>
  <author>N/A</author>
  <deployer>OneDeploy</deployer>
  <authorEmail>N/A</authorEmail>
  <message>OneDeploy</message>
  <progress></progress>
  <status>Success</status>
  <statusText></statusText>
  <lastSuccessEndTime>2025-11-18T06:20:03.9161333Z</lastSuccessEndTime>
  <receivedTime>2025-11-18T06:19:59.4626656Z</receivedTime>
  <startTime>2025-11-18T06:19:59.6501248Z</startTime>
  <endTime>2025-11-18T06:20:03.9161333Z</endTime>
  <complete>True</complete>
  <is_temp>False</is_temp>
  <is_readonly>True</is_readonly>
  <project_type>OneDeploy</project_type>
  <vsproject_id></vsproject_id>
</deployment>