﻿<?xml version="1.0" encoding="utf-8"?>
<deployment>
  <id>bf0fd00967024bd0bcbccf5c9e707064</id>
  <author>N/A</author>
  <deployer>OneDeploy</deployer>
  <authorEmail>N/A</authorEmail>
  <message>OneDeploy</message>
  <progress></progress>
  <status>Success</status>
  <statusText></statusText>
  <lastSuccessEndTime>2025-11-17T13:08:48.1383885Z</lastSuccessEndTime>
  <receivedTime>2025-11-17T13:08:44.2003889Z</receivedTime>
  <startTime>2025-11-17T13:08:44.341013Z</startTime>
  <endTime>2025-11-17T13:08:48.1383885Z</endTime>
  <complete>True</complete>
  <is_temp>False</is_temp>
  <is_readonly>True</is_readonly>
  <project_type>OneDeploy</project_type>
  <vsproject_id></vsproject_id>
</deployment>