<step title="BackgroundTrace" date="2025-11-20T14:17:26.492" instance="92ca53" url="/api/zipdeploy" method="POST" >
  <step title="Updating shutdown sentinel last write time" date="2025-11-20T14:17:26.492" SemaphoreCount="7" /><!-- duration: 0ms -->
  <step title="LockFile &apos;C:\home\site\locks\deployments.lock&apos; acquired" date="2025-11-20T14:17:26.508" /><!-- duration: 0ms -->
  <step title="Creating temporary deployment" date="2025-11-20T14:17:26.508" /><!-- duration: 31ms -->
  <step title="Performing fetch based deployment" date="2025-11-20T14:17:26.539" >
    <step title="Fetching changes." date="2025-11-20T14:17:26.586" /><!-- duration: 16ms -->
    <step title="Starting LocalZipHandler" date="2025-11-20T14:17:26.601" /><!-- duration: 16ms -->
    <step title="Cleaning up temp folders from previous zip deployments and extracting pushed zip file C:\local\Temp\zipdeploy\c3i34l4q.zip (22.50 MB) to C:\local\Temp\zipdeploy\extracted" date="2025-11-20T14:17:26.633" /><!-- duration: 16ms -->
    <step title="Cleaning up temp folders from previous zip deployments and extracting pushed zip file C:\local\Temp\zipdeploy\c3i34l4q.zip (22.50 MB) to C:\local\Temp\zipdeploy\extracted" date="2025-11-20T14:17:26.648" >
      <step title="Renaming extractTargetDirectory(C:\local\Temp\zipdeploy\extracted) to tempDirectory(C:\local\Temp\zipdeploy\h50v0wru.jxq)" date="2025-11-20T14:17:26.648" /><!-- duration: 16ms -->
      <step title="Extracting 294 entries to C:\local\Temp\zipdeploy\extracted directory" date="2025-11-20T14:17:26.680" >
        <step title="Extracting to C:\local\Temp\zipdeploy\extracted\publish\appsettings.Development.json ..." date="2025-11-20T14:17:26.680" /><!-- duration: 16ms -->
        <step title="Extracting to C:\local\Temp\zipdeploy\extracted\publish\appsettings.json ..." date="2025-11-20T14:17:26.695" /><!-- duration: 0ms -->
        <step title="Extracting to C:\local\Temp\zipdeploy\extracted\publish\AutoMapper.dll ..." date="2025-11-20T14:17:26.711" /><!-- duration: 0ms -->
        <step title="Extracting to C:\local\Temp\zipdeploy\extracted\publish\AutoMapper.Extensions.Microsoft.DependencyInjection.dll ..." date="2025-11-20T14:17:26.711" /><!-- duration: 16ms -->
        <step title="Extracting to C:\local\Temp\zipdeploy\extracted\publish\Azure.Core.dll ..." date="2025-11-20T14:17:26.726" /><!-- duration: 16ms -->
        <step title="Omitting extracting file traces ..." date="2025-11-20T14:17:26.742" /><!-- duration: 16ms -->
      </step><!-- duration: 953ms -->
    </step><!-- duration: 984ms -->
    <step title="Before sending BuildRequestReceived status to /api/updatedeploystatus" date="2025-11-20T14:17:27.633" /><!-- duration: 16ms -->
    <step title="DeploymentManager.Deploy(id:4afe8870f8174d25b9540b93422f4fc5)" date="2025-11-20T14:17:27.648" >
      <step title="Collecting changeset information" date="2025-11-20T14:17:27.664" /><!-- duration: 31ms -->
      <step title="Updating submodules" date="2025-11-20T14:17:27.695" >
        <step title="Updating submodules." date="2025-11-20T14:17:27.742" /><!-- duration: 0ms -->
      </step><!-- duration: 63ms -->
      <step title="Preparing deployment for commit id &apos;4afe8870f8&apos;." date="2025-11-20T14:17:27.789" /><!-- duration: 16ms -->
      <step title="Determining deployment builder" date="2025-11-20T14:17:27.836" >
        <step title="Builder is BasicBuilder" date="2025-11-20T14:17:27.836" /><!-- duration: 16ms -->
      </step><!-- duration: 16ms -->
      <step title="Copying SSH keys" date="2025-11-20T14:17:27.867" /><!-- duration: 16ms -->
      <step title="Building" date="2025-11-20T14:17:27.883" >
        <step title="Generating deployment script." date="2025-11-20T14:17:27.930" /><!-- duration: 0ms -->
        <step title="Generating deployment script" date="2025-11-20T14:17:27.930" >
          <step title="Using cached version of the deployment script for command: -y --no-dot-deployment -r &quot;C:\local\Temp\zipdeploy\extracted&quot; -o &quot;C:\home\site\deployments\tools&quot; --basic --sitePath &quot;C:\local\Temp\zipdeploy\extracted&quot;" date="2025-11-20T14:17:27.945" /><!-- duration: 16ms -->
          <step title="Using cached version of deployment script (command: &apos;azure -y --no-dot-deployment -r &quot;C:\local\Temp\zipdeploy\extracted&quot; -o &quot;C:\home\site\deployments\tools&quot; --basic --sitePath &quot;C:\local\Temp\zipdeploy\extracted&quot;&apos;)." date="2025-11-20T14:17:27.961" /><!-- duration: 0ms -->
        </step><!-- duration: 47ms -->
        <step title="Running deployment command..." date="2025-11-20T14:17:28.023" /><!-- duration: 0ms -->
        <step title="Command: &quot;C:\home\site\deployments\tools\deploy.cmd&quot;" date="2025-11-20T14:17:28.039" /><!-- duration: 0ms -->
        <step title="Executing external process" date="2025-11-20T14:17:28.055" type="process" path="starter.cmd" arguments="&quot;C:\home\site\deployments\tools\deploy.cmd&quot;" >
          <step title="Handling Basic Web Site deployment." date="2025-11-20T14:17:28.164" /><!-- duration: 16ms -->
          <step title="Creating app_offline.htm" date="2025-11-20T14:17:28.430" /><!-- duration: 16ms -->
          <step title="KuduSync.NET from: &apos;C:\local\Temp\zipdeploy\extracted&apos; to: &apos;C:\home\site\wwwroot&apos;" date="2025-11-20T14:17:28.461" /><!-- duration: 0ms -->
          <step title="Deleting file: &apos;ca\Hangfire.Core.resources.dll&apos;" date="2025-11-20T14:17:28.492" /><!-- duration: 0ms -->
          <step title="Deleting directory: &apos;ca&apos;" date="2025-11-20T14:17:28.492" /><!-- duration: 16ms -->
          <step title="Deleting file: &apos;de\Hangfire.Core.resources.dll&apos;" date="2025-11-20T14:17:28.508" /><!-- duration: 16ms -->
          <step title="Deleting directory: &apos;de&apos;" date="2025-11-20T14:17:28.523" /><!-- duration: 16ms -->
          <step title="Deleting file: &apos;es\Hangfire.Core.resources.dll&apos;" date="2025-11-20T14:17:28.539" /><!-- duration: 16ms -->
          <step title="Deleting directory: &apos;es&apos;" date="2025-11-20T14:17:28.555" /><!-- duration: 0ms -->
          <step title="Deleting file: &apos;fa\Hangfire.Core.resources.dll&apos;" date="2025-11-20T14:17:28.570" /><!-- duration: 0ms -->
          <step title="Deleting directory: &apos;fa&apos;" date="2025-11-20T14:17:28.586" /><!-- duration: 0ms -->
          <step title="Deleting file: &apos;fr\Hangfire.Core.resources.dll&apos;" date="2025-11-20T14:17:28.601" /><!-- duration: 0ms -->
          <step title="Deleting directory: &apos;fr&apos;" date="2025-11-20T14:17:28.617" /><!-- duration: 0ms -->
          <step title="Deleting file: &apos;nb\Hangfire.Core.resources.dll&apos;" date="2025-11-20T14:17:28.633" /><!-- duration: 0ms -->
          <step title="Deleting directory: &apos;nb&apos;" date="2025-11-20T14:17:28.648" /><!-- duration: 0ms -->
          <step title="Deleting file: &apos;nl\Hangfire.Core.resources.dll&apos;" date="2025-11-20T14:17:28.664" /><!-- duration: 0ms -->
          <step title="Deleting directory: &apos;nl&apos;" date="2025-11-20T14:17:28.680" /><!-- duration: 0ms -->
          <step title="Deleting file: &apos;pt\Hangfire.Core.resources.dll&apos;" date="2025-11-20T14:17:28.695" /><!-- duration: 0ms -->
          <step title="Deleting directory: &apos;pt&apos;" date="2025-11-20T14:17:28.711" /><!-- duration: 0ms -->
          <step title="Deleting file: &apos;pt-BR\Hangfire.Core.resources.dll&apos;" date="2025-11-20T14:17:28.726" /><!-- duration: 0ms -->
          <step title="Deleting directory: &apos;pt-BR&apos;" date="2025-11-20T14:17:28.742" /><!-- duration: 0ms -->
          <step title="Deleting file: &apos;pt-PT\Hangfire.Core.resources.dll&apos;" date="2025-11-20T14:17:28.742" /><!-- duration: 16ms -->
          <step title="Deleting directory: &apos;pt-PT&apos;" date="2025-11-20T14:17:28.758" /><!-- duration: 16ms -->
          <step title="Deleting file: &apos;runtimes\linux-arm\native\libpsl-native.so&apos;" date="2025-11-20T14:17:28.773" /><!-- duration: 16ms -->
          <step title="Deleting directory: &apos;runtimes\linux-arm\native&apos;" date="2025-11-20T14:17:28.789" /><!-- duration: 63ms -->
          <step title="Deleting directory: &apos;runtimes\linux-arm&apos;" date="2025-11-20T14:17:28.851" /><!-- duration: 16ms -->
          <step title="Deleting file: &apos;runtimes\linux-arm64\native\libpsl-native.so&apos;" date="2025-11-20T14:17:28.867" /><!-- duration: 16ms -->
          <step title="Deleting directory: &apos;runtimes\linux-arm64\native&apos;" date="2025-11-20T14:17:28.883" /><!-- duration: 0ms -->
          <step title="Deleting directory: &apos;runtimes\linux-arm64&apos;" date="2025-11-20T14:17:28.898" /><!-- duration: 0ms -->
          <step title="Deleting file: &apos;runtimes\linux-musl-x64\native\libpsl-native.so&apos;" date="2025-11-20T14:17:28.914" /><!-- duration: 0ms -->
          <step title="Deleting directory: &apos;runtimes\linux-musl-x64\native&apos;" date="2025-11-20T14:17:28.930" /><!-- duration: 0ms -->
          <step title="Deleting directory: &apos;runtimes\linux-musl-x64&apos;" date="2025-11-20T14:17:28.945" /><!-- duration: 0ms -->
          <step title="Deleting file: &apos;runtimes\linux-x64\native\libmi.so&apos;" date="2025-11-20T14:17:28.961" /><!-- duration: 0ms -->
          <step title="Deleting file: &apos;runtimes\linux-x64\native\libpsl-native.so&apos;" date="2025-11-20T14:17:28.976" /><!-- duration: 0ms -->
          <step title="Deleting file: &apos;runtimes\linux-x64\native\libpsrpclient.so&apos;" date="2025-11-20T14:17:28.992" /><!-- duration: 0ms -->
          <step title="Deleting directory: &apos;runtimes\linux-x64\native&apos;" date="2025-11-20T14:17:29.008" /><!-- duration: 0ms -->
          <step title="Deleting directory: &apos;runtimes\linux-x64&apos;" date="2025-11-20T14:17:29.008" /><!-- duration: 16ms -->
          <step title="Deleting file: &apos;runtimes\osx\native\libmi.dylib&apos;" date="2025-11-20T14:17:29.023" /><!-- duration: 16ms -->
          <step title="Deleting file: &apos;runtimes\osx\native\libpsl-native.dylib&apos;" date="2025-11-20T14:17:29.039" /><!-- duration: 16ms -->
          <step title="Deleting file: &apos;runtimes\osx\native\libpsrpclient.dylib&apos;" date="2025-11-20T14:17:29.055" /><!-- duration: 16ms -->
          <step title="Deleting directory: &apos;runtimes\osx\native&apos;" date="2025-11-20T14:17:29.070" /><!-- duration: 16ms -->
          <step title="Deleting directory: &apos;runtimes\osx&apos;" date="2025-11-20T14:17:29.086" /><!-- duration: 0ms -->
          <step title="Deleting file: &apos;runtimes\unix\lib\net6.0\System.Management.Automation.dll&apos;" date="2025-11-20T14:17:29.101" /><!-- duration: 0ms -->
          <step title="Deleting directory: &apos;runtimes\unix\lib\net6.0&apos;" date="2025-11-20T14:17:29.117" /><!-- duration: 0ms -->
          <step title="Deleting file: &apos;runtimes\unix\lib\netcoreapp3.1\Microsoft.Data.SqlClient.dll&apos;" date="2025-11-20T14:17:29.133" /><!-- duration: 0ms -->
          <step title="Deleting directory: &apos;runtimes\unix\lib\netcoreapp3.1&apos;" date="2025-11-20T14:17:29.148" /><!-- duration: 0ms -->
          <step title="Deleting file: &apos;runtimes\unix\lib\netstandard1.6\Microsoft.Management.Infrastructure.dll&apos;" date="2025-11-20T14:17:29.164" /><!-- duration: 0ms -->
          <step title="Deleting directory: &apos;runtimes\unix\lib\netstandard1.6&apos;" date="2025-11-20T14:17:29.164" /><!-- duration: 16ms -->
          <step title="Deleting file: &apos;runtimes\unix\lib\netstandard2.0\System.Data.SqlClient.dll&apos;" date="2025-11-20T14:17:29.180" /><!-- duration: 16ms -->
          <step title="Deleting directory: &apos;runtimes\unix\lib\netstandard2.0&apos;" date="2025-11-20T14:17:29.195" /><!-- duration: 0ms -->
          <step title="Deleting directory: &apos;runtimes\unix\lib&apos;" date="2025-11-20T14:17:29.211" /><!-- duration: 0ms -->
          <step title="Omitting next output lines..." date="2025-11-20T14:17:29.226" /><!-- duration: 0ms -->
          <step title="Finished successfully." date="2025-11-20T14:17:32.198" /><!-- duration: 0ms -->
        </step><!-- duration: 4159ms -->
        <step title="Running post deployment command(s)..." date="2025-11-20T14:17:32.261" /><!-- duration: 0ms -->
        <step title="Triggering recycle (preview mode disabled)." date="2025-11-20T14:17:32.308" /><!-- duration: 0ms -->
        <step title="Ignoring FS watcher based recycle request as this is a classic Windows app." date="2025-11-20T14:17:32.323" /><!-- duration: 0ms -->
        <step title="Deployment successful. DEPLOYMENTINFO: deploymentPath = ZipDeploy. Extract zip. , deployer = ZipDeploy, os = windows, sku = Free, siteName = NgCanduAPI, siteHostName = ngcanduapi.azurewebsites.net, deploymentStatus = Success" date="2025-11-20T14:17:32.370" /><!-- duration: 0ms -->
        <step title="Purge deployment items" date="2025-11-20T14:17:32.480" >
          <step title="Remove 9e8840edb, Success, received at 11/20/2025 6:47:38 AM" date="2025-11-20T14:17:32.526" /><!-- duration: 16ms -->
        </step><!-- duration: 62ms -->
      </step><!-- duration: 4675ms -->
    </step><!-- duration: 4925ms -->
    <step title="Cleaning up temp files" date="2025-11-20T14:17:32.573" /><!-- duration: 0ms -->
    <step title="Skip function trigger and logicapp sync because function is not enabled." date="2025-11-20T14:17:32.589" /><!-- duration: 0ms -->
  </step><!-- duration: 6097ms -->
  <step title="LockFile &apos;C:\home\site\locks\deployments.lock&apos; released" date="2025-11-20T14:17:32.636" /><!-- duration: 16ms -->
  <step title="Deleting shutdown sentinel file" date="2025-11-20T14:17:32.651" SemaphoreCount="8" /><!-- duration: 0ms -->
</step><!-- duration: 6175ms -->
