<step title="Incoming Request" date="2025-11-18T12:39:34.950" instance="92ca53" url="/api/publish?type=zip" method="POST" type="request" pid="12840,2,8" Cache-Control="no-cache" Content-Length="23538391" Content-Type="application/octet-stream" Accept="*/*" Accept-Encoding="gzip, deflate" Authorization="Bas..." Host="ngcanduapi.scm.azurewebsites.net" User-Agent="AZURECLI/2.75.0 (MSI)" x-ms-client-request-id="9e0e11d9-c47b-11f0-8653-c025a5cfe792" X-ARR-LOG-ID="9e0e11d9-c47b-11f0-8653-c025a5cfe792" CLIENT-IP="197.234.156.224:50079" X-SITE-DEPLOYMENT-ID="NgCanduAPI" WAS-DEFAULT-HOSTNAME="ngcanduapi.scm.azurewebsites.net" X-Forwarded-Proto="https" X-AppService-Proto="https" X-Forwarded-TlsVersion="1.3" X-WAWS-Unencoded-URL="/api/publish?type=zip" >
  <step title="OneDeploy" date="2025-11-18T12:39:35.200" >
    <step title="Starting PushDeployAsync" date="2025-11-18T12:39:35.231" /><!-- duration: 16ms -->
    <step title="Updating shutdown sentinel last write time" date="2025-11-18T12:39:35.293" SemaphoreCount="7" /><!-- duration: 0ms -->
    <step title="LockFile &apos;C:\home\site\locks\deployments.lock&apos; acquired" date="2025-11-18T12:39:35.309" /><!-- duration: 0ms -->
    <step title="Saving request content to C:\local\Temp\zipdeploy\gp24vh10.zip" date="2025-11-18T12:39:35.309" >
      <step title="Total 23,538,391 bytes written to C:\local\Temp\zipdeploy\gp24vh10.zip" date="2025-11-18T12:39:40.028" /><!-- duration: 0ms -->
    </step><!-- duration: 4719ms -->
    <step title="LockFile &apos;C:\home\site\locks\deployments.lock&apos; released" date="2025-11-18T12:39:40.043" /><!-- duration: 0ms -->
    <step title="Deleting shutdown sentinel file" date="2025-11-18T12:39:40.059" SemaphoreCount="8" /><!-- duration: 0ms -->
    <step title="Starting FetchDeploy" date="2025-11-18T12:39:40.075" /><!-- duration: 0ms -->
    <step title="Attempting to fetch target branch HEAD" date="2025-11-18T12:39:40.075" /><!-- duration: 16ms -->
    <step title="Updating shutdown sentinel last write time" date="2025-11-18T12:39:40.090" SemaphoreCount="7" /><!-- duration: 16ms -->
    <step title="LockFile &apos;C:\home\site\locks\deployments.lock&apos; acquired" date="2025-11-18T12:39:40.106" /><!-- duration: 0ms -->
    <step title="Performing fetch based deployment" date="2025-11-18T12:39:40.122" >
      <step title="Creating temporary deployment" date="2025-11-18T12:39:40.122" /><!-- duration: 47ms -->
      <step title="Fetching changes." date="2025-11-18T12:39:40.231" /><!-- duration: 16ms -->
      <step title="Starting LocalZipHandler" date="2025-11-18T12:39:40.247" /><!-- duration: 16ms -->
      <step title="Starting LocalZipFetch" date="2025-11-18T12:39:40.262" /><!-- duration: 0ms -->
      <step title="Cleaning up temp folders from previous zip deployments and extracting pushed zip file C:\local\Temp\zipdeploy\gp24vh10.zip (22.45 MB) to C:\local\Temp\zipdeploy\extracted" date="2025-11-18T12:39:40.278" /><!-- duration: 0ms -->
      <step title="Cleaning up temp folders from previous zip deployments and extracting pushed zip file C:\local\Temp\zipdeploy\gp24vh10.zip (22.45 MB) to C:\local\Temp\zipdeploy\extracted" date="2025-11-18T12:39:40.293" >
        <step title="Renaming extractTargetDirectory(C:\local\Temp\zipdeploy\extracted) to tempDirectory(C:\local\Temp\zipdeploy\0stlnq44.wbk)" date="2025-11-18T12:39:40.293" /><!-- duration: 16ms -->
        <step title="Extracting 281 entries to C:\local\Temp\zipdeploy\extracted directory" date="2025-11-18T12:39:40.325" >
          <step title="Extracting to C:\local\Temp\zipdeploy\extracted\ca\Hangfire.Core.resources.dll ..." date="2025-11-18T12:39:40.325" /><!-- duration: 16ms -->
          <step title="Extracting to C:\local\Temp\zipdeploy\extracted\de\Hangfire.Core.resources.dll ..." date="2025-11-18T12:39:40.340" /><!-- duration: 16ms -->
          <step title="Extracting to C:\local\Temp\zipdeploy\extracted\es\Hangfire.Core.resources.dll ..." date="2025-11-18T12:39:40.356" /><!-- duration: 16ms -->
          <step title="Extracting to C:\local\Temp\zipdeploy\extracted\fa\Hangfire.Core.resources.dll ..." date="2025-11-18T12:39:40.387" /><!-- duration: 0ms -->
          <step title="Extracting to C:\local\Temp\zipdeploy\extracted\fr\Hangfire.Core.resources.dll ..." date="2025-11-18T12:39:40.387" /><!-- duration: 16ms -->
          <step title="Omitting extracting file traces ..." date="2025-11-18T12:39:40.403" /><!-- duration: 0ms -->
        </step><!-- duration: 938ms -->
      </step><!-- duration: 969ms -->
      <step title="None repository commit" date="2025-11-18T12:39:41.278" >
        <step title="Commit id: 82d286d7f37149f795aa3a001d9b5634" date="2025-11-18T12:39:41.278" Message="OneDeploy" AuthorName="N/A" AuthorEmail="N/A" /><!-- duration: 0ms -->
      </step><!-- duration: 16ms -->
      <step title="Before sending BuildRequestReceived status to /api/updatedeploystatus" date="2025-11-18T12:39:41.293" /><!-- duration: 0ms -->
      <step title="DeploymentManager.Deploy(id:82d286d7f37149f795aa3a001d9b5634)" date="2025-11-18T12:39:41.309" >
        <step title="Collecting changeset information" date="2025-11-18T12:39:41.309" /><!-- duration: 47ms -->
        <step title="Updating submodules" date="2025-11-18T12:39:41.356" >
          <step title="Updating submodules." date="2025-11-18T12:39:41.403" /><!-- duration: 0ms -->
        </step><!-- duration: 63ms -->
        <step title="Preparing deployment for commit id &apos;82d286d7f3&apos;." date="2025-11-18T12:39:41.465" /><!-- duration: 0ms -->
        <step title="Determining deployment builder" date="2025-11-18T12:39:41.512" >
          <step title="Builder is OneDeployBuilder" date="2025-11-18T12:39:41.512" /><!-- duration: 16ms -->
        </step><!-- duration: 16ms -->
        <step title="Copying SSH keys" date="2025-11-18T12:39:41.543" /><!-- duration: 16ms -->
        <step title="Building" date="2025-11-18T12:39:41.559" >
          <step title="Running build. Project type: OneDeploy" date="2025-11-18T12:39:41.606" /><!-- duration: 0ms -->
          <step title="Copying the manifest" date="2025-11-18T12:39:41.653" /><!-- duration: 0ms -->
          <step title="Clean deploying to C:\home\site\wwwroot" date="2025-11-18T12:39:41.731" /><!-- duration: 0ms -->
          <step title="Generating deployment script." date="2025-11-18T12:39:41.778" /><!-- duration: 0ms -->
          <step title="Generating deployment script" date="2025-11-18T12:39:41.793" >
            <step title="Using cached version of the deployment script for command: -y --no-dot-deployment -r &quot;C:\local\Temp\zipdeploy\extracted&quot; -o &quot;C:\home\site\deployments\tools&quot; --basic --sitePath &quot;C:\local\Temp\zipdeploy\extracted&quot;" date="2025-11-18T12:39:41.840" /><!-- duration: 0ms -->
            <step title="Using cached version of deployment script (command: &apos;azure -y --no-dot-deployment -r &quot;C:\local\Temp\zipdeploy\extracted&quot; -o &quot;C:\home\site\deployments\tools&quot; --basic --sitePath &quot;C:\local\Temp\zipdeploy\extracted&quot;&apos;)." date="2025-11-18T12:39:41.856" /><!-- duration: 16ms -->
          </step><!-- duration: 94ms -->
          <step title="Running deployment command..." date="2025-11-18T12:39:41.950" /><!-- duration: 0ms -->
          <step title="Command: &quot;C:\home\site\deployments\tools\deploy.cmd&quot;" date="2025-11-18T12:39:41.965" /><!-- duration: 0ms -->
          <step title="Executing external process" date="2025-11-18T12:39:41.981" type="process" path="starter.cmd" arguments="&quot;C:\home\site\deployments\tools\deploy.cmd&quot;" >
            <step title="Handling Basic Web Site deployment." date="2025-11-18T12:39:42.106" /><!-- duration: 16ms -->
            <step title="Creating app_offline.htm" date="2025-11-18T12:39:42.262" /><!-- duration: 0ms -->
            <step title="KuduSync.NET from: &apos;C:\local\Temp\zipdeploy\extracted&apos; to: &apos;C:\home\site\wwwroot&apos;" date="2025-11-18T12:39:42.294" /><!-- duration: 0ms -->
            <step title="Deleting file: &apos;MH.Application.deps.json&apos;" date="2025-11-18T12:39:42.309" /><!-- duration: 16ms -->
            <step title="Deleting file: &apos;MH.Domain.deps.json&apos;" date="2025-11-18T12:39:42.340" /><!-- duration: 0ms -->
            <step title="Deleting file: &apos;MH.Infrastructure.deps.json&apos;" date="2025-11-18T12:39:42.356" /><!-- duration: 0ms -->
            <step title="Deleting file: &apos;MH.Infrastructure.runtimeconfig.json&apos;" date="2025-11-18T12:39:42.372" /><!-- duration: 0ms -->
            <step title="Deleting file: &apos;Microsoft.AspNetCore.Cryptography.Internal.dll&apos;" date="2025-11-18T12:39:42.387" /><!-- duration: 16ms -->
            <step title="Deleting file: &apos;Microsoft.AspNetCore.Cryptography.KeyDerivation.dll&apos;" date="2025-11-18T12:39:42.419" /><!-- duration: 0ms -->
            <step title="Deleting file: &apos;Microsoft.AspNetCore.Http.Features.dll&apos;" date="2025-11-18T12:39:42.434" /><!-- duration: 0ms -->
            <step title="Deleting file: &apos;Microsoft.Extensions.Caching.Abstractions.dll&apos;" date="2025-11-18T12:39:42.450" /><!-- duration: 16ms -->
            <step title="Deleting file: &apos;Microsoft.Extensions.Caching.Memory.dll&apos;" date="2025-11-18T12:39:42.481" /><!-- duration: 0ms -->
            <step title="Deleting file: &apos;Microsoft.Extensions.Configuration.Abstractions.dll&apos;" date="2025-11-18T12:39:42.497" /><!-- duration: 16ms -->
            <step title="Deleting file: &apos;Microsoft.Extensions.DependencyInjection.Abstractions.dll&apos;" date="2025-11-18T12:39:42.528" /><!-- duration: 0ms -->
            <step title="Deleting file: &apos;Microsoft.Extensions.DependencyInjection.dll&apos;" date="2025-11-18T12:39:42.544" /><!-- duration: 0ms -->
            <step title="Deleting file: &apos;Microsoft.Extensions.Identity.Core.dll&apos;" date="2025-11-18T12:39:42.559" /><!-- duration: 0ms -->
            <step title="Deleting file: &apos;Microsoft.Extensions.Identity.Stores.dll&apos;" date="2025-11-18T12:39:42.575" /><!-- duration: 16ms -->
            <step title="Deleting file: &apos;Microsoft.Extensions.Logging.Abstractions.dll&apos;" date="2025-11-18T12:39:42.606" /><!-- duration: 0ms -->
            <step title="Deleting file: &apos;Microsoft.Extensions.Logging.dll&apos;" date="2025-11-18T12:39:42.700" /><!-- duration: 0ms -->
            <step title="Deleting file: &apos;Microsoft.Extensions.Options.dll&apos;" date="2025-11-18T12:39:42.715" /><!-- duration: 0ms -->
            <step title="Deleting file: &apos;Microsoft.Extensions.Primitives.dll&apos;" date="2025-11-18T12:39:42.731" /><!-- duration: 16ms -->
            <step title="Deleting file: &apos;System.Diagnostics.EventLog.dll&apos;" date="2025-11-18T12:39:42.762" /><!-- duration: 0ms -->
            <step title="Deleting file: &apos;System.IO.Pipelines.dll&apos;" date="2025-11-18T12:39:42.778" /><!-- duration: 0ms -->
            <step title="Deleting file: &apos;System.Security.Cryptography.Pkcs.dll&apos;" date="2025-11-18T12:39:42.794" /><!-- duration: 0ms -->
            <step title="Copying file: &apos;appsettings.Development.json&apos;" date="2025-11-18T12:39:42.809" /><!-- duration: 16ms -->
            <step title="Copying file: &apos;appsettings.json&apos;" date="2025-11-18T12:39:42.825" /><!-- duration: 16ms -->
            <step title="Copying file: &apos;AutoMapper.dll&apos;" date="2025-11-18T12:39:42.856" /><!-- duration: 0ms -->
            <step title="Copying file: &apos;AutoMapper.Extensions.Microsoft.DependencyInjection.dll&apos;" date="2025-11-18T12:39:42.872" /><!-- duration: 0ms -->
            <step title="Copying file: &apos;Azure.Core.dll&apos;" date="2025-11-18T12:39:42.887" /><!-- duration: 0ms -->
            <step title="Copying file: &apos;Azure.Identity.dll&apos;" date="2025-11-18T12:39:42.903" /><!-- duration: 16ms -->
            <step title="Copying file: &apos;BouncyCastle.Crypto.dll&apos;" date="2025-11-18T12:39:42.934" /><!-- duration: 0ms -->
            <step title="Copying file: &apos;FluentValidation.AspNetCore.dll&apos;" date="2025-11-18T12:39:42.950" /><!-- duration: 0ms -->
            <step title="Copying file: &apos;FluentValidation.DependencyInjectionExtensions.dll&apos;" date="2025-11-18T12:39:42.965" /><!-- duration: 16ms -->
            <step title="Copying file: &apos;FluentValidation.dll&apos;" date="2025-11-18T12:39:42.997" /><!-- duration: 0ms -->
            <step title="Copying file: &apos;Google.Apis.Auth.dll&apos;" date="2025-11-18T12:39:43.012" /><!-- duration: 0ms -->
            <step title="Copying file: &apos;Google.Apis.Auth.PlatformServices.dll&apos;" date="2025-11-18T12:39:43.028" /><!-- duration: 0ms -->
            <step title="Copying file: &apos;Google.Apis.Core.dll&apos;" date="2025-11-18T12:39:43.044" /><!-- duration: 16ms -->
            <step title="Copying file: &apos;Google.Apis.dll&apos;" date="2025-11-18T12:39:43.059" /><!-- duration: 16ms -->
            <step title="Copying file: &apos;Hangfire.AspNetCore.dll&apos;" date="2025-11-18T12:39:43.090" /><!-- duration: 0ms -->
            <step title="Copying file: &apos;Hangfire.Core.dll&apos;" date="2025-11-18T12:39:43.106" /><!-- duration: 0ms -->
            <step title="Copying file: &apos;Hangfire.SqlServer.dll&apos;" date="2025-11-18T12:39:43.122" /><!-- duration: 0ms -->
            <step title="Copying file: &apos;MailKit.dll&apos;" date="2025-11-18T12:39:43.137" /><!-- duration: 16ms -->
            <step title="Copying file: &apos;MH.Api.deps.json&apos;" date="2025-11-18T12:39:43.169" /><!-- duration: 0ms -->
            <step title="Copying file: &apos;MH.Api.dll&apos;" date="2025-11-18T12:39:43.184" /><!-- duration: 0ms -->
            <step title="Copying file: &apos;MH.Api.exe&apos;" date="2025-11-18T12:39:43.200" /><!-- duration: 16ms -->
            <step title="Copying file: &apos;MH.Api.pdb&apos;" date="2025-11-18T12:39:43.215" /><!-- duration: 16ms -->
            <step title="Copying file: &apos;MH.Api.runtimeconfig.json&apos;" date="2025-11-18T12:39:43.247" /><!-- duration: 0ms -->
            <step title="Copying file: &apos;MH.Api.staticwebassets.endpoints.json&apos;" date="2025-11-18T12:39:43.262" /><!-- duration: 0ms -->
            <step title="Copying file: &apos;MH.Application.dll&apos;" date="2025-11-18T12:39:43.278" /><!-- duration: 0ms -->
            <step title="Copying file: &apos;MH.Application.pdb&apos;" date="2025-11-18T12:39:43.294" /><!-- duration: 0ms -->
            <step title="Copying file: &apos;MH.Domain.dll&apos;" date="2025-11-18T12:39:43.309" /><!-- duration: 16ms -->
            <step title="Omitting next output lines..." date="2025-11-18T12:39:43.340" /><!-- duration: 0ms -->
            <step title="Finished successfully." date="2025-11-18T12:39:47.794" /><!-- duration: 0ms -->
          </step><!-- duration: 5828ms -->
          <step title="Build completed succesfully." date="2025-11-18T12:39:47.856" /><!-- duration: 0ms -->
          <step title="Running post deployment command(s)..." date="2025-11-18T12:39:47.903" /><!-- duration: 0ms -->
          <step title="Requesting site restart" date="2025-11-18T12:39:47.966" /><!-- duration: 0ms -->
          <step title="Requesting site restart" date="2025-11-18T12:39:47.966" /><!-- duration: 16ms -->
          <step title="Requesting site restart. Attempt #1" date="2025-11-18T12:39:48.028" /><!-- duration: 0ms -->
          <step title="Requesting site restart. Attempt #1" date="2025-11-18T12:39:48.044" /><!-- duration: 0ms -->
          <step title="Successfully requested a restart. Attempt #1" date="2025-11-18T12:39:48.403" /><!-- duration: 0ms -->
          <step title="Successfully requested a restart. Attempt #1" date="2025-11-18T12:39:48.419" /><!-- duration: 0ms -->
          <step title="Deployment successful. DEPLOYMENTINFO: deploymentPath = OneDeploy, deployer = OneDeploy, os = windows, sku = Free, siteName = NgCanduAPI, siteHostName = ngcanduapi.azurewebsites.net, deploymentStatus = Success" date="2025-11-18T12:39:48.466" /><!-- duration: 0ms -->
          <step title="Purge deployment items" date="2025-11-18T12:39:48.622" >
            <step title="Remove e84fa7305, Success, received at 11/18/2025 6:19:59 AM" date="2025-11-18T12:39:48.684" /><!-- duration: 0ms -->
          </step><!-- duration: 78ms -->
        </step><!-- duration: 7157ms -->
      </step><!-- duration: 7407ms -->
      <step title="Cleaning up temp files" date="2025-11-18T12:39:48.731" /><!-- duration: 0ms -->
      <step title="Skip function trigger and logicapp sync because function is not enabled." date="2025-11-18T12:39:48.747" /><!-- duration: 16ms -->
    </step><!-- duration: 8672ms -->
    <step title="LockFile &apos;C:\home\site\locks\deployments.lock&apos; released" date="2025-11-18T12:39:48.809" /><!-- duration: 0ms -->
    <step title="Deleting shutdown sentinel file" date="2025-11-18T12:39:48.825" SemaphoreCount="8" /><!-- duration: 0ms -->
  </step><!-- duration: 13625ms -->
  <step title="Outgoing response" date="2025-11-18T12:39:48.856" type="response" statusCode="200" statusText="OK" Server="Microsoft-IIS/10.0" x-ms-request-id="9e0e11d9-c47b-11f0-8653-c025a5cfe792" Cache-Control="private" X-AspNet-Version="4.0.30319" /><!-- duration: 16ms -->
</step><!-- duration: 13922ms -->
