<step title="BackgroundTrace" date="2025-11-19T14:24:36.142" instance="92ca53" url="/api/zipdeploy" method="POST" >
  <step title="Updating shutdown sentinel last write time" date="2025-11-19T14:24:36.158" SemaphoreCount="7" /><!-- duration: 0ms -->
  <step title="LockFile &apos;C:\home\site\locks\deployments.lock&apos; acquired" date="2025-11-19T14:24:36.158" /><!-- duration: 0ms -->
  <step title="Creating temporary deployment" date="2025-11-19T14:24:36.173" /><!-- duration: 47ms -->
  <step title="Performing fetch based deployment" date="2025-11-19T14:24:36.236" >
    <step title="Fetching changes." date="2025-11-19T14:24:36.298" /><!-- duration: 16ms -->
    <step title="Starting LocalZipHandler" date="2025-11-19T14:24:36.330" /><!-- duration: 0ms -->
    <step title="Cleaning up temp folders from previous zip deployments and extracting pushed zip file C:\local\Temp\zipdeploy\ycuv2he0.zip (22.47 MB) to C:\local\Temp\zipdeploy\extracted" date="2025-11-19T14:24:36.361" /><!-- duration: 0ms -->
    <step title="Cleaning up temp folders from previous zip deployments and extracting pushed zip file C:\local\Temp\zipdeploy\ycuv2he0.zip (22.47 MB) to C:\local\Temp\zipdeploy\extracted" date="2025-11-19T14:24:36.361" >
      <step title="Renaming extractTargetDirectory(C:\local\Temp\zipdeploy\extracted) to tempDirectory(C:\local\Temp\zipdeploy\ehsqhzsc.z1q)" date="2025-11-19T14:24:36.377" /><!-- duration: 0ms -->
      <step title="Extracting 293 entries to C:\local\Temp\zipdeploy\extracted directory" date="2025-11-19T14:24:36.392" >
        <step title="Extracting to C:\local\Temp\zipdeploy\extracted\ca\Hangfire.Core.resources.dll ..." date="2025-11-19T14:24:36.408" /><!-- duration: 16ms -->
        <step title="Extracting to C:\local\Temp\zipdeploy\extracted\de\Hangfire.Core.resources.dll ..." date="2025-11-19T14:24:36.439" /><!-- duration: 0ms -->
        <step title="Extracting to C:\local\Temp\zipdeploy\extracted\es\Hangfire.Core.resources.dll ..." date="2025-11-19T14:24:36.455" /><!-- duration: 0ms -->
        <step title="Extracting to C:\local\Temp\zipdeploy\extracted\fa\Hangfire.Core.resources.dll ..." date="2025-11-19T14:24:36.455" /><!-- duration: 16ms -->
        <step title="Extracting to C:\local\Temp\zipdeploy\extracted\fr\Hangfire.Core.resources.dll ..." date="2025-11-19T14:24:36.470" /><!-- duration: 0ms -->
        <step title="Omitting extracting file traces ..." date="2025-11-19T14:24:36.486" /><!-- duration: 0ms -->
      </step><!-- duration: 1000ms -->
    </step><!-- duration: 1031ms -->
    <step title="Before sending BuildRequestReceived status to /api/updatedeploystatus" date="2025-11-19T14:24:37.392" /><!-- duration: 16ms -->
    <step title="DeploymentManager.Deploy(id:780eb57abcc048afbbd7ed5dbe9f2d6c)" date="2025-11-19T14:24:37.408" >
      <step title="Collecting changeset information" date="2025-11-19T14:24:37.423" /><!-- duration: 47ms -->
      <step title="Updating submodules" date="2025-11-19T14:24:37.470" >
        <step title="Updating submodules." date="2025-11-19T14:24:37.517" /><!-- duration: 0ms -->
      </step><!-- duration: 63ms -->
      <step title="Preparing deployment for commit id &apos;780eb57abc&apos;." date="2025-11-19T14:24:37.580" /><!-- duration: 0ms -->
      <step title="Determining deployment builder" date="2025-11-19T14:24:37.611" >
        <step title="Builder is BasicBuilder" date="2025-11-19T14:24:37.627" /><!-- duration: 0ms -->
      </step><!-- duration: 31ms -->
      <step title="Copying SSH keys" date="2025-11-19T14:24:37.658" /><!-- duration: 16ms -->
      <step title="Building" date="2025-11-19T14:24:37.673" >
        <step title="Generating deployment script." date="2025-11-19T14:24:37.720" /><!-- duration: 0ms -->
        <step title="Generating deployment script" date="2025-11-19T14:24:37.720" >
          <step title="Using cached version of the deployment script for command: -y --no-dot-deployment -r &quot;C:\local\Temp\zipdeploy\extracted&quot; -o &quot;C:\home\site\deployments\tools&quot; --basic --sitePath &quot;C:\local\Temp\zipdeploy\extracted&quot;" date="2025-11-19T14:24:37.767" /><!-- duration: 0ms -->
          <step title="Using cached version of deployment script (command: &apos;azure -y --no-dot-deployment -r &quot;C:\local\Temp\zipdeploy\extracted&quot; -o &quot;C:\home\site\deployments\tools&quot; --basic --sitePath &quot;C:\local\Temp\zipdeploy\extracted&quot;&apos;)." date="2025-11-19T14:24:37.783" /><!-- duration: 0ms -->
        </step><!-- duration: 78ms -->
        <step title="Running deployment command..." date="2025-11-19T14:24:37.830" /><!-- duration: 16ms -->
        <step title="Command: &quot;C:\home\site\deployments\tools\deploy.cmd&quot;" date="2025-11-19T14:24:37.861" /><!-- duration: 0ms -->
        <step title="Executing external process" date="2025-11-19T14:24:37.877" type="process" path="starter.cmd" arguments="&quot;C:\home\site\deployments\tools\deploy.cmd&quot;" >
          <step title="Handling Basic Web Site deployment." date="2025-11-19T14:24:38.002" /><!-- duration: 16ms -->
          <step title="Creating app_offline.htm" date="2025-11-19T14:24:38.189" /><!-- duration: 0ms -->
          <step title="KuduSync.NET from: &apos;C:\local\Temp\zipdeploy\extracted&apos; to: &apos;C:\home\site\wwwroot&apos;" date="2025-11-19T14:24:38.205" /><!-- duration: 0ms -->
          <step title="Deleting file: &apos;MH.Application.deps.json&apos;" date="2025-11-19T14:24:38.220" /><!-- duration: 31ms -->
          <step title="Deleting file: &apos;MH.Domain.deps.json&apos;" date="2025-11-19T14:24:38.267" /><!-- duration: 0ms -->
          <step title="Deleting file: &apos;MH.Infrastructure.deps.json&apos;" date="2025-11-19T14:24:38.283" /><!-- duration: 0ms -->
          <step title="Deleting file: &apos;MH.Infrastructure.runtimeconfig.json&apos;" date="2025-11-19T14:24:38.298" /><!-- duration: 0ms -->
          <step title="Deleting file: &apos;Microsoft.AspNetCore.Cryptography.Internal.dll&apos;" date="2025-11-19T14:24:38.298" /><!-- duration: 16ms -->
          <step title="Deleting file: &apos;Microsoft.AspNetCore.Cryptography.KeyDerivation.dll&apos;" date="2025-11-19T14:24:38.314" /><!-- duration: 16ms -->
          <step title="Deleting file: &apos;Microsoft.AspNetCore.Http.Features.dll&apos;" date="2025-11-19T14:24:38.330" /><!-- duration: 16ms -->
          <step title="Deleting file: &apos;Microsoft.Extensions.Caching.Abstractions.dll&apos;" date="2025-11-19T14:24:38.361" /><!-- duration: 0ms -->
          <step title="Deleting file: &apos;Microsoft.Extensions.Caching.Memory.dll&apos;" date="2025-11-19T14:24:38.377" /><!-- duration: 0ms -->
          <step title="Deleting file: &apos;Microsoft.Extensions.Configuration.Abstractions.dll&apos;" date="2025-11-19T14:24:38.392" /><!-- duration: 16ms -->
          <step title="Deleting file: &apos;Microsoft.Extensions.DependencyInjection.Abstractions.dll&apos;" date="2025-11-19T14:24:38.423" /><!-- duration: 0ms -->
          <step title="Deleting file: &apos;Microsoft.Extensions.DependencyInjection.dll&apos;" date="2025-11-19T14:24:38.439" /><!-- duration: 0ms -->
          <step title="Deleting file: &apos;Microsoft.Extensions.Identity.Core.dll&apos;" date="2025-11-19T14:24:38.455" /><!-- duration: 0ms -->
          <step title="Deleting file: &apos;Microsoft.Extensions.Identity.Stores.dll&apos;" date="2025-11-19T14:24:38.470" /><!-- duration: 0ms -->
          <step title="Deleting file: &apos;Microsoft.Extensions.Logging.Abstractions.dll&apos;" date="2025-11-19T14:24:38.486" /><!-- duration: 0ms -->
          <step title="Deleting file: &apos;Microsoft.Extensions.Logging.dll&apos;" date="2025-11-19T14:24:40.408" /><!-- duration: 16ms -->
          <step title="Deleting file: &apos;Microsoft.Extensions.Options.dll&apos;" date="2025-11-19T14:24:40.423" /><!-- duration: 0ms -->
          <step title="Deleting file: &apos;Microsoft.Extensions.Primitives.dll&apos;" date="2025-11-19T14:24:40.439" /><!-- duration: 0ms -->
          <step title="Deleting file: &apos;System.Diagnostics.EventLog.dll&apos;" date="2025-11-19T14:24:40.455" /><!-- duration: 0ms -->
          <step title="Deleting file: &apos;System.IO.Pipelines.dll&apos;" date="2025-11-19T14:24:40.470" /><!-- duration: 0ms -->
          <step title="Deleting file: &apos;System.Security.Cryptography.Pkcs.dll&apos;" date="2025-11-19T14:24:40.486" /><!-- duration: 0ms -->
          <step title="Copying file: &apos;MH.Api.dll&apos;" date="2025-11-19T14:24:40.502" /><!-- duration: 0ms -->
          <step title="Copying file: &apos;MH.Api.exe&apos;" date="2025-11-19T14:24:40.517" /><!-- duration: 0ms -->
          <step title="Copying file: &apos;MH.Api.pdb&apos;" date="2025-11-19T14:24:40.548" /><!-- duration: 0ms -->
          <step title="Copying file: &apos;MH.Application.dll&apos;" date="2025-11-19T14:24:40.564" /><!-- duration: 0ms -->
          <step title="Copying file: &apos;MH.Application.pdb&apos;" date="2025-11-19T14:24:40.580" /><!-- duration: 0ms -->
          <step title="Copying file: &apos;MH.Domain.dll&apos;" date="2025-11-19T14:24:40.580" /><!-- duration: 16ms -->
          <step title="Copying file: &apos;MH.Domain.pdb&apos;" date="2025-11-19T14:24:40.595" /><!-- duration: 16ms -->
          <step title="Copying file: &apos;MH.Infrastructure.dll&apos;" date="2025-11-19T14:24:40.611" /><!-- duration: 16ms -->
          <step title="Copying file: &apos;MH.Infrastructure.pdb&apos;" date="2025-11-19T14:24:40.627" /><!-- duration: 16ms -->
          <step title="Deleting file: &apos;runtimes\win\lib\net6.0\System.Security.Cryptography.Pkcs.dll&apos;" date="2025-11-19T14:24:40.642" /><!-- duration: 16ms -->
          <step title="Deleting file: &apos;runtimes\win\lib\net7.0\System.Diagnostics.EventLog.dll&apos;" date="2025-11-19T14:24:40.658" /><!-- duration: 16ms -->
          <step title="Deleting file: &apos;runtimes\win\lib\net7.0\System.Diagnostics.EventLog.Messages.dll&apos;" date="2025-11-19T14:24:40.673" /><!-- duration: 16ms -->
          <step title="Deleting app_offline.htm" date="2025-11-19T14:24:40.689" /><!-- duration: 0ms -->
          <step title="Finished successfully." date="2025-11-19T14:24:40.705" /><!-- duration: 0ms -->
        </step><!-- duration: 2844ms -->
        <step title="Running post deployment command(s)..." date="2025-11-19T14:24:40.767" /><!-- duration: 31ms -->
        <step title="Triggering recycle (preview mode disabled)." date="2025-11-19T14:24:40.845" /><!-- duration: 0ms -->
        <step title="Ignoring FS watcher based recycle request as this is a classic Windows app." date="2025-11-19T14:24:40.861" /><!-- duration: 0ms -->
        <step title="Deployment successful. DEPLOYMENTINFO: deploymentPath = ZipDeploy. Extract zip. , deployer = ZipDeploy, os = windows, sku = Free, siteName = NgCanduAPI, siteHostName = ngcanduapi.azurewebsites.net, deploymentStatus = Success" date="2025-11-19T14:24:40.939" /><!-- duration: 16ms -->
        <step title="Purge deployment items" date="2025-11-19T14:24:41.127" >
          <step title="Remove d292f0f37, Success, received at 11/18/2025 11:48:09 AM" date="2025-11-19T14:24:41.189" /><!-- duration: 16ms -->
        </step><!-- duration: 78ms -->
      </step><!-- duration: 3547ms -->
    </step><!-- duration: 3828ms -->
    <step title="Cleaning up temp files" date="2025-11-19T14:24:41.252" /><!-- duration: 0ms -->
    <step title="Skip function trigger and logicapp sync because function is not enabled." date="2025-11-19T14:24:41.267" /><!-- duration: 0ms -->
  </step><!-- duration: 5078ms -->
  <step title="LockFile &apos;C:\home\site\locks\deployments.lock&apos; released" date="2025-11-19T14:24:41.330" /><!-- duration: 0ms -->
  <step title="Deleting shutdown sentinel file" date="2025-11-19T14:24:41.330" SemaphoreCount="8" /><!-- duration: 16ms -->
</step><!-- duration: 5203ms -->
