<step title="Incoming Request" date="2025-11-18T07:47:19.063" instance="92ca53" url="/api/publish?type=zip" method="POST" type="request" pid="7840,2,8" Cache-Control="no-cache" Content-Length="23454093" Content-Type="application/octet-stream" Accept="*/*" Accept-Encoding="gzip, deflate" Authorization="Bas..." Host="ngcanduapi.scm.azurewebsites.net" User-Agent="AZURECLI/2.75.0 (MSI)" x-ms-client-request-id="c7da9ad8-c452-11f0-9a66-c025a5cfe792" X-ARR-LOG-ID="c7da9ad8-c452-11f0-9a66-c025a5cfe792" CLIENT-IP="197.234.156.224:57875" X-SITE-DEPLOYMENT-ID="NgCanduAPI" WAS-DEFAULT-HOSTNAME="ngcanduapi.scm.azurewebsites.net" X-Forwarded-Proto="https" X-AppService-Proto="https" X-Forwarded-TlsVersion="1.3" X-WAWS-Unencoded-URL="/api/publish?type=zip" >
  <step title="OneDeploy" date="2025-11-18T07:47:19.266" >
    <step title="Starting PushDeployAsync" date="2025-11-18T07:47:19.281" /><!-- duration: 0ms -->
    <step title="Updating shutdown sentinel last write time" date="2025-11-18T07:47:19.313" SemaphoreCount="7" /><!-- duration: 0ms -->
    <step title="LockFile &apos;C:\home\site\locks\deployments.lock&apos; acquired" date="2025-11-18T07:47:19.313" /><!-- duration: 16ms -->
    <step title="Saving request content to C:\local\Temp\zipdeploy\wqwqtjhp.zip" date="2025-11-18T07:47:19.328" >
      <step title="Total 23,454,093 bytes written to C:\local\Temp\zipdeploy\wqwqtjhp.zip" date="2025-11-18T07:47:20.563" /><!-- duration: 16ms -->
    </step><!-- duration: 1250ms -->
    <step title="LockFile &apos;C:\home\site\locks\deployments.lock&apos; released" date="2025-11-18T07:47:20.594" /><!-- duration: 0ms -->
    <step title="Deleting shutdown sentinel file" date="2025-11-18T07:47:20.594" SemaphoreCount="8" /><!-- duration: 16ms -->
    <step title="Starting FetchDeploy" date="2025-11-18T07:47:20.609" /><!-- duration: 16ms -->
    <step title="Attempting to fetch target branch HEAD" date="2025-11-18T07:47:20.625" /><!-- duration: 0ms -->
    <step title="Updating shutdown sentinel last write time" date="2025-11-18T07:47:20.641" SemaphoreCount="7" /><!-- duration: 0ms -->
    <step title="LockFile &apos;C:\home\site\locks\deployments.lock&apos; acquired" date="2025-11-18T07:47:20.656" /><!-- duration: 0ms -->
    <step title="Performing fetch based deployment" date="2025-11-18T07:47:20.656" >
      <step title="Creating temporary deployment" date="2025-11-18T07:47:20.672" /><!-- duration: 31ms -->
      <step title="Fetching changes." date="2025-11-18T07:47:20.750" /><!-- duration: 16ms -->
      <step title="Starting LocalZipHandler" date="2025-11-18T07:47:20.766" /><!-- duration: 0ms -->
      <step title="Starting LocalZipFetch" date="2025-11-18T07:47:20.781" /><!-- duration: 0ms -->
      <step title="Cleaning up temp folders from previous zip deployments and extracting pushed zip file C:\local\Temp\zipdeploy\wqwqtjhp.zip (22.37 MB) to C:\local\Temp\zipdeploy\extracted" date="2025-11-18T07:47:20.797" /><!-- duration: 0ms -->
      <step title="Cleaning up temp folders from previous zip deployments and extracting pushed zip file C:\local\Temp\zipdeploy\wqwqtjhp.zip (22.37 MB) to C:\local\Temp\zipdeploy\extracted" date="2025-11-18T07:47:20.813" >
        <step title="Renaming extractTargetDirectory(C:\local\Temp\zipdeploy\extracted) to tempDirectory(C:\local\Temp\zipdeploy\gz14h02q.xah)" date="2025-11-18T07:47:20.813" /><!-- duration: 0ms -->
        <step title="Extracting 263 entries to C:\local\Temp\zipdeploy\extracted directory" date="2025-11-18T07:47:20.828" >
          <step title="Extracting to C:\local\Temp\zipdeploy\extracted\ca\Hangfire.Core.resources.dll ..." date="2025-11-18T07:47:20.844" /><!-- duration: 16ms -->
          <step title="Extracting to C:\local\Temp\zipdeploy\extracted\de\Hangfire.Core.resources.dll ..." date="2025-11-18T07:47:20.859" /><!-- duration: 0ms -->
          <step title="Extracting to C:\local\Temp\zipdeploy\extracted\es\Hangfire.Core.resources.dll ..." date="2025-11-18T07:47:20.875" /><!-- duration: 0ms -->
          <step title="Extracting to C:\local\Temp\zipdeploy\extracted\fa\Hangfire.Core.resources.dll ..." date="2025-11-18T07:47:20.875" /><!-- duration: 16ms -->
          <step title="Extracting to C:\local\Temp\zipdeploy\extracted\fr\Hangfire.Core.resources.dll ..." date="2025-11-18T07:47:20.891" /><!-- duration: 16ms -->
          <step title="Omitting extracting file traces ..." date="2025-11-18T07:47:20.906" /><!-- duration: 0ms -->
        </step><!-- duration: 938ms -->
      </step><!-- duration: 953ms -->
      <step title="None repository commit" date="2025-11-18T07:47:21.766" >
        <step title="Commit id: ee44cf034de2413da54eb203eb6f47ea" date="2025-11-18T07:47:21.781" Message="OneDeploy" AuthorName="N/A" AuthorEmail="N/A" /><!-- duration: 0ms -->
      </step><!-- duration: 16ms -->
      <step title="Before sending BuildRequestReceived status to /api/updatedeploystatus" date="2025-11-18T07:47:21.797" /><!-- duration: 0ms -->
      <step title="DeploymentManager.Deploy(id:ee44cf034de2413da54eb203eb6f47ea)" date="2025-11-18T07:47:21.797" >
        <step title="Collecting changeset information" date="2025-11-18T07:47:21.813" /><!-- duration: 47ms -->
        <step title="Updating submodules" date="2025-11-18T07:47:21.859" >
          <step title="Updating submodules." date="2025-11-18T07:47:21.906" /><!-- duration: 0ms -->
        </step><!-- duration: 63ms -->
        <step title="Preparing deployment for commit id &apos;ee44cf034d&apos;." date="2025-11-18T07:47:21.969" /><!-- duration: 0ms -->
        <step title="Determining deployment builder" date="2025-11-18T07:47:22.016" >
          <step title="Builder is OneDeployBuilder" date="2025-11-18T07:47:22.031" /><!-- duration: 0ms -->
        </step><!-- duration: 16ms -->
        <step title="Copying SSH keys" date="2025-11-18T07:47:22.063" /><!-- duration: 0ms -->
        <step title="Building" date="2025-11-18T07:47:22.078" >
          <step title="Running build. Project type: OneDeploy" date="2025-11-18T07:47:22.125" /><!-- duration: 0ms -->
          <step title="Copying the manifest" date="2025-11-18T07:47:22.172" /><!-- duration: 0ms -->
          <step title="Clean deploying to C:\home\site\wwwroot" date="2025-11-18T07:47:22.234" /><!-- duration: 0ms -->
          <step title="Generating deployment script." date="2025-11-18T07:47:22.281" /><!-- duration: 16ms -->
          <step title="Generating deployment script" date="2025-11-18T07:47:22.297" >
            <step title="Using cached version of the deployment script for command: -y --no-dot-deployment -r &quot;C:\local\Temp\zipdeploy\extracted&quot; -o &quot;C:\home\site\deployments\tools&quot; --basic --sitePath &quot;C:\local\Temp\zipdeploy\extracted&quot;" date="2025-11-18T07:47:22.328" /><!-- duration: 16ms -->
            <step title="Using cached version of deployment script (command: &apos;azure -y --no-dot-deployment -r &quot;C:\local\Temp\zipdeploy\extracted&quot; -o &quot;C:\home\site\deployments\tools&quot; --basic --sitePath &quot;C:\local\Temp\zipdeploy\extracted&quot;&apos;)." date="2025-11-18T07:47:22.359" /><!-- duration: 0ms -->
          </step><!-- duration: 94ms -->
          <step title="Running deployment command..." date="2025-11-18T07:47:22.453" /><!-- duration: 0ms -->
          <step title="Command: &quot;C:\home\site\deployments\tools\deploy.cmd&quot;" date="2025-11-18T07:47:22.469" /><!-- duration: 16ms -->
          <step title="Executing external process" date="2025-11-18T07:47:22.500" type="process" path="starter.cmd" arguments="&quot;C:\home\site\deployments\tools\deploy.cmd&quot;" >
            <step title="Handling Basic Web Site deployment." date="2025-11-18T07:47:22.609" /><!-- duration: 0ms -->
            <step title="Creating app_offline.htm" date="2025-11-18T07:47:22.750" /><!-- duration: 0ms -->
            <step title="KuduSync.NET from: &apos;C:\local\Temp\zipdeploy\extracted&apos; to: &apos;C:\home\site\wwwroot&apos;" date="2025-11-18T07:47:22.766" /><!-- duration: 0ms -->
            <step title="Deleting file: &apos;MH.Application.deps.json&apos;" date="2025-11-18T07:47:22.797" /><!-- duration: 0ms -->
            <step title="Deleting file: &apos;MH.Domain.deps.json&apos;" date="2025-11-18T07:47:22.828" /><!-- duration: 0ms -->
            <step title="Deleting file: &apos;MH.Infrastructure.deps.json&apos;" date="2025-11-18T07:47:22.844" /><!-- duration: 0ms -->
            <step title="Deleting file: &apos;MH.Infrastructure.runtimeconfig.json&apos;" date="2025-11-18T07:47:22.859" /><!-- duration: 0ms -->
            <step title="Deleting file: &apos;Microsoft.AspNetCore.Cryptography.Internal.dll&apos;" date="2025-11-18T07:47:22.875" /><!-- duration: 16ms -->
            <step title="Deleting file: &apos;Microsoft.AspNetCore.Cryptography.KeyDerivation.dll&apos;" date="2025-11-18T07:47:22.906" /><!-- duration: 0ms -->
            <step title="Deleting file: &apos;Microsoft.AspNetCore.Http.Features.dll&apos;" date="2025-11-18T07:47:22.922" /><!-- duration: 16ms -->
            <step title="Deleting file: &apos;Microsoft.Extensions.Caching.Abstractions.dll&apos;" date="2025-11-18T07:47:22.953" /><!-- duration: 0ms -->
            <step title="Deleting file: &apos;Microsoft.Extensions.Caching.Memory.dll&apos;" date="2025-11-18T07:47:22.969" /><!-- duration: 0ms -->
            <step title="Deleting file: &apos;Microsoft.Extensions.Configuration.Abstractions.dll&apos;" date="2025-11-18T07:47:22.984" /><!-- duration: 16ms -->
            <step title="Deleting file: &apos;Microsoft.Extensions.DependencyInjection.Abstractions.dll&apos;" date="2025-11-18T07:47:23.016" /><!-- duration: 0ms -->
            <step title="Deleting file: &apos;Microsoft.Extensions.DependencyInjection.dll&apos;" date="2025-11-18T07:47:23.031" /><!-- duration: 16ms -->
            <step title="Deleting file: &apos;Microsoft.Extensions.Identity.Core.dll&apos;" date="2025-11-18T07:47:23.063" /><!-- duration: 0ms -->
            <step title="Deleting file: &apos;Microsoft.Extensions.Identity.Stores.dll&apos;" date="2025-11-18T07:47:23.078" /><!-- duration: 0ms -->
            <step title="Deleting file: &apos;Microsoft.Extensions.Logging.Abstractions.dll&apos;" date="2025-11-18T07:47:23.094" /><!-- duration: 0ms -->
            <step title="Deleting file: &apos;Microsoft.Extensions.Logging.dll&apos;" date="2025-11-18T07:47:23.203" /><!-- duration: 0ms -->
            <step title="Deleting file: &apos;Microsoft.Extensions.Options.dll&apos;" date="2025-11-18T07:47:23.219" /><!-- duration: 0ms -->
            <step title="Deleting file: &apos;Microsoft.Extensions.Primitives.dll&apos;" date="2025-11-18T07:47:23.234" /><!-- duration: 16ms -->
            <step title="Deleting file: &apos;System.Diagnostics.EventLog.dll&apos;" date="2025-11-18T07:47:23.266" /><!-- duration: 0ms -->
            <step title="Deleting file: &apos;System.IO.Pipelines.dll&apos;" date="2025-11-18T07:47:23.281" /><!-- duration: 0ms -->
            <step title="Deleting file: &apos;System.Security.Cryptography.Pkcs.dll&apos;" date="2025-11-18T07:47:23.297" /><!-- duration: 16ms -->
            <step title="Copying file: &apos;appsettings.Development.json&apos;" date="2025-11-18T07:47:23.313" /><!-- duration: 16ms -->
            <step title="Copying file: &apos;appsettings.json&apos;" date="2025-11-18T07:47:23.344" /><!-- duration: 0ms -->
            <step title="Copying file: &apos;AutoMapper.dll&apos;" date="2025-11-18T07:47:23.359" /><!-- duration: 0ms -->
            <step title="Copying file: &apos;AutoMapper.Extensions.Microsoft.DependencyInjection.dll&apos;" date="2025-11-18T07:47:23.375" /><!-- duration: 0ms -->
            <step title="Copying file: &apos;Azure.Core.dll&apos;" date="2025-11-18T07:47:23.391" /><!-- duration: 16ms -->
            <step title="Copying file: &apos;Azure.Identity.dll&apos;" date="2025-11-18T07:47:23.422" /><!-- duration: 0ms -->
            <step title="Copying file: &apos;BouncyCastle.Crypto.dll&apos;" date="2025-11-18T07:47:23.438" /><!-- duration: 0ms -->
            <step title="Copying file: &apos;FluentValidation.AspNetCore.dll&apos;" date="2025-11-18T07:47:23.453" /><!-- duration: 16ms -->
            <step title="Copying file: &apos;FluentValidation.DependencyInjectionExtensions.dll&apos;" date="2025-11-18T07:47:23.469" /><!-- duration: 16ms -->
            <step title="Copying file: &apos;FluentValidation.dll&apos;" date="2025-11-18T07:47:23.500" /><!-- duration: 0ms -->
            <step title="Copying file: &apos;Google.Apis.Auth.dll&apos;" date="2025-11-18T07:47:23.516" /><!-- duration: 0ms -->
            <step title="Copying file: &apos;Google.Apis.Auth.PlatformServices.dll&apos;" date="2025-11-18T07:47:23.531" /><!-- duration: 16ms -->
            <step title="Copying file: &apos;Google.Apis.Core.dll&apos;" date="2025-11-18T07:47:23.563" /><!-- duration: 0ms -->
            <step title="Copying file: &apos;Google.Apis.dll&apos;" date="2025-11-18T07:47:23.578" /><!-- duration: 0ms -->
            <step title="Copying file: &apos;Hangfire.AspNetCore.dll&apos;" date="2025-11-18T07:47:23.594" /><!-- duration: 16ms -->
            <step title="Copying file: &apos;Hangfire.Core.dll&apos;" date="2025-11-18T07:47:23.609" /><!-- duration: 16ms -->
            <step title="Copying file: &apos;Hangfire.SqlServer.dll&apos;" date="2025-11-18T07:47:23.641" /><!-- duration: 0ms -->
            <step title="Copying file: &apos;MailKit.dll&apos;" date="2025-11-18T07:47:23.656" /><!-- duration: 0ms -->
            <step title="Copying file: &apos;MH.Api.deps.json&apos;" date="2025-11-18T07:47:23.672" /><!-- duration: 16ms -->
            <step title="Copying file: &apos;MH.Api.dll&apos;" date="2025-11-18T07:47:23.688" /><!-- duration: 16ms -->
            <step title="Copying file: &apos;MH.Api.exe&apos;" date="2025-11-18T07:47:23.719" /><!-- duration: 0ms -->
            <step title="Copying file: &apos;MH.Api.pdb&apos;" date="2025-11-18T07:47:23.734" /><!-- duration: 16ms -->
            <step title="Copying file: &apos;MH.Api.runtimeconfig.json&apos;" date="2025-11-18T07:47:23.766" /><!-- duration: 0ms -->
            <step title="Copying file: &apos;MH.Api.staticwebassets.endpoints.json&apos;" date="2025-11-18T07:47:23.781" /><!-- duration: 0ms -->
            <step title="Copying file: &apos;MH.Application.dll&apos;" date="2025-11-18T07:47:23.828" /><!-- duration: 0ms -->
            <step title="Copying file: &apos;MH.Application.pdb&apos;" date="2025-11-18T07:47:23.844" /><!-- duration: 0ms -->
            <step title="Copying file: &apos;MH.Domain.dll&apos;" date="2025-11-18T07:47:23.859" /><!-- duration: 0ms -->
            <step title="Omitting next output lines..." date="2025-11-18T07:47:23.875" /><!-- duration: 16ms -->
            <step title="Finished successfully." date="2025-11-18T07:47:28.501" /><!-- duration: 0ms -->
          </step><!-- duration: 6017ms -->
          <step title="Build completed succesfully." date="2025-11-18T07:47:28.564" /><!-- duration: 0ms -->
          <step title="Running post deployment command(s)..." date="2025-11-18T07:47:28.611" /><!-- duration: 0ms -->
          <step title="Requesting site restart" date="2025-11-18T07:47:28.673" /><!-- duration: 0ms -->
          <step title="Requesting site restart" date="2025-11-18T07:47:28.689" /><!-- duration: 0ms -->
          <step title="Requesting site restart. Attempt #1" date="2025-11-18T07:47:28.736" /><!-- duration: 0ms -->
          <step title="Requesting site restart. Attempt #1" date="2025-11-18T07:47:28.751" /><!-- duration: 0ms -->
          <step title="Successfully requested a restart. Attempt #1" date="2025-11-18T07:47:28.986" /><!-- duration: 0ms -->
          <step title="Successfully requested a restart. Attempt #1" date="2025-11-18T07:47:29.001" /><!-- duration: 0ms -->
          <step title="Deployment successful. DEPLOYMENTINFO: deploymentPath = OneDeploy, deployer = OneDeploy, os = windows, sku = Free, siteName = NgCanduAPI, siteHostName = ngcanduapi.azurewebsites.net, deploymentStatus = Success" date="2025-11-18T07:47:29.064" /><!-- duration: 16ms -->
          <step title="Purge deployment items" date="2025-11-18T07:47:29.251" >
            <step title="Remove bf0fd0096, Success, received at 11/17/2025 1:08:44 PM" date="2025-11-18T07:47:29.314" /><!-- duration: 0ms -->
          </step><!-- duration: 63ms -->
        </step><!-- duration: 7283ms -->
      </step><!-- duration: 7564ms -->
      <step title="Cleaning up temp files" date="2025-11-18T07:47:29.361" /><!-- duration: 16ms -->
      <step title="Skip function trigger and logicapp sync because function is not enabled." date="2025-11-18T07:47:29.376" /><!-- duration: 16ms -->
    </step><!-- duration: 8783ms -->
    <step title="LockFile &apos;C:\home\site\locks\deployments.lock&apos; released" date="2025-11-18T07:47:29.439" /><!-- duration: 16ms -->
    <step title="Deleting shutdown sentinel file" date="2025-11-18T07:47:29.455" SemaphoreCount="8" /><!-- duration: 16ms -->
  </step><!-- duration: 10205ms -->
  <step title="Outgoing response" date="2025-11-18T07:47:29.470" type="response" statusCode="200" statusText="OK" Server="Microsoft-IIS/10.0" x-ms-request-id="c7da9ad8-c452-11f0-9a66-c025a5cfe792" Cache-Control="private" X-AspNet-Version="4.0.30319" /><!-- duration: 16ms -->
</step><!-- duration: 10423ms -->
