<step title="Incoming Request" date="2025-11-19T14:24:34.033" instance="92ca53" url="/api/zipdeploy?isAsync=true" method="POST" type="request" pid="8128,2,8" Cache-Control="no-cache" Content-Length="23563760" Content-Type="application/octet-stream" Accept="*/*" Accept-Encoding="gzip, deflate" Authorization="Bas..." Host="ngcanduapi.scm.azurewebsites.net" User-Agent="AZURECLI/2.75.0 (MSI)" x-ms-client-request-id="739514fd-c553-11f0-b1e9-c025a5cfe792" X-ARR-LOG-ID="739514fd-c553-11f0-b1e9-c025a5cfe792" CLIENT-IP="197.234.156.224:55461" X-SITE-DEPLOYMENT-ID="NgCanduAPI" WAS-DEFAULT-HOSTNAME="ngcanduapi.scm.azurewebsites.net" X-Forwarded-Proto="https" X-AppService-Proto="https" X-Forwarded-TlsVersion="1.3" X-WAWS-Unencoded-URL="/api/zipdeploy?isAsync=true" >
  <step title="ZipPushDeploy" date="2025-11-19T14:24:34.283" >
    <step title="ZipDeploy. Extract zip. " date="2025-11-19T14:24:34.298" /><!-- duration: 16ms -->
    <step title="Starting PushDeployAsync" date="2025-11-19T14:24:34.314" /><!-- duration: 0ms -->
    <step title="Updating shutdown sentinel last write time" date="2025-11-19T14:24:34.361" SemaphoreCount="7" /><!-- duration: 16ms -->
    <step title="LockFile &apos;C:\home\site\locks\deployments.lock&apos; acquired" date="2025-11-19T14:24:34.377" /><!-- duration: 0ms -->
    <step title="Saving request content to C:\local\Temp\zipdeploy\ycuv2he0.zip" date="2025-11-19T14:24:34.392" >
      <step title="Total 23,563,760 bytes written to C:\local\Temp\zipdeploy\ycuv2he0.zip" date="2025-11-19T14:24:36.064" /><!-- duration: 16ms -->
    </step><!-- duration: 1703ms -->
    <step title="LockFile &apos;C:\home\site\locks\deployments.lock&apos; released" date="2025-11-19T14:24:36.095" /><!-- duration: 0ms -->
    <step title="Deleting shutdown sentinel file" date="2025-11-19T14:24:36.111" SemaphoreCount="8" /><!-- duration: 0ms -->
    <step title="Starting FetchDeploy" date="2025-11-19T14:24:36.127" /><!-- duration: 0ms -->
    <step title="Start deployment in the background" date="2025-11-19T14:24:36.127" /><!-- duration: 109ms -->
  </step><!-- duration: 1953ms -->
  <step title="Outgoing response" date="2025-11-19T14:24:36.267" type="response" statusCode="202" statusText="Accepted" Server="Microsoft-IIS/10.0" x-ms-request-id="739514fd-c553-11f0-b1e9-c025a5cfe792" Retry-After="30" Cache-Control="private" X-AspNet-Version="4.0.30319" Location="https://ngcanduapi.scm.azurewebsites.net/api/deployments/latest?deployer=ZipDeploy&amp;time=2025-11-19_14-24-36Z" /><!-- duration: 16ms -->
</step><!-- duration: 2250ms -->
