<step title="BackgroundTrace" date="2025-11-18T07:18:37.253" instance="92ca53" url="/api/publish" method="POST" >
  <step title="Updating shutdown sentinel last write time" date="2025-11-18T07:18:37.268" SemaphoreCount="7" /><!-- duration: 0ms -->
  <step title="LockFile &apos;C:\home\site\locks\deployments.lock&apos; acquired" date="2025-11-18T07:18:37.268" /><!-- duration: 16ms -->
  <step title="Creating temporary deployment" date="2025-11-18T07:18:37.284" /><!-- duration: 47ms -->
  <step title="Performing fetch based deployment" date="2025-11-18T07:18:37.331" >
    <step title="Fetching changes." date="2025-11-18T07:18:37.378" /><!-- duration: 16ms -->
    <step title="Starting LocalZipHandler" date="2025-11-18T07:18:37.393" /><!-- duration: 0ms -->
    <step title="Cleaning up temp folders from previous zip deployments and extracting pushed zip file C:\local\Temp\zipdeploy\xbkuppmq.zip (25.26 MB) to C:\local\Temp\zipdeploy\extracted" date="2025-11-18T07:18:37.424" /><!-- duration: 16ms -->
    <step title="Cleaning up temp folders from previous zip deployments and extracting pushed zip file C:\local\Temp\zipdeploy\xbkuppmq.zip (25.26 MB) to C:\local\Temp\zipdeploy\extracted" date="2025-11-18T07:18:37.440" >
      <step title="Renaming extractTargetDirectory(C:\local\Temp\zipdeploy\extracted) to tempDirectory(C:\local\Temp\zipdeploy\z1qpwwx0.vog)" date="2025-11-18T07:18:37.440" /><!-- duration: 0ms -->
      <step title="Extracting 295 entries to C:\local\Temp\zipdeploy\extracted directory" date="2025-11-18T07:18:37.456" >
        <step title="Extracting to C:\local\Temp\zipdeploy\extracted\appsettings.Development.json ..." date="2025-11-18T07:18:37.456" /><!-- duration: 16ms -->
        <step title="Extracting to C:\local\Temp\zipdeploy\extracted\appsettings.json ..." date="2025-11-18T07:18:37.471" /><!-- duration: 0ms -->
        <step title="Extracting to C:\local\Temp\zipdeploy\extracted\AutoMapper.dll ..." date="2025-11-18T07:18:37.487" /><!-- duration: 0ms -->
        <step title="Extracting to C:\local\Temp\zipdeploy\extracted\AutoMapper.Extensions.Microsoft.DependencyInjection.dll ..." date="2025-11-18T07:18:37.487" /><!-- duration: 16ms -->
        <step title="Extracting to C:\local\Temp\zipdeploy\extracted\Azure.Core.dll ..." date="2025-11-18T07:18:37.503" /><!-- duration: 16ms -->
        <step title="Omitting extracting file traces ..." date="2025-11-18T07:18:37.518" /><!-- duration: 16ms -->
      </step><!-- duration: 969ms -->
    </step><!-- duration: 1000ms -->
    <step title="Before sending BuildRequestReceived status to /api/updatedeploystatus" date="2025-11-18T07:18:38.440" /><!-- duration: 0ms -->
    <step title="DeploymentManager.Deploy(id:56ad55821ca44a679ca8ff113d72aef2)" date="2025-11-18T07:18:38.456" >
      <step title="Collecting changeset information" date="2025-11-18T07:18:38.456" /><!-- duration: 47ms -->
      <step title="Updating submodules" date="2025-11-18T07:18:38.503" >
        <step title="Updating submodules." date="2025-11-18T07:18:38.549" /><!-- duration: 0ms -->
      </step><!-- duration: 47ms -->
      <step title="Preparing deployment for commit id &apos;56ad55821c&apos;." date="2025-11-18T07:18:38.596" /><!-- duration: 31ms -->
      <step title="Determining deployment builder" date="2025-11-18T07:18:38.659" >
        <step title="Builder is OneDeployBuilder" date="2025-11-18T07:18:38.659" /><!-- duration: 16ms -->
      </step><!-- duration: 16ms -->
      <step title="Copying SSH keys" date="2025-11-18T07:18:38.690" /><!-- duration: 16ms -->
      <step title="Building" date="2025-11-18T07:18:38.706" >
        <step title="Running build. Project type: OneDeploy" date="2025-11-18T07:18:38.753" /><!-- duration: 0ms -->
        <step title="Copying the manifest" date="2025-11-18T07:18:38.799" /><!-- duration: 0ms -->
        <step title="Clean deploying to C:\home\site\wwwroot" date="2025-11-18T07:18:38.878" /><!-- duration: 0ms -->
        <step title="Generating deployment script." date="2025-11-18T07:18:38.924" /><!-- duration: 0ms -->
        <step title="Generating deployment script" date="2025-11-18T07:18:38.940" >
          <step title="Using cached version of the deployment script for command: -y --no-dot-deployment -r &quot;C:\local\Temp\zipdeploy\extracted&quot; -o &quot;C:\home\site\deployments\tools&quot; --basic --sitePath &quot;C:\local\Temp\zipdeploy\extracted&quot;" date="2025-11-18T07:18:38.956" /><!-- duration: 0ms -->
          <step title="Using cached version of deployment script (command: &apos;azure -y --no-dot-deployment -r &quot;C:\local\Temp\zipdeploy\extracted&quot; -o &quot;C:\home\site\deployments\tools&quot; --basic --sitePath &quot;C:\local\Temp\zipdeploy\extracted&quot;&apos;)." date="2025-11-18T07:18:38.987" /><!-- duration: 16ms -->
        </step><!-- duration: 63ms -->
        <step title="Running deployment command..." date="2025-11-18T07:18:39.034" /><!-- duration: 16ms -->
        <step title="Command: &quot;C:\home\site\deployments\tools\deploy.cmd&quot;" date="2025-11-18T07:18:39.049" /><!-- duration: 16ms -->
        <step title="Executing external process" date="2025-11-18T07:18:39.065" type="process" path="starter.cmd" arguments="&quot;C:\home\site\deployments\tools\deploy.cmd&quot;" >
          <step title="Handling Basic Web Site deployment." date="2025-11-18T07:18:39.190" /><!-- duration: 0ms -->
          <step title="Creating app_offline.htm" date="2025-11-18T07:18:39.380" /><!-- duration: 0ms -->
          <step title="KuduSync.NET from: &apos;C:\local\Temp\zipdeploy\extracted&apos; to: &apos;C:\home\site\wwwroot&apos;" date="2025-11-18T07:18:39.396" /><!-- duration: 0ms -->
          <step title="Deleting file: &apos;publish\appsettings.Development.json&apos;" date="2025-11-18T07:18:39.412" /><!-- duration: 0ms -->
          <step title="Deleting file: &apos;publish\appsettings.json&apos;" date="2025-11-18T07:18:39.427" /><!-- duration: 0ms -->
          <step title="Deleting file: &apos;publish\MH.Api.deps.json&apos;" date="2025-11-18T07:18:39.443" /><!-- duration: 0ms -->
          <step title="Deleting file: &apos;publish\MH.Api.runtimeconfig.json&apos;" date="2025-11-18T07:18:39.458" /><!-- duration: 0ms -->
          <step title="Deleting file: &apos;publish\MH.Api.staticwebassets.endpoints.json&apos;" date="2025-11-18T07:18:39.458" /><!-- duration: 16ms -->
          <step title="Deleting file: &apos;publish\web.config&apos;" date="2025-11-18T07:18:39.490" /><!-- duration: 0ms -->
          <step title="Deleting file: &apos;publish\publish\appsettings.Development.json&apos;" date="2025-11-18T07:18:39.505" /><!-- duration: 0ms -->
          <step title="Deleting file: &apos;publish\publish\appsettings.json&apos;" date="2025-11-18T07:18:39.521" /><!-- duration: 0ms -->
          <step title="Deleting file: &apos;publish\publish\MH.Api.deps.json&apos;" date="2025-11-18T07:18:39.537" /><!-- duration: 0ms -->
          <step title="Deleting file: &apos;publish\publish\MH.Api.runtimeconfig.json&apos;" date="2025-11-18T07:18:39.552" /><!-- duration: 0ms -->
          <step title="Deleting file: &apos;publish\publish\MH.Api.staticwebassets.endpoints.json&apos;" date="2025-11-18T07:18:39.568" /><!-- duration: 0ms -->
          <step title="Deleting file: &apos;publish\publish\web.config&apos;" date="2025-11-18T07:18:39.583" /><!-- duration: 0ms -->
          <step title="Deleting file: &apos;publish\publish\publish\appsettings.Development.json&apos;" date="2025-11-18T07:18:39.599" /><!-- duration: 0ms -->
          <step title="Deleting file: &apos;publish\publish\publish\appsettings.json&apos;" date="2025-11-18T07:18:39.615" /><!-- duration: 0ms -->
          <step title="Deleting file: &apos;publish\publish\publish\MH.Api.deps.json&apos;" date="2025-11-18T07:18:39.630" /><!-- duration: 0ms -->
          <step title="Deleting file: &apos;publish\publish\publish\MH.Api.runtimeconfig.json&apos;" date="2025-11-18T07:18:39.646" /><!-- duration: 0ms -->
          <step title="Deleting file: &apos;publish\publish\publish\MH.Api.staticwebassets.endpoints.json&apos;" date="2025-11-18T07:18:39.662" /><!-- duration: 0ms -->
          <step title="Deleting file: &apos;publish\publish\publish\web.config&apos;" date="2025-11-18T07:18:39.677" /><!-- duration: 0ms -->
          <step title="Deleting file: &apos;publish\publish\publish\publish\appsettings.Development.json&apos;" date="2025-11-18T07:18:39.693" /><!-- duration: 0ms -->
          <step title="Deleting file: &apos;publish\publish\publish\publish\appsettings.json&apos;" date="2025-11-18T07:18:39.708" /><!-- duration: 0ms -->
          <step title="Deleting file: &apos;publish\publish\publish\publish\MH.Api.deps.json&apos;" date="2025-11-18T07:18:39.724" /><!-- duration: 0ms -->
          <step title="Deleting file: &apos;publish\publish\publish\publish\MH.Api.runtimeconfig.json&apos;" date="2025-11-18T07:18:39.740" /><!-- duration: 0ms -->
          <step title="Deleting file: &apos;publish\publish\publish\publish\MH.Api.staticwebassets.endpoints.json&apos;" date="2025-11-18T07:18:39.755" /><!-- duration: 0ms -->
          <step title="Deleting file: &apos;publish\publish\publish\publish\web.config&apos;" date="2025-11-18T07:18:39.771" /><!-- duration: 0ms -->
          <step title="Deleting file: &apos;publish\publish\publish\publish\publish\appsettings.Development.json&apos;" date="2025-11-18T07:18:39.787" /><!-- duration: 0ms -->
          <step title="Deleting file: &apos;publish\publish\publish\publish\publish\appsettings.json&apos;" date="2025-11-18T07:18:39.802" /><!-- duration: 0ms -->
          <step title="Deleting file: &apos;publish\publish\publish\publish\publish\MH.Api.deps.json&apos;" date="2025-11-18T07:18:39.818" /><!-- duration: 0ms -->
          <step title="Deleting file: &apos;publish\publish\publish\publish\publish\MH.Api.runtimeconfig.json&apos;" date="2025-11-18T07:18:39.833" /><!-- duration: 0ms -->
          <step title="Deleting file: &apos;publish\publish\publish\publish\publish\MH.Api.staticwebassets.endpoints.json&apos;" date="2025-11-18T07:18:39.849" /><!-- duration: 0ms -->
          <step title="Deleting file: &apos;publish\publish\publish\publish\publish\web.config&apos;" date="2025-11-18T07:18:39.865" /><!-- duration: 0ms -->
          <step title="Deleting file: &apos;publish\publish\publish\publish\publish\publish\appsettings.Development.json&apos;" date="2025-11-18T07:18:39.880" /><!-- duration: 0ms -->
          <step title="Deleting file: &apos;publish\publish\publish\publish\publish\publish\appsettings.json&apos;" date="2025-11-18T07:18:39.896" /><!-- duration: 0ms -->
          <step title="Deleting file: &apos;publish\publish\publish\publish\publish\publish\MH.Api.deps.json&apos;" date="2025-11-18T07:18:39.896" /><!-- duration: 16ms -->
          <step title="Deleting file: &apos;publish\publish\publish\publish\publish\publish\MH.Api.runtimeconfig.json&apos;" date="2025-11-18T07:18:39.912" /><!-- duration: 16ms -->
          <step title="Deleting file: &apos;publish\publish\publish\publish\publish\publish\MH.Api.staticwebassets.endpoints.json&apos;" date="2025-11-18T07:18:39.927" /><!-- duration: 16ms -->
          <step title="Deleting file: &apos;publish\publish\publish\publish\publish\publish\web.config&apos;" date="2025-11-18T07:18:39.943" /><!-- duration: 16ms -->
          <step title="Deleting directory: &apos;publish\publish\publish\publish\publish\publish&apos;" date="2025-11-18T07:18:39.958" /><!-- duration: 16ms -->
          <step title="Deleting directory: &apos;publish\publish\publish\publish\publish&apos;" date="2025-11-18T07:18:39.974" /><!-- duration: 16ms -->
          <step title="Deleting directory: &apos;publish\publish\publish\publish&apos;" date="2025-11-18T07:18:39.990" /><!-- duration: 0ms -->
          <step title="Deleting directory: &apos;publish\publish\publish&apos;" date="2025-11-18T07:18:40.005" /><!-- duration: 0ms -->
          <step title="Deleting directory: &apos;publish\publish&apos;" date="2025-11-18T07:18:40.021" /><!-- duration: 0ms -->
          <step title="Deleting directory: &apos;publish&apos;" date="2025-11-18T07:18:40.037" /><!-- duration: 0ms -->
          <step title="Copying file: &apos;appsettings.Development.json&apos;" date="2025-11-18T07:18:40.052" /><!-- duration: 0ms -->
          <step title="Copying file: &apos;appsettings.json&apos;" date="2025-11-18T07:18:40.068" /><!-- duration: 0ms -->
          <step title="Copying file: &apos;AutoMapper.dll&apos;" date="2025-11-18T07:18:40.083" /><!-- duration: 0ms -->
          <step title="Copying file: &apos;AutoMapper.Extensions.Microsoft.DependencyInjection.dll&apos;" date="2025-11-18T07:18:40.099" /><!-- duration: 0ms -->
          <step title="Copying file: &apos;Azure.Core.dll&apos;" date="2025-11-18T07:18:40.115" /><!-- duration: 0ms -->
          <step title="Copying file: &apos;Azure.Identity.dll&apos;" date="2025-11-18T07:18:40.130" /><!-- duration: 0ms -->
          <step title="Omitting next output lines..." date="2025-11-18T07:18:40.146" /><!-- duration: 0ms -->
          <step title="Finished successfully." date="2025-11-18T07:18:44.677" /><!-- duration: 0ms -->
        </step><!-- duration: 5612ms -->
        <step title="Build completed succesfully." date="2025-11-18T07:18:44.724" /><!-- duration: 0ms -->
        <step title="Running post deployment command(s)..." date="2025-11-18T07:18:44.833" /><!-- duration: 0ms -->
        <step title="Requesting site restart" date="2025-11-18T07:18:44.880" /><!-- duration: 16ms -->
        <step title="Requesting site restart" date="2025-11-18T07:18:44.896" /><!-- duration: 0ms -->
        <step title="Requesting site restart. Attempt #1" date="2025-11-18T07:18:44.943" /><!-- duration: 0ms -->
        <step title="Requesting site restart. Attempt #1" date="2025-11-18T07:18:44.958" /><!-- duration: 0ms -->
        <step title="Successfully requested a restart. Attempt #1" date="2025-11-18T07:18:45.099" /><!-- duration: 0ms -->
        <step title="Successfully requested a restart. Attempt #1" date="2025-11-18T07:18:45.099" /><!-- duration: 16ms -->
        <step title="Deployment successful. DEPLOYMENTINFO: deploymentPath = OneDeploy, deployer = OneDeploy, os = windows, sku = Free, siteName = NgCanduAPI, siteHostName = ngcanduapi.azurewebsites.net, deploymentStatus = Success" date="2025-11-18T07:18:45.146" /><!-- duration: 16ms -->
        <step title="Purge deployment items" date="2025-11-18T07:18:45.224" >
          <step title="Remove c498828dc, Success, received at 11/17/2025 1:01:56 PM" date="2025-11-18T07:18:45.271" /><!-- duration: 16ms -->
        </step><!-- duration: 63ms -->
      </step><!-- duration: 6597ms -->
    </step><!-- duration: 6862ms -->
    <step title="Cleaning up temp files" date="2025-11-18T07:18:45.318" /><!-- duration: 16ms -->
    <step title="Skip function trigger and logicapp sync because function is not enabled." date="2025-11-18T07:18:45.333" /><!-- duration: 0ms -->
  </step><!-- duration: 8034ms -->
  <step title="LockFile &apos;C:\home\site\locks\deployments.lock&apos; released" date="2025-11-18T07:18:45.365" /><!-- duration: 0ms -->
  <step title="Deleting shutdown sentinel file" date="2025-11-18T07:18:45.380" SemaphoreCount="8" /><!-- duration: 0ms -->
</step><!-- duration: 8128ms -->
