<step title="Incoming Request" date="2025-11-20T12:33:01.222" instance="92ca53" url="/api/zipdeploy?isAsync=true" method="POST" type="request" pid="1656,2,51" Cache-Control="no-cache" Content-Length="23565783" Content-Type="application/octet-stream" Accept="*/*" Accept-Encoding="gzip, deflate" Authorization="Bas..." Host="ngcanduapi.scm.azurewebsites.net" User-Agent="AZURECLI/2.75.0 (MSI)" x-ms-client-request-id="0a4cecbf-c60d-11f0-9191-c025a5cfe792" X-ARR-LOG-ID="0a4cecbf-c60d-11f0-9191-c025a5cfe792" CLIENT-IP="197.234.156.224:52419" X-SITE-DEPLOYMENT-ID="NgCanduAPI" WAS-DEFAULT-HOSTNAME="ngcanduapi.scm.azurewebsites.net" X-Forwarded-Proto="https" X-AppService-Proto="https" X-Forwarded-TlsVersion="1.3" X-WAWS-Unencoded-URL="/api/zipdeploy?isAsync=true" >
  <step title="Cleanup Xml Logs" date="2025-11-20T12:33:01.222" /><!-- duration: 16ms -->
  <step title="ZipPushDeploy" date="2025-11-20T12:33:01.644" >
    <step title="ZipDeploy. Extract zip. " date="2025-11-20T12:33:01.644" /><!-- duration: 0ms -->
    <step title="Starting PushDeployAsync" date="2025-11-20T12:33:01.660" /><!-- duration: 0ms -->
    <step title="Updating shutdown sentinel last write time" date="2025-11-20T12:33:01.675" SemaphoreCount="7" /><!-- duration: 0ms -->
    <step title="LockFile &apos;C:\home\site\locks\deployments.lock&apos; acquired" date="2025-11-20T12:33:01.691" /><!-- duration: 0ms -->
    <step title="Saving request content to C:\local\Temp\zipdeploy\2gc5rfdx.zip" date="2025-11-20T12:33:01.707" >
      <step title="Total 23,565,783 bytes written to C:\local\Temp\zipdeploy\2gc5rfdx.zip" date="2025-11-20T12:33:06.973" /><!-- duration: 0ms -->
    </step><!-- duration: 5282ms -->
    <step title="LockFile &apos;C:\home\site\locks\deployments.lock&apos; released" date="2025-11-20T12:33:06.988" /><!-- duration: 16ms -->
    <step title="Deleting shutdown sentinel file" date="2025-11-20T12:33:07.004" SemaphoreCount="8" /><!-- duration: 16ms -->
    <step title="Starting FetchDeploy" date="2025-11-20T12:33:07.019" /><!-- duration: 0ms -->
    <step title="Start deployment in the background" date="2025-11-20T12:33:07.035" /><!-- duration: 62ms -->
  </step><!-- duration: 5454ms -->
  <step title="Outgoing response" date="2025-11-20T12:33:07.113" type="response" statusCode="202" statusText="Accepted" Server="Microsoft-IIS/10.0" x-ms-request-id="0a4cecbf-c60d-11f0-9191-c025a5cfe792" Retry-After="30" Cache-Control="private" X-AspNet-Version="4.0.30319" Location="https://ngcanduapi.scm.azurewebsites.net/api/deployments/latest?deployer=ZipDeploy&amp;time=2025-11-20_12-33-07Z" /><!-- duration: 0ms -->
</step><!-- duration: 5891ms -->
