<step title="Incoming Request" date="2025-11-20T07:07:29.023" instance="92ca53" url="/api/zipdeploy?isAsync=true" method="POST" type="request" pid="13388,2,51" Cache-Control="no-cache" Content-Length="23565774" Content-Type="application/octet-stream" Accept="*/*" Accept-Encoding="gzip, deflate" Authorization="Bas..." Host="ngcanduapi.scm.azurewebsites.net" User-Agent="AZURECLI/2.75.0 (MSI)" x-ms-client-request-id="8f3c4ca0-c5df-11f0-af1a-c025a5cfe792" X-ARR-LOG-ID="8f3c4ca0-c5df-11f0-af1a-c025a5cfe792" CLIENT-IP="197.234.156.224:59314" X-SITE-DEPLOYMENT-ID="NgCanduAPI" WAS-DEFAULT-HOSTNAME="ngcanduapi.scm.azurewebsites.net" X-Forwarded-Proto="https" X-AppService-Proto="https" X-Forwarded-TlsVersion="1.3" X-WAWS-Unencoded-URL="/api/zipdeploy?isAsync=true" >
  <step title="Cleanup Xml Logs" date="2025-11-20T07:07:29.023" /><!-- duration: 16ms -->
  <step title="ZipPushDeploy" date="2025-11-20T07:07:29.414" >
    <step title="ZipDeploy. Extract zip. " date="2025-11-20T07:07:29.430" /><!-- duration: 0ms -->
    <step title="Starting PushDeployAsync" date="2025-11-20T07:07:29.430" /><!-- duration: 16ms -->
    <step title="Updating shutdown sentinel last write time" date="2025-11-20T07:07:29.445" SemaphoreCount="7" /><!-- duration: 16ms -->
    <step title="LockFile &apos;C:\home\site\locks\deployments.lock&apos; acquired" date="2025-11-20T07:07:29.461" /><!-- duration: 16ms -->
    <step title="Saving request content to C:\local\Temp\zipdeploy\rbalb3i1.zip" date="2025-11-20T07:07:29.477" >
      <step title="Total 23,565,774 bytes written to C:\local\Temp\zipdeploy\rbalb3i1.zip" date="2025-11-20T07:07:32.448" /><!-- duration: 0ms -->
    </step><!-- duration: 2987ms -->
    <step title="LockFile &apos;C:\home\site\locks\deployments.lock&apos; released" date="2025-11-20T07:07:32.463" /><!-- duration: 0ms -->
    <step title="Deleting shutdown sentinel file" date="2025-11-20T07:07:32.479" SemaphoreCount="8" /><!-- duration: 0ms -->
    <step title="Starting FetchDeploy" date="2025-11-20T07:07:32.494" /><!-- duration: 0ms -->
    <step title="Start deployment in the background" date="2025-11-20T07:07:32.494" /><!-- duration: 78ms -->
  </step><!-- duration: 3158ms -->
  <step title="Outgoing response" date="2025-11-20T07:07:32.573" type="response" statusCode="202" statusText="Accepted" Server="Microsoft-IIS/10.0" x-ms-request-id="8f3c4ca0-c5df-11f0-af1a-c025a5cfe792" Retry-After="30" Cache-Control="private" X-AspNet-Version="4.0.30319" Location="https://ngcanduapi.scm.azurewebsites.net/api/deployments/latest?deployer=ZipDeploy&amp;time=2025-11-20_07-07-32Z" /><!-- duration: 16ms -->
</step><!-- duration: 3565ms -->
