<step title="Incoming Request" date="2025-11-18T12:44:29.231" instance="92ca53" url="/api/publish?type=zip" method="POST" type="request" pid="12840,2,26" Cache-Control="no-cache" Content-Length="23566616" Content-Type="application/octet-stream" Accept="*/*" Accept-Encoding="gzip, deflate" Authorization="Bas..." Host="ngcanduapi.scm.azurewebsites.net" User-Agent="AZURECLI/2.75.0 (MSI)" x-ms-client-request-id="4e34accc-c47c-11f0-af78-c025a5cfe792" X-ARR-LOG-ID="4e34accc-c47c-11f0-af78-c025a5cfe792" CLIENT-IP="197.234.156.224:63039" X-SITE-DEPLOYMENT-ID="NgCanduAPI" WAS-DEFAULT-HOSTNAME="ngcanduapi.scm.azurewebsites.net" X-Forwarded-Proto="https" X-AppService-Proto="https" X-Forwarded-TlsVersion="1.3" X-WAWS-Unencoded-URL="/api/publish?type=zip" >
  <step title="Cleanup Xml Logs" date="2025-11-18T12:44:29.247" /><!-- duration: 0ms -->
  <step title="OneDeploy" date="2025-11-18T12:44:29.700" >
    <step title="Starting PushDeployAsync" date="2025-11-18T12:44:29.700" /><!-- duration: 0ms -->
    <step title="Updating shutdown sentinel last write time" date="2025-11-18T12:44:29.716" SemaphoreCount="7" /><!-- duration: 0ms -->
    <step title="LockFile &apos;C:\home\site\locks\deployments.lock&apos; acquired" date="2025-11-18T12:44:29.731" /><!-- duration: 0ms -->
    <step title="Saving request content to C:\local\Temp\zipdeploy\xcjlxkzv.zip" date="2025-11-18T12:44:29.747" >
      <step title="Total 23,566,616 bytes written to C:\local\Temp\zipdeploy\xcjlxkzv.zip" date="2025-11-18T12:44:33.237" /><!-- duration: 0ms -->
    </step><!-- duration: 3490ms -->
    <step title="LockFile &apos;C:\home\site\locks\deployments.lock&apos; released" date="2025-11-18T12:44:33.253" /><!-- duration: 0ms -->
    <step title="Deleting shutdown sentinel file" date="2025-11-18T12:44:33.269" SemaphoreCount="8" /><!-- duration: 0ms -->
    <step title="Starting FetchDeploy" date="2025-11-18T12:44:33.269" /><!-- duration: 16ms -->
    <step title="Attempting to fetch target branch HEAD" date="2025-11-18T12:44:33.284" /><!-- duration: 0ms -->
    <step title="Updating shutdown sentinel last write time" date="2025-11-18T12:44:33.300" SemaphoreCount="7" /><!-- duration: 0ms -->
    <step title="LockFile &apos;C:\home\site\locks\deployments.lock&apos; acquired" date="2025-11-18T12:44:33.300" /><!-- duration: 16ms -->
    <step title="Performing fetch based deployment" date="2025-11-18T12:44:33.316" >
      <step title="Creating temporary deployment" date="2025-11-18T12:44:33.316" /><!-- duration: 31ms -->
      <step title="Fetching changes." date="2025-11-18T12:44:33.394" /><!-- duration: 0ms -->
      <step title="Starting LocalZipHandler" date="2025-11-18T12:44:33.409" /><!-- duration: 0ms -->
      <step title="Starting LocalZipFetch" date="2025-11-18T12:44:33.409" /><!-- duration: 16ms -->
      <step title="Cleaning up temp folders from previous zip deployments and extracting pushed zip file C:\local\Temp\zipdeploy\xcjlxkzv.zip (22.47 MB) to C:\local\Temp\zipdeploy\extracted" date="2025-11-18T12:44:33.425" /><!-- duration: 16ms -->
      <step title="Cleaning up temp folders from previous zip deployments and extracting pushed zip file C:\local\Temp\zipdeploy\xcjlxkzv.zip (22.47 MB) to C:\local\Temp\zipdeploy\extracted" date="2025-11-18T12:44:33.441" >
        <step title="Renaming extractTargetDirectory(C:\local\Temp\zipdeploy\extracted) to tempDirectory(C:\local\Temp\zipdeploy\lvbbdq2s.a5w)" date="2025-11-18T12:44:33.441" /><!-- duration: 16ms -->
        <step title="Extracting 287 entries to C:\local\Temp\zipdeploy\extracted directory" date="2025-11-18T12:44:33.472" >
          <step title="Extracting to C:\local\Temp\zipdeploy\extracted\ca\Hangfire.Core.resources.dll ..." date="2025-11-18T12:44:33.472" /><!-- duration: 0ms -->
          <step title="Extracting to C:\local\Temp\zipdeploy\extracted\de\Hangfire.Core.resources.dll ..." date="2025-11-18T12:44:33.487" /><!-- duration: 0ms -->
          <step title="Extracting to C:\local\Temp\zipdeploy\extracted\es\Hangfire.Core.resources.dll ..." date="2025-11-18T12:44:33.487" /><!-- duration: 16ms -->
          <step title="Extracting to C:\local\Temp\zipdeploy\extracted\fa\Hangfire.Core.resources.dll ..." date="2025-11-18T12:44:33.503" /><!-- duration: 0ms -->
          <step title="Extracting to C:\local\Temp\zipdeploy\extracted\fr\Hangfire.Core.resources.dll ..." date="2025-11-18T12:44:33.519" /><!-- duration: 0ms -->
          <step title="Omitting extracting file traces ..." date="2025-11-18T12:44:33.519" /><!-- duration: 16ms -->
        </step><!-- duration: 922ms -->
      </step><!-- duration: 953ms -->
      <step title="None repository commit" date="2025-11-18T12:44:34.394" >
        <step title="Commit id: 3d9e2169980b40f1986cff691d942436" date="2025-11-18T12:44:34.409" Message="OneDeploy" AuthorName="N/A" AuthorEmail="N/A" /><!-- duration: 0ms -->
      </step><!-- duration: 16ms -->
      <step title="Before sending BuildRequestReceived status to /api/updatedeploystatus" date="2025-11-18T12:44:34.409" /><!-- duration: 16ms -->
      <step title="DeploymentManager.Deploy(id:3d9e2169980b40f1986cff691d942436)" date="2025-11-18T12:44:34.425" >
        <step title="Collecting changeset information" date="2025-11-18T12:44:34.441" /><!-- duration: 31ms -->
        <step title="Updating submodules" date="2025-11-18T12:44:34.487" >
          <step title="Updating submodules." date="2025-11-18T12:44:34.519" /><!-- duration: 0ms -->
        </step><!-- duration: 63ms -->
        <step title="Preparing deployment for commit id &apos;3d9e216998&apos;." date="2025-11-18T12:44:34.581" /><!-- duration: 16ms -->
        <step title="Determining deployment builder" date="2025-11-18T12:44:34.628" >
          <step title="Builder is OneDeployBuilder" date="2025-11-18T12:44:34.644" /><!-- duration: 0ms -->
        </step><!-- duration: 16ms -->
        <step title="Copying SSH keys" date="2025-11-18T12:44:34.675" /><!-- duration: 0ms -->
        <step title="Building" date="2025-11-18T12:44:34.675" >
          <step title="Running build. Project type: OneDeploy" date="2025-11-18T12:44:34.722" /><!-- duration: 0ms -->
          <step title="Copying the manifest" date="2025-11-18T12:44:34.769" /><!-- duration: 0ms -->
          <step title="Clean deploying to C:\home\site\wwwroot" date="2025-11-18T12:44:34.831" /><!-- duration: 16ms -->
          <step title="Generating deployment script." date="2025-11-18T12:44:34.894" /><!-- duration: 0ms -->
          <step title="Generating deployment script" date="2025-11-18T12:44:34.910" >
            <step title="Using cached version of the deployment script for command: -y --no-dot-deployment -r &quot;C:\local\Temp\zipdeploy\extracted&quot; -o &quot;C:\home\site\deployments\tools&quot; --basic --sitePath &quot;C:\local\Temp\zipdeploy\extracted&quot;" date="2025-11-18T12:44:34.925" /><!-- duration: 0ms -->
            <step title="Using cached version of deployment script (command: &apos;azure -y --no-dot-deployment -r &quot;C:\local\Temp\zipdeploy\extracted&quot; -o &quot;C:\home\site\deployments\tools&quot; --basic --sitePath &quot;C:\local\Temp\zipdeploy\extracted&quot;&apos;)." date="2025-11-18T12:44:34.941" /><!-- duration: 0ms -->
          </step><!-- duration: 47ms -->
          <step title="Running deployment command..." date="2025-11-18T12:44:35.003" /><!-- duration: 0ms -->
          <step title="Command: &quot;C:\home\site\deployments\tools\deploy.cmd&quot;" date="2025-11-18T12:44:35.019" /><!-- duration: 0ms -->
          <step title="Executing external process" date="2025-11-18T12:44:35.035" type="process" path="starter.cmd" arguments="&quot;C:\home\site\deployments\tools\deploy.cmd&quot;" >
            <step title="Handling Basic Web Site deployment." date="2025-11-18T12:44:35.144" /><!-- duration: 16ms -->
            <step title="Creating app_offline.htm" date="2025-11-18T12:44:35.316" /><!-- duration: 47ms -->
            <step title="KuduSync.NET from: &apos;C:\local\Temp\zipdeploy\extracted&apos; to: &apos;C:\home\site\wwwroot&apos;" date="2025-11-18T12:44:35.378" /><!-- duration: 16ms -->
            <step title="Deleting file: &apos;MH.Application.deps.json&apos;" date="2025-11-18T12:44:35.394" /><!-- duration: 16ms -->
            <step title="Deleting file: &apos;MH.Domain.deps.json&apos;" date="2025-11-18T12:44:35.425" /><!-- duration: 0ms -->
            <step title="Deleting file: &apos;MH.Infrastructure.deps.json&apos;" date="2025-11-18T12:44:35.441" /><!-- duration: 0ms -->
            <step title="Deleting file: &apos;MH.Infrastructure.runtimeconfig.json&apos;" date="2025-11-18T12:44:35.456" /><!-- duration: 0ms -->
            <step title="Deleting file: &apos;Microsoft.AspNetCore.Cryptography.Internal.dll&apos;" date="2025-11-18T12:44:35.472" /><!-- duration: 16ms -->
            <step title="Deleting file: &apos;Microsoft.AspNetCore.Cryptography.KeyDerivation.dll&apos;" date="2025-11-18T12:44:35.503" /><!-- duration: 0ms -->
            <step title="Deleting file: &apos;Microsoft.AspNetCore.Http.Features.dll&apos;" date="2025-11-18T12:44:35.519" /><!-- duration: 0ms -->
            <step title="Deleting file: &apos;Microsoft.Extensions.Caching.Abstractions.dll&apos;" date="2025-11-18T12:44:35.535" /><!-- duration: 0ms -->
            <step title="Deleting file: &apos;Microsoft.Extensions.Caching.Memory.dll&apos;" date="2025-11-18T12:44:35.550" /><!-- duration: 0ms -->
            <step title="Deleting file: &apos;Microsoft.Extensions.Configuration.Abstractions.dll&apos;" date="2025-11-18T12:44:35.566" /><!-- duration: 0ms -->
            <step title="Deleting file: &apos;Microsoft.Extensions.DependencyInjection.Abstractions.dll&apos;" date="2025-11-18T12:44:35.581" /><!-- duration: 16ms -->
            <step title="Deleting file: &apos;Microsoft.Extensions.DependencyInjection.dll&apos;" date="2025-11-18T12:44:35.613" /><!-- duration: 0ms -->
            <step title="Deleting file: &apos;Microsoft.Extensions.Identity.Core.dll&apos;" date="2025-11-18T12:44:35.628" /><!-- duration: 0ms -->
            <step title="Deleting file: &apos;Microsoft.Extensions.Identity.Stores.dll&apos;" date="2025-11-18T12:44:35.644" /><!-- duration: 0ms -->
            <step title="Deleting file: &apos;Microsoft.Extensions.Logging.Abstractions.dll&apos;" date="2025-11-18T12:44:35.660" /><!-- duration: 0ms -->
            <step title="Deleting file: &apos;Microsoft.Extensions.Logging.dll&apos;" date="2025-11-18T12:44:35.675" /><!-- duration: 16ms -->
            <step title="Deleting file: &apos;Microsoft.Extensions.Options.dll&apos;" date="2025-11-18T12:44:35.706" /><!-- duration: 0ms -->
            <step title="Deleting file: &apos;Microsoft.Extensions.Primitives.dll&apos;" date="2025-11-18T12:44:35.722" /><!-- duration: 0ms -->
            <step title="Deleting file: &apos;System.Diagnostics.EventLog.dll&apos;" date="2025-11-18T12:44:35.738" /><!-- duration: 0ms -->
            <step title="Deleting file: &apos;System.IO.Pipelines.dll&apos;" date="2025-11-18T12:44:35.753" /><!-- duration: 16ms -->
            <step title="Deleting file: &apos;System.Security.Cryptography.Pkcs.dll&apos;" date="2025-11-18T12:44:35.769" /><!-- duration: 16ms -->
            <step title="Copying file: &apos;appsettings.Development.json&apos;" date="2025-11-18T12:44:35.800" /><!-- duration: 0ms -->
            <step title="Copying file: &apos;appsettings.json&apos;" date="2025-11-18T12:44:35.831" /><!-- duration: 0ms -->
            <step title="Copying file: &apos;AutoMapper.dll&apos;" date="2025-11-18T12:44:35.847" /><!-- duration: 0ms -->
            <step title="Copying file: &apos;AutoMapper.Extensions.Microsoft.DependencyInjection.dll&apos;" date="2025-11-18T12:44:35.863" /><!-- duration: 0ms -->
            <step title="Copying file: &apos;Azure.Core.dll&apos;" date="2025-11-18T12:44:35.878" /><!-- duration: 16ms -->
            <step title="Copying file: &apos;Azure.Identity.dll&apos;" date="2025-11-18T12:44:35.894" /><!-- duration: 16ms -->
            <step title="Copying file: &apos;BouncyCastle.Crypto.dll&apos;" date="2025-11-18T12:44:35.925" /><!-- duration: 0ms -->
            <step title="Copying file: &apos;FluentValidation.AspNetCore.dll&apos;" date="2025-11-18T12:44:35.941" /><!-- duration: 0ms -->
            <step title="Copying file: &apos;FluentValidation.DependencyInjectionExtensions.dll&apos;" date="2025-11-18T12:44:35.972" /><!-- duration: 0ms -->
            <step title="Copying file: &apos;FluentValidation.dll&apos;" date="2025-11-18T12:44:35.988" /><!-- duration: 0ms -->
            <step title="Copying file: &apos;Google.Apis.Auth.dll&apos;" date="2025-11-18T12:44:36.003" /><!-- duration: 0ms -->
            <step title="Copying file: &apos;Google.Apis.Auth.PlatformServices.dll&apos;" date="2025-11-18T12:44:36.019" /><!-- duration: 0ms -->
            <step title="Copying file: &apos;Google.Apis.Core.dll&apos;" date="2025-11-18T12:44:36.035" /><!-- duration: 16ms -->
            <step title="Copying file: &apos;Google.Apis.dll&apos;" date="2025-11-18T12:44:36.066" /><!-- duration: 0ms -->
            <step title="Copying file: &apos;Hangfire.AspNetCore.dll&apos;" date="2025-11-18T12:44:36.081" /><!-- duration: 0ms -->
            <step title="Copying file: &apos;Hangfire.Core.dll&apos;" date="2025-11-18T12:44:36.097" /><!-- duration: 0ms -->
            <step title="Copying file: &apos;Hangfire.SqlServer.dll&apos;" date="2025-11-18T12:44:36.113" /><!-- duration: 0ms -->
            <step title="Copying file: &apos;MailKit.dll&apos;" date="2025-11-18T12:44:36.129" /><!-- duration: 16ms -->
            <step title="Copying file: &apos;MH.Api.deps.json&apos;" date="2025-11-18T12:44:36.160" /><!-- duration: 0ms -->
            <step title="Copying file: &apos;MH.Api.dll&apos;" date="2025-11-18T12:44:36.176" /><!-- duration: 0ms -->
            <step title="Copying file: &apos;MH.Api.exe&apos;" date="2025-11-18T12:44:36.192" /><!-- duration: 0ms -->
            <step title="Copying file: &apos;MH.Api.pdb&apos;" date="2025-11-18T12:44:36.207" /><!-- duration: 0ms -->
            <step title="Copying file: &apos;MH.Api.runtimeconfig.json&apos;" date="2025-11-18T12:44:36.223" /><!-- duration: 16ms -->
            <step title="Copying file: &apos;MH.Api.staticwebassets.endpoints.json&apos;" date="2025-11-18T12:44:36.238" /><!-- duration: 16ms -->
            <step title="Copying file: &apos;MH.Application.dll&apos;" date="2025-11-18T12:44:36.270" /><!-- duration: 0ms -->
            <step title="Copying file: &apos;MH.Application.pdb&apos;" date="2025-11-18T12:44:36.285" /><!-- duration: 0ms -->
            <step title="Copying file: &apos;MH.Domain.dll&apos;" date="2025-11-18T12:44:36.301" /><!-- duration: 0ms -->
            <step title="Omitting next output lines..." date="2025-11-18T12:44:36.316" /><!-- duration: 16ms -->
            <step title="Finished successfully." date="2025-11-18T12:44:40.396" /><!-- duration: 16ms -->
          </step><!-- duration: 5377ms -->
          <step title="Build completed succesfully." date="2025-11-18T12:44:40.458" /><!-- duration: 0ms -->
          <step title="Running post deployment command(s)..." date="2025-11-18T12:44:40.505" /><!-- duration: 0ms -->
          <step title="Requesting site restart" date="2025-11-18T12:44:40.552" /><!-- duration: 16ms -->
          <step title="Requesting site restart" date="2025-11-18T12:44:40.568" /><!-- duration: 0ms -->
          <step title="Requesting site restart. Attempt #1" date="2025-11-18T12:44:40.615" /><!-- duration: 0ms -->
          <step title="Requesting site restart. Attempt #1" date="2025-11-18T12:44:40.630" /><!-- duration: 0ms -->
          <step title="Successfully requested a restart. Attempt #1" date="2025-11-18T12:44:40.786" /><!-- duration: 0ms -->
          <step title="Successfully requested a restart. Attempt #1" date="2025-11-18T12:44:40.802" /><!-- duration: 0ms -->
          <step title="Deployment successful. DEPLOYMENTINFO: deploymentPath = OneDeploy, deployer = OneDeploy, os = windows, sku = Free, siteName = NgCanduAPI, siteHostName = ngcanduapi.azurewebsites.net, deploymentStatus = Success" date="2025-11-18T12:44:40.865" /><!-- duration: 0ms -->
          <step title="Purge deployment items" date="2025-11-18T12:44:40.974" >
            <step title="Remove 57d695e45, Success, received at 11/18/2025 7:03:05 AM" date="2025-11-18T12:44:41.036" /><!-- duration: 0ms -->
          </step><!-- duration: 62ms -->
        </step><!-- duration: 6408ms -->
      </step><!-- duration: 6658ms -->
      <step title="Cleaning up temp files" date="2025-11-18T12:44:41.099" /><!-- duration: 0ms -->
      <step title="Skip function trigger and logicapp sync because function is not enabled." date="2025-11-18T12:44:41.115" /><!-- duration: 0ms -->
    </step><!-- duration: 7846ms -->
    <step title="LockFile &apos;C:\home\site\locks\deployments.lock&apos; released" date="2025-11-18T12:44:41.161" /><!-- duration: 16ms -->
    <step title="Deleting shutdown sentinel file" date="2025-11-18T12:44:41.193" SemaphoreCount="8" /><!-- duration: 0ms -->
  </step><!-- duration: 11508ms -->
  <step title="Outgoing response" date="2025-11-18T12:44:41.208" type="response" statusCode="200" statusText="OK" Server="Microsoft-IIS/10.0" x-ms-request-id="4e34accc-c47c-11f0-af78-c025a5cfe792" Cache-Control="private" X-AspNet-Version="4.0.30319" /><!-- duration: 0ms -->
</step><!-- duration: 11977ms -->
