<step title="BackgroundTrace" date="2025-11-19T13:44:20.435" instance="92ca53" url="/api/zipdeploy" method="POST" >
  <step title="Updating shutdown sentinel last write time" date="2025-11-19T13:44:20.435" SemaphoreCount="7" /><!-- duration: 16ms -->
  <step title="LockFile &apos;C:\home\site\locks\deployments.lock&apos; acquired" date="2025-11-19T13:44:20.450" /><!-- duration: 0ms -->
  <step title="Creating temporary deployment" date="2025-11-19T13:44:20.466" /><!-- duration: 31ms -->
  <step title="Performing fetch based deployment" date="2025-11-19T13:44:20.497" >
    <step title="Fetching changes." date="2025-11-19T13:44:20.544" /><!-- duration: 16ms -->
    <step title="Starting LocalZipHandler" date="2025-11-19T13:44:20.575" /><!-- duration: 0ms -->
    <step title="Cleaning up temp folders from previous zip deployments and extracting pushed zip file C:\local\Temp\zipdeploy\rpojs2zj.zip (23.18 MB) to C:\local\Temp\zipdeploy\extracted" date="2025-11-19T13:44:20.607" /><!-- duration: 16ms -->
    <step title="Cleaning up temp folders from previous zip deployments and extracting pushed zip file C:\local\Temp\zipdeploy\rpojs2zj.zip (23.18 MB) to C:\local\Temp\zipdeploy\extracted" date="2025-11-19T13:44:20.622" >
      <step title="Renaming extractTargetDirectory(C:\local\Temp\zipdeploy\extracted) to tempDirectory(C:\local\Temp\zipdeploy\xuvuixmu.b1z)" date="2025-11-19T13:44:20.622" /><!-- duration: 16ms -->
      <step title="Extracting 317 entries to C:\local\Temp\zipdeploy\extracted directory" date="2025-11-19T13:44:20.638" >
        <step title="Extracting to C:\local\Temp\zipdeploy\extracted\ca\Hangfire.Core.resources.dll ..." date="2025-11-19T13:44:20.638" /><!-- duration: 16ms -->
        <step title="Extracting to C:\local\Temp\zipdeploy\extracted\de\Hangfire.Core.resources.dll ..." date="2025-11-19T13:44:20.653" /><!-- duration: 0ms -->
        <step title="Extracting to C:\local\Temp\zipdeploy\extracted\es\Hangfire.Core.resources.dll ..." date="2025-11-19T13:44:20.669" /><!-- duration: 0ms -->
        <step title="Extracting to C:\local\Temp\zipdeploy\extracted\fa\Hangfire.Core.resources.dll ..." date="2025-11-19T13:44:20.685" /><!-- duration: 0ms -->
        <step title="Extracting to C:\local\Temp\zipdeploy\extracted\fr\Hangfire.Core.resources.dll ..." date="2025-11-19T13:44:20.685" /><!-- duration: 16ms -->
        <step title="Omitting extracting file traces ..." date="2025-11-19T13:44:20.700" /><!-- duration: 16ms -->
      </step><!-- duration: 984ms -->
    </step><!-- duration: 1000ms -->
    <step title="Before sending BuildRequestReceived status to /api/updatedeploystatus" date="2025-11-19T13:44:21.622" /><!-- duration: 16ms -->
    <step title="DeploymentManager.Deploy(id:0f7349b99a78459580b459926c692365)" date="2025-11-19T13:44:21.638" >
      <step title="Collecting changeset information" date="2025-11-19T13:44:21.653" /><!-- duration: 31ms -->
      <step title="Updating submodules" date="2025-11-19T13:44:21.700" >
        <step title="Updating submodules." date="2025-11-19T13:44:21.732" /><!-- duration: 16ms -->
      </step><!-- duration: 47ms -->
      <step title="Preparing deployment for commit id &apos;0f7349b99a&apos;." date="2025-11-19T13:44:21.794" /><!-- duration: 0ms -->
      <step title="Determining deployment builder" date="2025-11-19T13:44:21.841" >
        <step title="Builder is BasicBuilder" date="2025-11-19T13:44:21.841" /><!-- duration: 0ms -->
      </step><!-- duration: 0ms -->
      <step title="Copying SSH keys" date="2025-11-19T13:44:21.872" /><!-- duration: 0ms -->
      <step title="Building" date="2025-11-19T13:44:21.872" >
        <step title="Generating deployment script." date="2025-11-19T13:44:21.935" /><!-- duration: 0ms -->
        <step title="Generating deployment script" date="2025-11-19T13:44:21.935" >
          <step title="Using cached version of the deployment script for command: -y --no-dot-deployment -r &quot;C:\local\Temp\zipdeploy\extracted&quot; -o &quot;C:\home\site\deployments\tools&quot; --basic --sitePath &quot;C:\local\Temp\zipdeploy\extracted&quot;" date="2025-11-19T13:44:21.950" /><!-- duration: 16ms -->
          <step title="Using cached version of deployment script (command: &apos;azure -y --no-dot-deployment -r &quot;C:\local\Temp\zipdeploy\extracted&quot; -o &quot;C:\home\site\deployments\tools&quot; --basic --sitePath &quot;C:\local\Temp\zipdeploy\extracted&quot;&apos;)." date="2025-11-19T13:44:21.966" /><!-- duration: 0ms -->
        </step><!-- duration: 47ms -->
        <step title="Running deployment command..." date="2025-11-19T13:44:22.013" /><!-- duration: 16ms -->
        <step title="Command: &quot;C:\home\site\deployments\tools\deploy.cmd&quot;" date="2025-11-19T13:44:22.044" /><!-- duration: 0ms -->
        <step title="Executing external process" date="2025-11-19T13:44:22.060" type="process" path="starter.cmd" arguments="&quot;C:\home\site\deployments\tools\deploy.cmd&quot;" >
          <step title="Handling Basic Web Site deployment." date="2025-11-19T13:44:22.169" /><!-- duration: 0ms -->
          <step title="Creating app_offline.htm" date="2025-11-19T13:44:22.638" /><!-- duration: 0ms -->
          <step title="KuduSync.NET from: &apos;C:\local\Temp\zipdeploy\extracted&apos; to: &apos;C:\home\site\wwwroot&apos;" date="2025-11-19T13:44:22.654" /><!-- duration: 0ms -->
          <step title="Deleting app_offline.htm" date="2025-11-19T13:44:22.670" /><!-- duration: 0ms -->
          <step title="Finished successfully." date="2025-11-19T13:44:22.685" /><!-- duration: 0ms -->
        </step><!-- duration: 626ms -->
        <step title="Running post deployment command(s)..." date="2025-11-19T13:44:22.748" /><!-- duration: 0ms -->
        <step title="Triggering recycle (preview mode disabled)." date="2025-11-19T13:44:22.810" /><!-- duration: 0ms -->
        <step title="Ignoring FS watcher based recycle request as this is a classic Windows app." date="2025-11-19T13:44:22.826" /><!-- duration: 0ms -->
        <step title="Deployment successful. DEPLOYMENTINFO: deploymentPath = ZipDeploy. Extract zip. , deployer = ZipDeploy, os = windows, sku = Free, siteName = NgCanduAPI, siteHostName = ngcanduapi.azurewebsites.net, deploymentStatus = Success" date="2025-11-19T13:44:22.873" /><!-- duration: 0ms -->
        <step title="Purge deployment items" date="2025-11-19T13:44:22.982" >
          <step title="Remove 260d06939, Success, received at 11/18/2025 8:37:26 AM" date="2025-11-19T13:44:23.045" /><!-- duration: 16ms -->
        </step><!-- duration: 78ms -->
      </step><!-- duration: 1219ms -->
    </step><!-- duration: 1454ms -->
    <step title="Cleaning up temp files" date="2025-11-19T13:44:23.107" /><!-- duration: 0ms -->
    <step title="Skip function trigger and logicapp sync because function is not enabled." date="2025-11-19T13:44:23.107" /><!-- duration: 16ms -->
  </step><!-- duration: 2673ms -->
  <step title="LockFile &apos;C:\home\site\locks\deployments.lock&apos; released" date="2025-11-19T13:44:23.185" /><!-- duration: 0ms -->
  <step title="Deleting shutdown sentinel file" date="2025-11-19T13:44:23.201" SemaphoreCount="8" /><!-- duration: 0ms -->
</step><!-- duration: 2766ms -->
