<step title="Incoming Request" date="2025-11-18T12:51:21.063" instance="92ca53" url="/api/publish?async=true&amp;deployer=GITHUB_ONE_DEPLOY&amp;type=zip&amp;message=%7B%22type%22%3A%22deployment%22%2C%22sha%22%3A%22b24837619eeedd5e9884044d67561bb334160254%22%2C%22repoName%22%3A%22daedalusdigital-za%2FNCD-API%22%2C%22actor%22%3A%22daedalusdigital-za%22%2C%22slotName%22%3A%22Production%22%2C%22commitMessage%22%3A%22Send%20full%20Trainer%20object%20in%20TrainingSessionViewModel%20instead%20of%20trainerName%22%7D" method="POST" type="request" pid="12840,2,48" Transfer-Encoding="chunked" Content-Type="application/octet-stream" Authorization="Bas..." Cookie="ARRAffinity=92ca53ad8db4fbb93d4d3b7d8ab54dcf8ffecb2d731f25b0e91ad575d7534c3f;Path=/;HttpOnly;Secure;Domain=ngcanduapi.scm.azurewebsites.net; ARRAffinitySameSite=92ca53ad8db4fbb93d4d3b7d8ab54dcf8ffecb2d731f25b0e91ad575d7534c3f;Path=/;HttpOnly;SameSite=None;Secure;Domain=ngcanduapi.scm.azurewebsites.net" Host="ngcanduapi.scm.azurewebsites.net" User-Agent="GITHUBACTIONS_DeployWebAppToAzure_911ad8e07dd1095a617b283f0e1b400847f2d2bffc6e1de6b85a1cbb3aaec3dc" X-ARR-LOG-ID="199fe99e-c8cc-46a7-9722-ec5944337d20" CLIENT-IP="52.173.182.160:17408" X-SITE-DEPLOYMENT-ID="NgCanduAPI" WAS-DEFAULT-HOSTNAME="ngcanduapi.scm.azurewebsites.net" X-Forwarded-Proto="https" X-AppService-Proto="https" X-Forwarded-TlsVersion="1.3" X-WAWS-Unencoded-URL="/api/publish?async=true&amp;deployer=GITHUB_ONE_DEPLOY&amp;type=zip&amp;message=%7B%22type%22%3A%22deployment%22%2C%22sha%22%3A%22b24837619eeedd5e9884044d67561bb334160254%22%2C%22repoName%22%3A%22daedalusdigital-za%2FNCD-API%22%2C%22actor%22%3A%22daedalusdigital-za%22%2C%22slotName%22%3A%22Production%22%2C%22commitMessage%22%3A%22Send%20full%20Trainer%20object%20in%20TrainingSessionViewModel%20instead%20of%20trainerName%22%7D" >
  <step title="OneDeploy" date="2025-11-18T12:51:21.094" >
    <step title="Starting PushDeployAsync" date="2025-11-18T12:51:21.110" /><!-- duration: 0ms -->
    <step title="Updating shutdown sentinel last write time" date="2025-11-18T12:51:21.125" SemaphoreCount="7" /><!-- duration: 0ms -->
    <step title="LockFile &apos;C:\home\site\locks\deployments.lock&apos; acquired" date="2025-11-18T12:51:21.141" /><!-- duration: 0ms -->
    <step title="Saving request content to C:\local\Temp\zipdeploy\rdk1htzs.zip" date="2025-11-18T12:51:21.156" >
      <step title="Total 26,484,508 bytes written to C:\local\Temp\zipdeploy\rdk1htzs.zip" date="2025-11-18T12:51:21.568" /><!-- duration: 16ms -->
    </step><!-- duration: 427ms -->
    <step title="LockFile &apos;C:\home\site\locks\deployments.lock&apos; released" date="2025-11-18T12:51:21.583" /><!-- duration: 16ms -->
    <step title="Deleting shutdown sentinel file" date="2025-11-18T12:51:21.599" SemaphoreCount="8" /><!-- duration: 16ms -->
    <step title="Starting FetchDeploy" date="2025-11-18T12:51:21.614" /><!-- duration: 0ms -->
    <step title="Start deployment in the background" date="2025-11-18T12:51:21.614" /><!-- duration: 78ms -->
  </step><!-- duration: 614ms -->
  <step title="Outgoing response" date="2025-11-18T12:51:21.708" type="response" statusCode="202" statusText="Accepted" Server="Microsoft-IIS/10.0" x-ms-request-id="199fe99e-c8cc-46a7-9722-ec5944337d20" Retry-After="30" Cache-Control="private" X-AspNet-Version="4.0.30319" Location="https://ngcanduapi.scm.azurewebsites.net/api/deployments/latest?deployer=OneDeploy&amp;time=2025-11-18_12-51-21Z" /><!-- duration: 31ms -->
</step><!-- duration: 677ms -->
