<step title="BackgroundTrace" date="2025-11-20T12:33:07.035" instance="92ca53" url="/api/zipdeploy" method="POST" >
  <step title="Updating shutdown sentinel last write time" date="2025-11-20T12:33:07.035" SemaphoreCount="7" /><!-- duration: 16ms -->
  <step title="LockFile &apos;C:\home\site\locks\deployments.lock&apos; acquired" date="2025-11-20T12:33:07.051" /><!-- duration: 0ms -->
  <step title="Creating temporary deployment" date="2025-11-20T12:33:07.066" /><!-- duration: 31ms -->
  <step title="Performing fetch based deployment" date="2025-11-20T12:33:07.098" >
    <step title="Fetching changes." date="2025-11-20T12:33:07.144" /><!-- duration: 16ms -->
    <step title="Starting LocalZipHandler" date="2025-11-20T12:33:07.160" /><!-- duration: 0ms -->
    <step title="Cleaning up temp folders from previous zip deployments and extracting pushed zip file C:\local\Temp\zipdeploy\2gc5rfdx.zip (22.47 MB) to C:\local\Temp\zipdeploy\extracted" date="2025-11-20T12:33:07.191" /><!-- duration: 16ms -->
    <step title="Cleaning up temp folders from previous zip deployments and extracting pushed zip file C:\local\Temp\zipdeploy\2gc5rfdx.zip (22.47 MB) to C:\local\Temp\zipdeploy\extracted" date="2025-11-20T12:33:07.207" >
      <step title="Renaming extractTargetDirectory(C:\local\Temp\zipdeploy\extracted) to tempDirectory(C:\local\Temp\zipdeploy\x5yihnwk.cqh)" date="2025-11-20T12:33:07.207" /><!-- duration: 16ms -->
      <step title="Extracting 293 entries to C:\local\Temp\zipdeploy\extracted directory" date="2025-11-20T12:33:07.223" >
        <step title="Extracting to C:\local\Temp\zipdeploy\extracted\ca\Hangfire.Core.resources.dll ..." date="2025-11-20T12:33:07.238" /><!-- duration: 0ms -->
        <step title="Extracting to C:\local\Temp\zipdeploy\extracted\de\Hangfire.Core.resources.dll ..." date="2025-11-20T12:33:07.238" /><!-- duration: 16ms -->
        <step title="Extracting to C:\local\Temp\zipdeploy\extracted\es\Hangfire.Core.resources.dll ..." date="2025-11-20T12:33:07.254" /><!-- duration: 0ms -->
        <step title="Extracting to C:\local\Temp\zipdeploy\extracted\fa\Hangfire.Core.resources.dll ..." date="2025-11-20T12:33:07.269" /><!-- duration: 0ms -->
        <step title="Extracting to C:\local\Temp\zipdeploy\extracted\fr\Hangfire.Core.resources.dll ..." date="2025-11-20T12:33:07.269" /><!-- duration: 16ms -->
        <step title="Omitting extracting file traces ..." date="2025-11-20T12:33:07.285" /><!-- duration: 0ms -->
      </step><!-- duration: 938ms -->
    </step><!-- duration: 969ms -->
    <step title="Before sending BuildRequestReceived status to /api/updatedeploystatus" date="2025-11-20T12:33:08.176" /><!-- duration: 16ms -->
    <step title="DeploymentManager.Deploy(id:7c79e0ba68dc4445a65bba5fccfe3984)" date="2025-11-20T12:33:08.191" >
      <step title="Collecting changeset information" date="2025-11-20T12:33:08.207" /><!-- duration: 31ms -->
      <step title="Updating submodules" date="2025-11-20T12:33:08.254" >
        <step title="Updating submodules." date="2025-11-20T12:33:08.301" /><!-- duration: 0ms -->
      </step><!-- duration: 47ms -->
      <step title="Preparing deployment for commit id &apos;7c79e0ba68&apos;." date="2025-11-20T12:33:08.348" /><!-- duration: 0ms -->
      <step title="Determining deployment builder" date="2025-11-20T12:33:08.394" >
        <step title="Builder is BasicBuilder" date="2025-11-20T12:33:08.394" /><!-- duration: 16ms -->
      </step><!-- duration: 16ms -->
      <step title="Copying SSH keys" date="2025-11-20T12:33:08.426" /><!-- duration: 16ms -->
      <step title="Building" date="2025-11-20T12:33:08.441" >
        <step title="Generating deployment script." date="2025-11-20T12:33:08.488" /><!-- duration: 0ms -->
        <step title="Generating deployment script" date="2025-11-20T12:33:08.504" >
          <step title="Using cached version of the deployment script for command: -y --no-dot-deployment -r &quot;C:\local\Temp\zipdeploy\extracted&quot; -o &quot;C:\home\site\deployments\tools&quot; --basic --sitePath &quot;C:\local\Temp\zipdeploy\extracted&quot;" date="2025-11-20T12:33:08.519" /><!-- duration: 0ms -->
          <step title="Using cached version of deployment script (command: &apos;azure -y --no-dot-deployment -r &quot;C:\local\Temp\zipdeploy\extracted&quot; -o &quot;C:\home\site\deployments\tools&quot; --basic --sitePath &quot;C:\local\Temp\zipdeploy\extracted&quot;&apos;)." date="2025-11-20T12:33:08.535" /><!-- duration: 0ms -->
        </step><!-- duration: 31ms -->
        <step title="Running deployment command..." date="2025-11-20T12:33:08.582" /><!-- duration: 0ms -->
        <step title="Command: &quot;C:\home\site\deployments\tools\deploy.cmd&quot;" date="2025-11-20T12:33:08.598" /><!-- duration: 16ms -->
        <step title="Executing external process" date="2025-11-20T12:33:08.613" type="process" path="starter.cmd" arguments="&quot;C:\home\site\deployments\tools\deploy.cmd&quot;" >
          <step title="Handling Basic Web Site deployment." date="2025-11-20T12:33:08.738" /><!-- duration: 0ms -->
          <step title="Creating app_offline.htm" date="2025-11-20T12:33:11.301" /><!-- duration: 0ms -->
          <step title="KuduSync.NET from: &apos;C:\local\Temp\zipdeploy\extracted&apos; to: &apos;C:\home\site\wwwroot&apos;" date="2025-11-20T12:33:11.316" /><!-- duration: 0ms -->
          <step title="Copying file: &apos;MH.Infrastructure.dll&apos;" date="2025-11-20T12:33:11.332" /><!-- duration: 0ms -->
          <step title="Copying file: &apos;MH.Infrastructure.pdb&apos;" date="2025-11-20T12:33:11.348" /><!-- duration: 0ms -->
          <step title="Deleting app_offline.htm" date="2025-11-20T12:33:11.363" /><!-- duration: 0ms -->
          <step title="Finished successfully." date="2025-11-20T12:33:11.379" /><!-- duration: 0ms -->
        </step><!-- duration: 2781ms -->
        <step title="Running post deployment command(s)..." date="2025-11-20T12:33:11.441" /><!-- duration: 0ms -->
        <step title="Triggering recycle (preview mode disabled)." date="2025-11-20T12:33:11.488" /><!-- duration: 0ms -->
        <step title="Ignoring FS watcher based recycle request as this is a classic Windows app." date="2025-11-20T12:33:11.504" /><!-- duration: 0ms -->
        <step title="Deployment successful. DEPLOYMENTINFO: deploymentPath = ZipDeploy. Extract zip. , deployer = ZipDeploy, os = windows, sku = Free, siteName = NgCanduAPI, siteHostName = ngcanduapi.azurewebsites.net, deploymentStatus = Success" date="2025-11-20T12:33:11.551" /><!-- duration: 0ms -->
        <step title="Purge deployment items" date="2025-11-20T12:33:11.676" >
          <step title="Remove 4c08f9d83, Success, received at 11/18/2025 2:32:10 PM" date="2025-11-20T12:33:11.738" /><!-- duration: 0ms -->
        </step><!-- duration: 62ms -->
      </step><!-- duration: 3328ms -->
    </step><!-- duration: 3578ms -->
    <step title="Cleaning up temp files" date="2025-11-20T12:33:11.785" /><!-- duration: 0ms -->
    <step title="Skip function trigger and logicapp sync because function is not enabled." date="2025-11-20T12:33:11.785" /><!-- duration: 16ms -->
  </step><!-- duration: 4750ms -->
  <step title="LockFile &apos;C:\home\site\locks\deployments.lock&apos; released" date="2025-11-20T12:33:11.863" /><!-- duration: 0ms -->
  <step title="Deleting shutdown sentinel file" date="2025-11-20T12:33:11.863" SemaphoreCount="8" /><!-- duration: 16ms -->
</step><!-- duration: 4844ms -->
