<step title="BackgroundTrace" date="2025-11-20T13:07:43.257" instance="92ca53" url="/api/zipdeploy" method="POST" >
  <step title="Updating shutdown sentinel last write time" date="2025-11-20T13:07:43.257" SemaphoreCount="7" /><!-- duration: 16ms -->
  <step title="LockFile &apos;C:\home\site\locks\deployments.lock&apos; acquired" date="2025-11-20T13:07:43.273" /><!-- duration: 0ms -->
  <step title="Creating temporary deployment" date="2025-11-20T13:07:43.289" /><!-- duration: 62ms -->
  <step title="Performing fetch based deployment" date="2025-11-20T13:07:43.367" >
    <step title="Fetching changes." date="2025-11-20T13:07:43.429" /><!-- duration: 16ms -->
    <step title="Starting LocalZipHandler" date="2025-11-20T13:07:43.460" /><!-- duration: 0ms -->
    <step title="Cleaning up temp folders from previous zip deployments and extracting pushed zip file C:\local\Temp\zipdeploy\3l2iaccv.zip (22.49 MB) to C:\local\Temp\zipdeploy\extracted" date="2025-11-20T13:07:43.492" /><!-- duration: 0ms -->
    <step title="Cleaning up temp folders from previous zip deployments and extracting pushed zip file C:\local\Temp\zipdeploy\3l2iaccv.zip (22.49 MB) to C:\local\Temp\zipdeploy\extracted" date="2025-11-20T13:07:43.507" >
      <step title="Renaming extractTargetDirectory(C:\local\Temp\zipdeploy\extracted) to tempDirectory(C:\local\Temp\zipdeploy\zqtopakr.ptd)" date="2025-11-20T13:07:43.507" /><!-- duration: 0ms -->
      <step title="Extracting 293 entries to C:\local\Temp\zipdeploy\extracted directory" date="2025-11-20T13:07:43.539" >
        <step title="Extracting to C:\local\Temp\zipdeploy\extracted\ca\Hangfire.Core.resources.dll ..." date="2025-11-20T13:07:43.539" /><!-- duration: 16ms -->
        <step title="Extracting to C:\local\Temp\zipdeploy\extracted\de\Hangfire.Core.resources.dll ..." date="2025-11-20T13:07:43.554" /><!-- duration: 16ms -->
        <step title="Extracting to C:\local\Temp\zipdeploy\extracted\es\Hangfire.Core.resources.dll ..." date="2025-11-20T13:07:43.570" /><!-- duration: 0ms -->
        <step title="Extracting to C:\local\Temp\zipdeploy\extracted\fa\Hangfire.Core.resources.dll ..." date="2025-11-20T13:07:43.585" /><!-- duration: 0ms -->
        <step title="Extracting to C:\local\Temp\zipdeploy\extracted\fr\Hangfire.Core.resources.dll ..." date="2025-11-20T13:07:43.585" /><!-- duration: 16ms -->
        <step title="Omitting extracting file traces ..." date="2025-11-20T13:07:43.601" /><!-- duration: 0ms -->
      </step><!-- duration: 953ms -->
    </step><!-- duration: 1000ms -->
    <step title="Before sending BuildRequestReceived status to /api/updatedeploystatus" date="2025-11-20T13:07:44.507" /><!-- duration: 0ms -->
    <step title="DeploymentManager.Deploy(id:23a960ada08c493383ec6a4f6c7c0599)" date="2025-11-20T13:07:44.523" >
      <step title="Collecting changeset information" date="2025-11-20T13:07:44.539" /><!-- duration: 31ms -->
      <step title="Updating submodules" date="2025-11-20T13:07:44.570" >
        <step title="Updating submodules." date="2025-11-20T13:07:44.617" /><!-- duration: 0ms -->
      </step><!-- duration: 62ms -->
      <step title="Preparing deployment for commit id &apos;23a960ada0&apos;." date="2025-11-20T13:07:44.679" /><!-- duration: 0ms -->
      <step title="Determining deployment builder" date="2025-11-20T13:07:44.726" >
        <step title="Builder is BasicBuilder" date="2025-11-20T13:07:44.726" /><!-- duration: 0ms -->
      </step><!-- duration: 16ms -->
      <step title="Copying SSH keys" date="2025-11-20T13:07:44.757" /><!-- duration: 16ms -->
      <step title="Building" date="2025-11-20T13:07:44.773" >
        <step title="Generating deployment script." date="2025-11-20T13:07:44.804" /><!-- duration: 16ms -->
        <step title="Generating deployment script" date="2025-11-20T13:07:44.820" >
          <step title="Using cached version of the deployment script for command: -y --no-dot-deployment -r &quot;C:\local\Temp\zipdeploy\extracted&quot; -o &quot;C:\home\site\deployments\tools&quot; --basic --sitePath &quot;C:\local\Temp\zipdeploy\extracted&quot;" date="2025-11-20T13:07:44.867" /><!-- duration: 0ms -->
          <step title="Using cached version of deployment script (command: &apos;azure -y --no-dot-deployment -r &quot;C:\local\Temp\zipdeploy\extracted&quot; -o &quot;C:\home\site\deployments\tools&quot; --basic --sitePath &quot;C:\local\Temp\zipdeploy\extracted&quot;&apos;)." date="2025-11-20T13:07:44.882" /><!-- duration: 0ms -->
        </step><!-- duration: 78ms -->
        <step title="Running deployment command..." date="2025-11-20T13:07:44.945" /><!-- duration: 0ms -->
        <step title="Command: &quot;C:\home\site\deployments\tools\deploy.cmd&quot;" date="2025-11-20T13:07:44.976" /><!-- duration: 0ms -->
        <step title="Executing external process" date="2025-11-20T13:07:44.992" type="process" path="starter.cmd" arguments="&quot;C:\home\site\deployments\tools\deploy.cmd&quot;" >
          <step title="Handling Basic Web Site deployment." date="2025-11-20T13:07:45.132" /><!-- duration: 31ms -->
          <step title="Creating app_offline.htm" date="2025-11-20T13:07:45.601" /><!-- duration: 0ms -->
          <step title="KuduSync.NET from: &apos;C:\local\Temp\zipdeploy\extracted&apos; to: &apos;C:\home\site\wwwroot&apos;" date="2025-11-20T13:07:45.617" /><!-- duration: 0ms -->
          <step title="Copying file: &apos;MH.Api.dll&apos;" date="2025-11-20T13:07:45.632" /><!-- duration: 0ms -->
          <step title="Copying file: &apos;MH.Api.exe&apos;" date="2025-11-20T13:07:45.648" /><!-- duration: 0ms -->
          <step title="Copying file: &apos;MH.Api.pdb&apos;" date="2025-11-20T13:07:45.648" /><!-- duration: 16ms -->
          <step title="Copying file: &apos;MH.Application.dll&apos;" date="2025-11-20T13:07:45.664" /><!-- duration: 16ms -->
          <step title="Copying file: &apos;MH.Application.pdb&apos;" date="2025-11-20T13:07:45.679" /><!-- duration: 16ms -->
          <step title="Copying file: &apos;MH.Domain.dll&apos;" date="2025-11-20T13:07:45.695" /><!-- duration: 0ms -->
          <step title="Copying file: &apos;MH.Domain.pdb&apos;" date="2025-11-20T13:07:45.711" /><!-- duration: 16ms -->
          <step title="Copying file: &apos;MH.Infrastructure.dll&apos;" date="2025-11-20T13:07:45.726" /><!-- duration: 0ms -->
          <step title="Copying file: &apos;MH.Infrastructure.pdb&apos;" date="2025-11-20T13:07:45.742" /><!-- duration: 0ms -->
          <step title="Deleting app_offline.htm" date="2025-11-20T13:07:45.757" /><!-- duration: 0ms -->
          <step title="Finished successfully." date="2025-11-20T13:07:45.773" /><!-- duration: 0ms -->
        </step><!-- duration: 797ms -->
        <step title="Running post deployment command(s)..." date="2025-11-20T13:07:45.836" /><!-- duration: 0ms -->
        <step title="Triggering recycle (preview mode disabled)." date="2025-11-20T13:07:45.882" /><!-- duration: 0ms -->
        <step title="Ignoring FS watcher based recycle request as this is a classic Windows app." date="2025-11-20T13:07:45.898" /><!-- duration: 0ms -->
        <step title="Deployment successful. DEPLOYMENTINFO: deploymentPath = ZipDeploy. Extract zip. , deployer = ZipDeploy, os = windows, sku = Free, siteName = NgCanduAPI, siteHostName = ngcanduapi.azurewebsites.net, deploymentStatus = Success" date="2025-11-20T13:07:45.945" /><!-- duration: 0ms -->
        <step title="Purge deployment items" date="2025-11-20T13:07:46.117" >
          <step title="Remove a7eebbe7e, Success, received at 11/19/2025 11:15:08 AM" date="2025-11-20T13:07:46.179" /><!-- duration: 0ms -->
        </step><!-- duration: 63ms -->
      </step><!-- duration: 1438ms -->
    </step><!-- duration: 1688ms -->
    <step title="Cleaning up temp files" date="2025-11-20T13:07:46.226" /><!-- duration: 0ms -->
    <step title="Skip function trigger and logicapp sync because function is not enabled." date="2025-11-20T13:07:46.242" /><!-- duration: 0ms -->
  </step><!-- duration: 2922ms -->
  <step title="LockFile &apos;C:\home\site\locks\deployments.lock&apos; released" date="2025-11-20T13:07:46.289" /><!-- duration: 16ms -->
  <step title="Deleting shutdown sentinel file" date="2025-11-20T13:07:46.304" SemaphoreCount="8" /><!-- duration: 0ms -->
</step><!-- duration: 3063ms -->
