<step title="Incoming Request" date="2025-11-18T12:42:54.351" instance="92ca53" url="/api/publish?async=true&amp;deployer=GITHUB_ONE_DEPLOY&amp;type=zip&amp;message=%7B%22type%22%3A%22deployment%22%2C%22sha%22%3A%22281dfb64d5d3a037edb70fcc92415a5a56b808af%22%2C%22repoName%22%3A%22daedalusdigital-za%2FNCD-API%22%2C%22actor%22%3A%22daedalusdigital-za%22%2C%22slotName%22%3A%22Production%22%2C%22commitMessage%22%3A%22Fix%20TrainingSession%20navigation%20property%20foreign%20keys%20(CreatedBy%2FUpdatedBy)%22%7D" method="POST" type="request" pid="12840,2,45" Transfer-Encoding="chunked" Content-Type="application/octet-stream" Authorization="Bas..." Cookie="ARRAffinity=92ca53ad8db4fbb93d4d3b7d8ab54dcf8ffecb2d731f25b0e91ad575d7534c3f;Path=/;HttpOnly;Secure;Domain=ngcanduapi.scm.azurewebsites.net; ARRAffinitySameSite=92ca53ad8db4fbb93d4d3b7d8ab54dcf8ffecb2d731f25b0e91ad575d7534c3f;Path=/;HttpOnly;SameSite=None;Secure;Domain=ngcanduapi.scm.azurewebsites.net" Host="ngcanduapi.scm.azurewebsites.net" User-Agent="GITHUBACTIONS_DeployWebAppToAzure_911ad8e07dd1095a617b283f0e1b400847f2d2bffc6e1de6b85a1cbb3aaec3dc" X-ARR-LOG-ID="52c1176c-7e21-4d40-bc1f-68c32c6beb67" CLIENT-IP="52.176.19.194:27664" X-SITE-DEPLOYMENT-ID="NgCanduAPI" WAS-DEFAULT-HOSTNAME="ngcanduapi.scm.azurewebsites.net" X-Forwarded-Proto="https" X-AppService-Proto="https" X-Forwarded-TlsVersion="1.3" X-WAWS-Unencoded-URL="/api/publish?async=true&amp;deployer=GITHUB_ONE_DEPLOY&amp;type=zip&amp;message=%7B%22type%22%3A%22deployment%22%2C%22sha%22%3A%22281dfb64d5d3a037edb70fcc92415a5a56b808af%22%2C%22repoName%22%3A%22daedalusdigital-za%2FNCD-API%22%2C%22actor%22%3A%22daedalusdigital-za%22%2C%22slotName%22%3A%22Production%22%2C%22commitMessage%22%3A%22Fix%20TrainingSession%20navigation%20property%20foreign%20keys%20(CreatedBy%2FUpdatedBy)%22%7D" >
  <step title="OneDeploy" date="2025-11-18T12:42:54.382" >
    <step title="Starting PushDeployAsync" date="2025-11-18T12:42:54.397" /><!-- duration: 16ms -->
    <step title="Updating shutdown sentinel last write time" date="2025-11-18T12:42:54.429" SemaphoreCount="7" /><!-- duration: 0ms -->
    <step title="LockFile &apos;C:\home\site\locks\deployments.lock&apos; acquired" date="2025-11-18T12:42:54.444" /><!-- duration: 16ms -->
    <step title="Saving request content to C:\local\Temp\zipdeploy\jrvqtt3q.zip" date="2025-11-18T12:42:54.460" >
      <step title="Total 26,484,401 bytes written to C:\local\Temp\zipdeploy\jrvqtt3q.zip" date="2025-11-18T12:42:54.835" /><!-- duration: 0ms -->
    </step><!-- duration: 375ms -->
    <step title="LockFile &apos;C:\home\site\locks\deployments.lock&apos; released" date="2025-11-18T12:42:54.851" /><!-- duration: 0ms -->
    <step title="Deleting shutdown sentinel file" date="2025-11-18T12:42:54.866" SemaphoreCount="8" /><!-- duration: 0ms -->
    <step title="Starting FetchDeploy" date="2025-11-18T12:42:54.882" /><!-- duration: 0ms -->
    <step title="Start deployment in the background" date="2025-11-18T12:42:54.882" /><!-- duration: 78ms -->
  </step><!-- duration: 594ms -->
  <step title="Outgoing response" date="2025-11-18T12:42:54.976" type="response" statusCode="202" statusText="Accepted" Server="Microsoft-IIS/10.0" x-ms-request-id="52c1176c-7e21-4d40-bc1f-68c32c6beb67" Retry-After="30" Cache-Control="private" X-AspNet-Version="4.0.30319" Location="https://ngcanduapi.scm.azurewebsites.net/api/deployments/latest?deployer=OneDeploy&amp;time=2025-11-18_12-42-54Z" /><!-- duration: 0ms -->
</step><!-- duration: 625ms -->
