<step title="BackgroundTrace" date="2025-11-20T12:22:12.152" instance="92ca53" url="/api/zipdeploy" method="POST" >
  <step title="Updating shutdown sentinel last write time" date="2025-11-20T12:22:12.167" SemaphoreCount="7" /><!-- duration: 0ms -->
  <step title="LockFile &apos;C:\home\site\locks\deployments.lock&apos; acquired" date="2025-11-20T12:22:12.183" /><!-- duration: 0ms -->
  <step title="Creating temporary deployment" date="2025-11-20T12:22:12.183" /><!-- duration: 47ms -->
  <step title="Performing fetch based deployment" date="2025-11-20T12:22:12.245" >
    <step title="Fetching changes." date="2025-11-20T12:22:12.308" /><!-- duration: 16ms -->
    <step title="Starting LocalZipHandler" date="2025-11-20T12:22:12.324" /><!-- duration: 16ms -->
    <step title="Cleaning up temp folders from previous zip deployments and extracting pushed zip file C:\local\Temp\zipdeploy\qevwtgtj.zip (22.47 MB) to C:\local\Temp\zipdeploy\extracted" date="2025-11-20T12:22:12.370" /><!-- duration: 0ms -->
    <step title="Cleaning up temp folders from previous zip deployments and extracting pushed zip file C:\local\Temp\zipdeploy\qevwtgtj.zip (22.47 MB) to C:\local\Temp\zipdeploy\extracted" date="2025-11-20T12:22:12.370" >
      <step title="Extracting 293 entries to C:\local\Temp\zipdeploy\extracted directory" date="2025-11-20T12:22:12.386" >
        <step title="Extracting to C:\local\Temp\zipdeploy\extracted\ca\Hangfire.Core.resources.dll ..." date="2025-11-20T12:22:12.402" /><!-- duration: 16ms -->
        <step title="Extracting to C:\local\Temp\zipdeploy\extracted\de\Hangfire.Core.resources.dll ..." date="2025-11-20T12:22:12.417" /><!-- duration: 0ms -->
        <step title="Extracting to C:\local\Temp\zipdeploy\extracted\es\Hangfire.Core.resources.dll ..." date="2025-11-20T12:22:12.433" /><!-- duration: 0ms -->
        <step title="Extracting to C:\local\Temp\zipdeploy\extracted\fa\Hangfire.Core.resources.dll ..." date="2025-11-20T12:22:12.433" /><!-- duration: 16ms -->
        <step title="Extracting to C:\local\Temp\zipdeploy\extracted\fr\Hangfire.Core.resources.dll ..." date="2025-11-20T12:22:12.449" /><!-- duration: 0ms -->
        <step title="Omitting extracting file traces ..." date="2025-11-20T12:22:12.464" /><!-- duration: 0ms -->
      </step><!-- duration: 969ms -->
    </step><!-- duration: 984ms -->
    <step title="Before sending BuildRequestReceived status to /api/updatedeploystatus" date="2025-11-20T12:22:13.355" /><!-- duration: 16ms -->
    <step title="DeploymentManager.Deploy(id:c2def85693e646e3b8468ccbc2810ea4)" date="2025-11-20T12:22:13.370" >
      <step title="Collecting changeset information" date="2025-11-20T12:22:13.386" /><!-- duration: 31ms -->
      <step title="Updating submodules" date="2025-11-20T12:22:13.433" >
        <step title="Updating submodules." date="2025-11-20T12:22:13.464" /><!-- duration: 16ms -->
      </step><!-- duration: 47ms -->
      <step title="Preparing deployment for commit id &apos;c2def85693&apos;." date="2025-11-20T12:22:13.527" /><!-- duration: 16ms -->
      <step title="Determining deployment builder" date="2025-11-20T12:22:13.589" >
        <step title="Builder is BasicBuilder" date="2025-11-20T12:22:13.589" /><!-- duration: 16ms -->
      </step><!-- duration: 16ms -->
      <step title="Copying SSH keys" date="2025-11-20T12:22:13.620" /><!-- duration: 16ms -->
      <step title="Building" date="2025-11-20T12:22:13.636" >
        <step title="Generating deployment script." date="2025-11-20T12:22:13.683" /><!-- duration: 0ms -->
        <step title="Generating deployment script" date="2025-11-20T12:22:13.699" >
          <step title="Using cached version of the deployment script for command: -y --no-dot-deployment -r &quot;C:\local\Temp\zipdeploy\extracted&quot; -o &quot;C:\home\site\deployments\tools&quot; --basic --sitePath &quot;C:\local\Temp\zipdeploy\extracted&quot;" date="2025-11-20T12:22:13.745" /><!-- duration: 0ms -->
          <step title="Using cached version of deployment script (command: &apos;azure -y --no-dot-deployment -r &quot;C:\local\Temp\zipdeploy\extracted&quot; -o &quot;C:\home\site\deployments\tools&quot; --basic --sitePath &quot;C:\local\Temp\zipdeploy\extracted&quot;&apos;)." date="2025-11-20T12:22:13.761" /><!-- duration: 0ms -->
        </step><!-- duration: 63ms -->
        <step title="Running deployment command..." date="2025-11-20T12:22:13.824" /><!-- duration: 0ms -->
        <step title="Command: &quot;C:\home\site\deployments\tools\deploy.cmd&quot;" date="2025-11-20T12:22:13.855" /><!-- duration: 0ms -->
        <step title="Executing external process" date="2025-11-20T12:22:13.871" type="process" path="starter.cmd" arguments="&quot;C:\home\site\deployments\tools\deploy.cmd&quot;" >
          <step title="Handling Basic Web Site deployment." date="2025-11-20T12:22:13.996" /><!-- duration: 0ms -->
          <step title="Creating app_offline.htm" date="2025-11-20T12:22:16.886" /><!-- duration: 16ms -->
          <step title="KuduSync.NET from: &apos;C:\local\Temp\zipdeploy\extracted&apos; to: &apos;C:\home\site\wwwroot&apos;" date="2025-11-20T12:22:16.902" /><!-- duration: 16ms -->
          <step title="Copying file: &apos;MH.Api.dll&apos;" date="2025-11-20T12:22:16.917" /><!-- duration: 16ms -->
          <step title="Copying file: &apos;MH.Api.exe&apos;" date="2025-11-20T12:22:16.933" /><!-- duration: 16ms -->
          <step title="Copying file: &apos;MH.Api.pdb&apos;" date="2025-11-20T12:22:16.949" /><!-- duration: 16ms -->
          <step title="Deleting app_offline.htm" date="2025-11-20T12:22:16.964" /><!-- duration: 0ms -->
          <step title="Finished successfully." date="2025-11-20T12:22:16.980" /><!-- duration: 0ms -->
        </step><!-- duration: 3125ms -->
        <step title="Running post deployment command(s)..." date="2025-11-20T12:22:17.058" /><!-- duration: 0ms -->
        <step title="Triggering recycle (preview mode disabled)." date="2025-11-20T12:22:17.105" /><!-- duration: 0ms -->
        <step title="Ignoring FS watcher based recycle request as this is a classic Windows app." date="2025-11-20T12:22:17.121" /><!-- duration: 0ms -->
        <step title="Deployment successful. DEPLOYMENTINFO: deploymentPath = ZipDeploy. Extract zip. , deployer = ZipDeploy, os = windows, sku = Free, siteName = NgCanduAPI, siteHostName = ngcanduapi.azurewebsites.net, deploymentStatus = Success" date="2025-11-20T12:22:17.168" /><!-- duration: 0ms -->
        <step title="Purge deployment items" date="2025-11-20T12:22:17.340" >
          <step title="Remove 3d9e21699, Success, received at 11/18/2025 12:44:34 PM" date="2025-11-20T12:22:17.418" /><!-- duration: 0ms -->
        </step><!-- duration: 78ms -->
      </step><!-- duration: 3813ms -->
    </step><!-- duration: 4094ms -->
    <step title="Cleaning up temp files" date="2025-11-20T12:22:17.465" /><!-- duration: 0ms -->
    <step title="Skip function trigger and logicapp sync because function is not enabled." date="2025-11-20T12:22:17.480" /><!-- duration: 0ms -->
  </step><!-- duration: 5297ms -->
  <step title="LockFile &apos;C:\home\site\locks\deployments.lock&apos; released" date="2025-11-20T12:22:17.543" /><!-- duration: 0ms -->
  <step title="Deleting shutdown sentinel file" date="2025-11-20T12:22:17.558" SemaphoreCount="8" /><!-- duration: 0ms -->
</step><!-- duration: 5422ms -->
