<step title="Incoming Request" date="2025-11-18T11:48:06.899" instance="92ca53" url="/api/publish?type=zip" method="POST" type="request" pid="6492,2,7" Cache-Control="no-cache" Connection="Keep-Alive" Content-Length="23510172" Content-Type="application/octet-stream" Accept="*/*" Accept-Encoding="gzip, deflate" Authorization="Bas..." Host="ngcanduapi.scm.azurewebsites.net" User-Agent="AZURECLI/2.75.0 (MSI)" x-ms-client-request-id="6a37438b-c474-11f0-81be-c025a5cfe792" X-ARR-LOG-ID="6a37438b-c474-11f0-81be-c025a5cfe792" CLIENT-IP="197.234.156.224:61415" X-SITE-DEPLOYMENT-ID="NgCanduAPI" WAS-DEFAULT-HOSTNAME="ngcanduapi.scm.azurewebsites.net" X-Forwarded-Proto="https" X-AppService-Proto="https" X-Forwarded-TlsVersion="1.3" X-WAWS-Unencoded-URL="/api/publish?type=zip" X-MS-COLDSTART="1" >
  <step title="OneDeploy" date="2025-11-18T11:48:07.414" >
    <step title="Starting PushDeployAsync" date="2025-11-18T11:48:07.446" /><!-- duration: 16ms -->
    <step title="Updating shutdown sentinel last write time" date="2025-11-18T11:48:07.508" SemaphoreCount="7" /><!-- duration: 16ms -->
    <step title="LockFile &apos;C:\home\site\locks\deployments.lock&apos; acquired" date="2025-11-18T11:48:07.524" /><!-- duration: 0ms -->
    <step title="Saving request content to C:\local\Temp\zipdeploy\looyagug.zip" date="2025-11-18T11:48:07.539" >
      <step title="Total 23,510,172 bytes written to C:\local\Temp\zipdeploy\looyagug.zip" date="2025-11-18T11:48:08.289" /><!-- duration: 31ms -->
    </step><!-- duration: 781ms -->
    <step title="LockFile &apos;C:\home\site\locks\deployments.lock&apos; released" date="2025-11-18T11:48:08.321" /><!-- duration: 16ms -->
    <step title="Deleting shutdown sentinel file" date="2025-11-18T11:48:08.336" SemaphoreCount="8" /><!-- duration: 16ms -->
    <step title="Starting FetchDeploy" date="2025-11-18T11:48:08.352" /><!-- duration: 16ms -->
    <step title="Attempting to fetch target branch HEAD" date="2025-11-18T11:48:08.368" /><!-- duration: 0ms -->
    <step title="Updating shutdown sentinel last write time" date="2025-11-18T11:48:08.383" SemaphoreCount="7" /><!-- duration: 0ms -->
    <step title="LockFile &apos;C:\home\site\locks\deployments.lock&apos; acquired" date="2025-11-18T11:48:08.383" /><!-- duration: 16ms -->
    <step title="Performing fetch based deployment" date="2025-11-18T11:48:08.399" >
      <step title="Creating temporary deployment" date="2025-11-18T11:48:08.414" /><!-- duration: 47ms -->
      <step title="Fetching changes." date="2025-11-18T11:48:08.524" /><!-- duration: 16ms -->
      <step title="Starting LocalZipHandler" date="2025-11-18T11:48:08.555" /><!-- duration: 0ms -->
      <step title="Starting LocalZipFetch" date="2025-11-18T11:48:08.555" /><!-- duration: 16ms -->
      <step title="Cleaning up temp folders from previous zip deployments and extracting pushed zip file C:\local\Temp\zipdeploy\looyagug.zip (22.42 MB) to C:\local\Temp\zipdeploy\extracted" date="2025-11-18T11:48:08.571" /><!-- duration: 16ms -->
      <step title="Cleaning up temp folders from previous zip deployments and extracting pushed zip file C:\local\Temp\zipdeploy\looyagug.zip (22.42 MB) to C:\local\Temp\zipdeploy\extracted" date="2025-11-18T11:48:08.586" >
        <step title="Extracting 275 entries to C:\local\Temp\zipdeploy\extracted directory" date="2025-11-18T11:48:08.602" >
          <step title="Extracting to C:\local\Temp\zipdeploy\extracted\ca\Hangfire.Core.resources.dll ..." date="2025-11-18T11:48:08.618" /><!-- duration: 16ms -->
          <step title="Extracting to C:\local\Temp\zipdeploy\extracted\de\Hangfire.Core.resources.dll ..." date="2025-11-18T11:48:08.633" /><!-- duration: 0ms -->
          <step title="Extracting to C:\local\Temp\zipdeploy\extracted\es\Hangfire.Core.resources.dll ..." date="2025-11-18T11:48:08.649" /><!-- duration: 0ms -->
          <step title="Extracting to C:\local\Temp\zipdeploy\extracted\fa\Hangfire.Core.resources.dll ..." date="2025-11-18T11:48:08.649" /><!-- duration: 16ms -->
          <step title="Extracting to C:\local\Temp\zipdeploy\extracted\fr\Hangfire.Core.resources.dll ..." date="2025-11-18T11:48:08.664" /><!-- duration: 16ms -->
          <step title="Omitting extracting file traces ..." date="2025-11-18T11:48:08.680" /><!-- duration: 0ms -->
        </step><!-- duration: 938ms -->
      </step><!-- duration: 969ms -->
      <step title="None repository commit" date="2025-11-18T11:48:09.555" >
        <step title="Commit id: d292f0f37dbc4586bb9a24270fef2adc" date="2025-11-18T11:48:09.571" Message="OneDeploy" AuthorName="N/A" AuthorEmail="N/A" /><!-- duration: 0ms -->
      </step><!-- duration: 16ms -->
      <step title="Before sending BuildRequestReceived status to /api/updatedeploystatus" date="2025-11-18T11:48:09.571" /><!-- duration: 16ms -->
      <step title="DeploymentManager.Deploy(id:d292f0f37dbc4586bb9a24270fef2adc)" date="2025-11-18T11:48:09.586" >
        <step title="Collecting changeset information" date="2025-11-18T11:48:09.602" /><!-- duration: 31ms -->
        <step title="Updating submodules" date="2025-11-18T11:48:09.649" >
          <step title="Updating submodules." date="2025-11-18T11:48:09.696" /><!-- duration: 0ms -->
        </step><!-- duration: 63ms -->
        <step title="Preparing deployment for commit id &apos;d292f0f37d&apos;." date="2025-11-18T11:48:09.758" /><!-- duration: 0ms -->
        <step title="Determining deployment builder" date="2025-11-18T11:48:09.805" >
          <step title="Builder is OneDeployBuilder" date="2025-11-18T11:48:09.805" /><!-- duration: 0ms -->
        </step><!-- duration: 16ms -->
        <step title="Copying SSH keys" date="2025-11-18T11:48:09.836" /><!-- duration: 16ms -->
        <step title="Building" date="2025-11-18T11:48:09.852" >
          <step title="Running build. Project type: OneDeploy" date="2025-11-18T11:48:09.899" /><!-- duration: 0ms -->
          <step title="Copying the manifest" date="2025-11-18T11:48:09.961" /><!-- duration: 0ms -->
          <step title="Clean deploying to C:\home\site\wwwroot" date="2025-11-18T11:48:10.039" /><!-- duration: 0ms -->
          <step title="Generating deployment script." date="2025-11-18T11:48:10.086" /><!-- duration: 16ms -->
          <step title="Generating deployment script" date="2025-11-18T11:48:10.102" >
            <step title="Using cached version of the deployment script for command: -y --no-dot-deployment -r &quot;C:\local\Temp\zipdeploy\extracted&quot; -o &quot;C:\home\site\deployments\tools&quot; --basic --sitePath &quot;C:\local\Temp\zipdeploy\extracted&quot;" date="2025-11-18T11:48:10.149" /><!-- duration: 31ms -->
            <step title="Using cached version of deployment script (command: &apos;azure -y --no-dot-deployment -r &quot;C:\local\Temp\zipdeploy\extracted&quot; -o &quot;C:\home\site\deployments\tools&quot; --basic --sitePath &quot;C:\local\Temp\zipdeploy\extracted&quot;&apos;)." date="2025-11-18T11:48:10.196" /><!-- duration: 0ms -->
          </step><!-- duration: 109ms -->
          <step title="Running deployment command..." date="2025-11-18T11:48:10.274" /><!-- duration: 0ms -->
          <step title="Command: &quot;C:\home\site\deployments\tools\deploy.cmd&quot;" date="2025-11-18T11:48:10.289" /><!-- duration: 16ms -->
          <step title="Executing external process" date="2025-11-18T11:48:10.321" type="process" path="starter.cmd" arguments="&quot;C:\home\site\deployments\tools\deploy.cmd&quot;" >
            <step title="Handling Basic Web Site deployment." date="2025-11-18T11:48:10.446" /><!-- duration: 0ms -->
            <step title="Creating app_offline.htm" date="2025-11-18T11:48:10.586" /><!-- duration: 0ms -->
            <step title="KuduSync.NET from: &apos;C:\local\Temp\zipdeploy\extracted&apos; to: &apos;C:\home\site\wwwroot&apos;" date="2025-11-18T11:48:10.602" /><!-- duration: 0ms -->
            <step title="Deleting file: &apos;MH.Application.deps.json&apos;" date="2025-11-18T11:48:10.618" /><!-- duration: 16ms -->
            <step title="Deleting file: &apos;MH.Domain.deps.json&apos;" date="2025-11-18T11:48:10.649" /><!-- duration: 0ms -->
            <step title="Deleting file: &apos;MH.Infrastructure.deps.json&apos;" date="2025-11-18T11:48:10.664" /><!-- duration: 0ms -->
            <step title="Deleting file: &apos;MH.Infrastructure.runtimeconfig.json&apos;" date="2025-11-18T11:48:10.680" /><!-- duration: 0ms -->
            <step title="Deleting file: &apos;Microsoft.AspNetCore.Cryptography.Internal.dll&apos;" date="2025-11-18T11:48:10.696" /><!-- duration: 0ms -->
            <step title="Deleting file: &apos;Microsoft.AspNetCore.Cryptography.KeyDerivation.dll&apos;" date="2025-11-18T11:48:10.711" /><!-- duration: 16ms -->
            <step title="Deleting file: &apos;Microsoft.AspNetCore.Http.Features.dll&apos;" date="2025-11-18T11:48:10.743" /><!-- duration: 0ms -->
            <step title="Deleting file: &apos;Microsoft.Extensions.Caching.Abstractions.dll&apos;" date="2025-11-18T11:48:10.758" /><!-- duration: 0ms -->
            <step title="Deleting file: &apos;Microsoft.Extensions.Caching.Memory.dll&apos;" date="2025-11-18T11:48:10.774" /><!-- duration: 16ms -->
            <step title="Deleting file: &apos;Microsoft.Extensions.Configuration.Abstractions.dll&apos;" date="2025-11-18T11:48:10.805" /><!-- duration: 16ms -->
            <step title="Deleting file: &apos;Microsoft.Extensions.DependencyInjection.Abstractions.dll&apos;" date="2025-11-18T11:48:10.836" /><!-- duration: 0ms -->
            <step title="Deleting file: &apos;Microsoft.Extensions.DependencyInjection.dll&apos;" date="2025-11-18T11:48:10.852" /><!-- duration: 0ms -->
            <step title="Deleting file: &apos;Microsoft.Extensions.Identity.Core.dll&apos;" date="2025-11-18T11:48:10.868" /><!-- duration: 16ms -->
            <step title="Deleting file: &apos;Microsoft.Extensions.Identity.Stores.dll&apos;" date="2025-11-18T11:48:10.883" /><!-- duration: 16ms -->
            <step title="Deleting file: &apos;Microsoft.Extensions.Logging.Abstractions.dll&apos;" date="2025-11-18T11:48:10.914" /><!-- duration: 0ms -->
            <step title="Deleting file: &apos;Microsoft.Extensions.Logging.dll&apos;" date="2025-11-18T11:48:11.008" /><!-- duration: 0ms -->
            <step title="Deleting file: &apos;Microsoft.Extensions.Options.dll&apos;" date="2025-11-18T11:48:11.024" /><!-- duration: 16ms -->
            <step title="Deleting file: &apos;Microsoft.Extensions.Primitives.dll&apos;" date="2025-11-18T11:48:11.071" /><!-- duration: 0ms -->
            <step title="Deleting file: &apos;System.Diagnostics.EventLog.dll&apos;" date="2025-11-18T11:48:11.086" /><!-- duration: 16ms -->
            <step title="Deleting file: &apos;System.IO.Pipelines.dll&apos;" date="2025-11-18T11:48:11.102" /><!-- duration: 16ms -->
            <step title="Deleting file: &apos;System.Security.Cryptography.Pkcs.dll&apos;" date="2025-11-18T11:48:11.133" /><!-- duration: 0ms -->
            <step title="Copying file: &apos;appsettings.Development.json&apos;" date="2025-11-18T11:48:11.149" /><!-- duration: 0ms -->
            <step title="Copying file: &apos;appsettings.json&apos;" date="2025-11-18T11:48:11.180" /><!-- duration: 0ms -->
            <step title="Copying file: &apos;AutoMapper.dll&apos;" date="2025-11-18T11:48:11.196" /><!-- duration: 0ms -->
            <step title="Copying file: &apos;AutoMapper.Extensions.Microsoft.DependencyInjection.dll&apos;" date="2025-11-18T11:48:11.211" /><!-- duration: 0ms -->
            <step title="Copying file: &apos;Azure.Core.dll&apos;" date="2025-11-18T11:48:11.227" /><!-- duration: 0ms -->
            <step title="Copying file: &apos;Azure.Identity.dll&apos;" date="2025-11-18T11:48:11.243" /><!-- duration: 16ms -->
            <step title="Copying file: &apos;BouncyCastle.Crypto.dll&apos;" date="2025-11-18T11:48:11.274" /><!-- duration: 0ms -->
            <step title="Copying file: &apos;FluentValidation.AspNetCore.dll&apos;" date="2025-11-18T11:48:11.289" /><!-- duration: 0ms -->
            <step title="Copying file: &apos;FluentValidation.DependencyInjectionExtensions.dll&apos;" date="2025-11-18T11:48:11.305" /><!-- duration: 0ms -->
            <step title="Copying file: &apos;FluentValidation.dll&apos;" date="2025-11-18T11:48:11.321" /><!-- duration: 16ms -->
            <step title="Copying file: &apos;Google.Apis.Auth.dll&apos;" date="2025-11-18T11:48:11.336" /><!-- duration: 16ms -->
            <step title="Copying file: &apos;Google.Apis.Auth.PlatformServices.dll&apos;" date="2025-11-18T11:48:11.368" /><!-- duration: 0ms -->
            <step title="Copying file: &apos;Google.Apis.Core.dll&apos;" date="2025-11-18T11:48:11.383" /><!-- duration: 0ms -->
            <step title="Copying file: &apos;Google.Apis.dll&apos;" date="2025-11-18T11:48:11.399" /><!-- duration: 0ms -->
            <step title="Copying file: &apos;Hangfire.AspNetCore.dll&apos;" date="2025-11-18T11:48:11.414" /><!-- duration: 16ms -->
            <step title="Copying file: &apos;Hangfire.Core.dll&apos;" date="2025-11-18T11:48:11.446" /><!-- duration: 0ms -->
            <step title="Copying file: &apos;Hangfire.SqlServer.dll&apos;" date="2025-11-18T11:48:11.461" /><!-- duration: 0ms -->
            <step title="Copying file: &apos;MailKit.dll&apos;" date="2025-11-18T11:48:11.508" /><!-- duration: 0ms -->
            <step title="Copying file: &apos;MH.Api.deps.json&apos;" date="2025-11-18T11:48:11.524" /><!-- duration: 16ms -->
            <step title="Copying file: &apos;MH.Api.dll&apos;" date="2025-11-18T11:48:11.555" /><!-- duration: 0ms -->
            <step title="Copying file: &apos;MH.Api.exe&apos;" date="2025-11-18T11:48:11.571" /><!-- duration: 0ms -->
            <step title="Copying file: &apos;MH.Api.pdb&apos;" date="2025-11-18T11:48:11.586" /><!-- duration: 16ms -->
            <step title="Copying file: &apos;MH.Api.runtimeconfig.json&apos;" date="2025-11-18T11:48:11.618" /><!-- duration: 0ms -->
            <step title="Copying file: &apos;MH.Api.staticwebassets.endpoints.json&apos;" date="2025-11-18T11:48:11.633" /><!-- duration: 0ms -->
            <step title="Copying file: &apos;MH.Application.dll&apos;" date="2025-11-18T11:48:11.649" /><!-- duration: 0ms -->
            <step title="Copying file: &apos;MH.Application.pdb&apos;" date="2025-11-18T11:48:11.664" /><!-- duration: 0ms -->
            <step title="Copying file: &apos;MH.Domain.dll&apos;" date="2025-11-18T11:48:11.680" /><!-- duration: 16ms -->
            <step title="Omitting next output lines..." date="2025-11-18T11:48:11.711" /><!-- duration: 0ms -->
            <step title="Finished successfully." date="2025-11-18T11:48:16.290" /><!-- duration: 0ms -->
          </step><!-- duration: 5985ms -->
          <step title="Build completed succesfully." date="2025-11-18T11:48:16.368" /><!-- duration: 0ms -->
          <step title="Running post deployment command(s)..." date="2025-11-18T11:48:16.415" /><!-- duration: 0ms -->
          <step title="Requesting site restart" date="2025-11-18T11:48:16.493" /><!-- duration: 16ms -->
          <step title="Requesting site restart" date="2025-11-18T11:48:16.509" /><!-- duration: 16ms -->
          <step title="Requesting site restart. Attempt #1" date="2025-11-18T11:48:16.571" /><!-- duration: 0ms -->
          <step title="Requesting site restart. Attempt #1" date="2025-11-18T11:48:16.587" /><!-- duration: 0ms -->
          <step title="Successfully requested a restart. Attempt #1" date="2025-11-18T11:48:16.915" /><!-- duration: 0ms -->
          <step title="Successfully requested a restart. Attempt #1" date="2025-11-18T11:48:16.931" /><!-- duration: 0ms -->
          <step title="Deployment successful. DEPLOYMENTINFO: deploymentPath = OneDeploy, deployer = OneDeploy, os = windows, sku = Free, siteName = NgCanduAPI, siteHostName = ngcanduapi.azurewebsites.net, deploymentStatus = Success" date="2025-11-18T11:48:16.993" /><!-- duration: 0ms -->
          <step title="Purge deployment items" date="2025-11-18T11:48:17.181" >
            <step title="Remove cb57684d1, Success, received at 11/17/2025 2:21:43 PM" date="2025-11-18T11:48:17.243" /><!-- duration: 16ms -->
          </step><!-- duration: 78ms -->
        </step><!-- duration: 7423ms -->
      </step><!-- duration: 7704ms -->
      <step title="Cleaning up temp files" date="2025-11-18T11:48:17.290" /><!-- duration: 0ms -->
      <step title="Skip function trigger and logicapp sync because function is not enabled." date="2025-11-18T11:48:17.306" /><!-- duration: 16ms -->
    </step><!-- duration: 8954ms -->
    <step title="LockFile &apos;C:\home\site\locks\deployments.lock&apos; released" date="2025-11-18T11:48:17.368" /><!-- duration: 0ms -->
    <step title="Deleting shutdown sentinel file" date="2025-11-18T11:48:17.384" SemaphoreCount="8" /><!-- duration: 0ms -->
  </step><!-- duration: 9969ms -->
  <step title="Outgoing response" date="2025-11-18T11:48:17.415" type="response" statusCode="200" statusText="OK" Server="Microsoft-IIS/10.0" x-ms-request-id="6a37438b-c474-11f0-81be-c025a5cfe792" Cache-Control="private" X-AspNet-Version="4.0.30319" /><!-- duration: 16ms -->
</step><!-- duration: 10532ms -->
