<step title="BackgroundTrace" date="2025-11-20T07:07:32.510" instance="92ca53" url="/api/zipdeploy" method="POST" >
  <step title="Updating shutdown sentinel last write time" date="2025-11-20T07:07:32.510" SemaphoreCount="7" /><!-- duration: 16ms -->
  <step title="LockFile &apos;C:\home\site\locks\deployments.lock&apos; acquired" date="2025-11-20T07:07:32.526" /><!-- duration: 0ms -->
  <step title="Creating temporary deployment" date="2025-11-20T07:07:32.526" /><!-- duration: 31ms -->
  <step title="Performing fetch based deployment" date="2025-11-20T07:07:32.573" >
    <step title="Fetching changes." date="2025-11-20T07:07:32.604" /><!-- duration: 16ms -->
    <step title="Starting LocalZipHandler" date="2025-11-20T07:07:32.635" /><!-- duration: 0ms -->
    <step title="Cleaning up temp folders from previous zip deployments and extracting pushed zip file C:\local\Temp\zipdeploy\rbalb3i1.zip (22.47 MB) to C:\local\Temp\zipdeploy\extracted" date="2025-11-20T07:07:32.666" /><!-- duration: 0ms -->
    <step title="Cleaning up temp folders from previous zip deployments and extracting pushed zip file C:\local\Temp\zipdeploy\rbalb3i1.zip (22.47 MB) to C:\local\Temp\zipdeploy\extracted" date="2025-11-20T07:07:32.666" >
      <step title="Renaming extractTargetDirectory(C:\local\Temp\zipdeploy\extracted) to tempDirectory(C:\local\Temp\zipdeploy\tthcwuhm.dj1)" date="2025-11-20T07:07:32.682" /><!-- duration: 0ms -->
      <step title="Extracting 293 entries to C:\local\Temp\zipdeploy\extracted directory" date="2025-11-20T07:07:32.698" >
        <step title="Extracting to C:\local\Temp\zipdeploy\extracted\ca\Hangfire.Core.resources.dll ..." date="2025-11-20T07:07:32.698" /><!-- duration: 0ms -->
        <step title="Extracting to C:\local\Temp\zipdeploy\extracted\de\Hangfire.Core.resources.dll ..." date="2025-11-20T07:07:32.713" /><!-- duration: 0ms -->
        <step title="Extracting to C:\local\Temp\zipdeploy\extracted\es\Hangfire.Core.resources.dll ..." date="2025-11-20T07:07:32.713" /><!-- duration: 16ms -->
        <step title="Extracting to C:\local\Temp\zipdeploy\extracted\fa\Hangfire.Core.resources.dll ..." date="2025-11-20T07:07:32.729" /><!-- duration: 16ms -->
        <step title="Extracting to C:\local\Temp\zipdeploy\extracted\fr\Hangfire.Core.resources.dll ..." date="2025-11-20T07:07:32.744" /><!-- duration: 16ms -->
        <step title="Omitting extracting file traces ..." date="2025-11-20T07:07:32.760" /><!-- duration: 16ms -->
      </step><!-- duration: 938ms -->
    </step><!-- duration: 984ms -->
    <step title="Before sending BuildRequestReceived status to /api/updatedeploystatus" date="2025-11-20T07:07:33.651" /><!-- duration: 0ms -->
    <step title="DeploymentManager.Deploy(id:5921b3c418cf423abad1832b5ae151b2)" date="2025-11-20T07:07:33.666" >
      <step title="Collecting changeset information" date="2025-11-20T07:07:33.682" /><!-- duration: 31ms -->
      <step title="Updating submodules" date="2025-11-20T07:07:33.713" >
        <step title="Updating submodules." date="2025-11-20T07:07:33.791" /><!-- duration: 16ms -->
      </step><!-- duration: 94ms -->
      <step title="Preparing deployment for commit id &apos;5921b3c418&apos;." date="2025-11-20T07:07:33.854" /><!-- duration: 0ms -->
      <step title="Determining deployment builder" date="2025-11-20T07:07:33.901" >
        <step title="Builder is BasicBuilder" date="2025-11-20T07:07:33.901" /><!-- duration: 0ms -->
      </step><!-- duration: 16ms -->
      <step title="Copying SSH keys" date="2025-11-20T07:07:33.932" /><!-- duration: 16ms -->
      <step title="Building" date="2025-11-20T07:07:33.948" >
        <step title="Generating deployment script." date="2025-11-20T07:07:33.994" /><!-- duration: 0ms -->
        <step title="Generating deployment script" date="2025-11-20T07:07:33.994" >
          <step title="Using cached version of the deployment script for command: -y --no-dot-deployment -r &quot;C:\local\Temp\zipdeploy\extracted&quot; -o &quot;C:\home\site\deployments\tools&quot; --basic --sitePath &quot;C:\local\Temp\zipdeploy\extracted&quot;" date="2025-11-20T07:07:34.026" /><!-- duration: 0ms -->
          <step title="Using cached version of deployment script (command: &apos;azure -y --no-dot-deployment -r &quot;C:\local\Temp\zipdeploy\extracted&quot; -o &quot;C:\home\site\deployments\tools&quot; --basic --sitePath &quot;C:\local\Temp\zipdeploy\extracted&quot;&apos;)." date="2025-11-20T07:07:34.026" /><!-- duration: 16ms -->
        </step><!-- duration: 47ms -->
        <step title="Running deployment command..." date="2025-11-20T07:07:34.088" /><!-- duration: 0ms -->
        <step title="Command: &quot;C:\home\site\deployments\tools\deploy.cmd&quot;" date="2025-11-20T07:07:34.119" /><!-- duration: 0ms -->
        <step title="Executing external process" date="2025-11-20T07:07:34.119" type="process" path="starter.cmd" arguments="&quot;C:\home\site\deployments\tools\deploy.cmd&quot;" >
          <step title="Handling Basic Web Site deployment." date="2025-11-20T07:07:34.260" /><!-- duration: 0ms -->
          <step title="Creating app_offline.htm" date="2025-11-20T07:07:36.651" /><!-- duration: 0ms -->
          <step title="KuduSync.NET from: &apos;C:\local\Temp\zipdeploy\extracted&apos; to: &apos;C:\home\site\wwwroot&apos;" date="2025-11-20T07:07:36.666" /><!-- duration: 0ms -->
          <step title="Copying file: &apos;MH.Api.dll&apos;" date="2025-11-20T07:07:36.682" /><!-- duration: 0ms -->
          <step title="Copying file: &apos;MH.Api.exe&apos;" date="2025-11-20T07:07:36.698" /><!-- duration: 0ms -->
          <step title="Copying file: &apos;MH.Api.pdb&apos;" date="2025-11-20T07:07:36.713" /><!-- duration: 0ms -->
          <step title="Copying file: &apos;MH.Application.dll&apos;" date="2025-11-20T07:07:36.729" /><!-- duration: 0ms -->
          <step title="Copying file: &apos;MH.Application.pdb&apos;" date="2025-11-20T07:07:36.744" /><!-- duration: 0ms -->
          <step title="Copying file: &apos;MH.Infrastructure.dll&apos;" date="2025-11-20T07:07:36.760" /><!-- duration: 0ms -->
          <step title="Copying file: &apos;MH.Infrastructure.pdb&apos;" date="2025-11-20T07:07:36.776" /><!-- duration: 0ms -->
          <step title="Deleting app_offline.htm" date="2025-11-20T07:07:36.791" /><!-- duration: 0ms -->
          <step title="Finished successfully." date="2025-11-20T07:07:36.807" /><!-- duration: 0ms -->
        </step><!-- duration: 2688ms -->
        <step title="Running post deployment command(s)..." date="2025-11-20T07:07:36.854" /><!-- duration: 0ms -->
        <step title="Triggering recycle (preview mode disabled)." date="2025-11-20T07:07:36.901" /><!-- duration: 16ms -->
        <step title="Ignoring FS watcher based recycle request as this is a classic Windows app." date="2025-11-20T07:07:36.916" /><!-- duration: 0ms -->
        <step title="Deployment successful. DEPLOYMENTINFO: deploymentPath = ZipDeploy. Extract zip. , deployer = ZipDeploy, os = windows, sku = Free, siteName = NgCanduAPI, siteHostName = ngcanduapi.azurewebsites.net, deploymentStatus = Success" date="2025-11-20T07:07:36.963" /><!-- duration: 16ms -->
        <step title="Purge deployment items" date="2025-11-20T07:07:37.104" >
          <step title="Remove ed9dec367, Success, received at 11/18/2025 12:42:56 PM" date="2025-11-20T07:07:37.151" /><!-- duration: 16ms -->
        </step><!-- duration: 63ms -->
      </step><!-- duration: 3234ms -->
    </step><!-- duration: 3531ms -->
    <step title="Cleaning up temp files" date="2025-11-20T07:07:37.198" /><!-- duration: 16ms -->
    <step title="Skip function trigger and logicapp sync because function is not enabled." date="2025-11-20T07:07:37.213" /><!-- duration: 16ms -->
  </step><!-- duration: 4703ms -->
  <step title="LockFile &apos;C:\home\site\locks\deployments.lock&apos; released" date="2025-11-20T07:07:37.276" /><!-- duration: 0ms -->
  <step title="Deleting shutdown sentinel file" date="2025-11-20T07:07:37.291" SemaphoreCount="8" /><!-- duration: 0ms -->
</step><!-- duration: 4797ms -->
