<step title="Incoming Request" date="2025-11-18T08:37:25.306" instance="92ca53" url="/api/publish?async=true&amp;deployer=GITHUB_ONE_DEPLOY&amp;type=zip&amp;message=%7B%22type%22%3A%22deployment%22%2C%22sha%22%3A%2298fcd8c2bde81053a13d1e5dfe92856d3d0e0265%22%2C%22repoName%22%3A%22daedalusdigital-za%2FNCD-API%22%2C%22actor%22%3A%22daedalusdigital-za%22%2C%22slotName%22%3A%22Production%22%2C%22commitMessage%22%3A%22Fix%20TrainingSession%20entity%20DateCreated%20to%20CreatedDate%20column%20mapping%22%7D" method="POST" type="request" pid="11140,2,25" Transfer-Encoding="chunked" Content-Type="application/octet-stream" Authorization="Bas..." Cookie="ARRAffinity=92ca53ad8db4fbb93d4d3b7d8ab54dcf8ffecb2d731f25b0e91ad575d7534c3f;Path=/;HttpOnly;Secure;Domain=ngcanduapi.scm.azurewebsites.net; ARRAffinitySameSite=92ca53ad8db4fbb93d4d3b7d8ab54dcf8ffecb2d731f25b0e91ad575d7534c3f;Path=/;HttpOnly;SameSite=None;Secure;Domain=ngcanduapi.scm.azurewebsites.net" Host="ngcanduapi.scm.azurewebsites.net" User-Agent="GITHUBACTIONS_DeployWebAppToAzure_911ad8e07dd1095a617b283f0e1b400847f2d2bffc6e1de6b85a1cbb3aaec3dc" X-ARR-LOG-ID="ab8847a0-b4a5-465a-88c2-af4804f11088" CLIENT-IP="135.232.216.64:60416" X-SITE-DEPLOYMENT-ID="NgCanduAPI" WAS-DEFAULT-HOSTNAME="ngcanduapi.scm.azurewebsites.net" X-Forwarded-Proto="https" X-AppService-Proto="https" X-Forwarded-TlsVersion="1.3" X-WAWS-Unencoded-URL="/api/publish?async=true&amp;deployer=GITHUB_ONE_DEPLOY&amp;type=zip&amp;message=%7B%22type%22%3A%22deployment%22%2C%22sha%22%3A%2298fcd8c2bde81053a13d1e5dfe92856d3d0e0265%22%2C%22repoName%22%3A%22daedalusdigital-za%2FNCD-API%22%2C%22actor%22%3A%22daedalusdigital-za%22%2C%22slotName%22%3A%22Production%22%2C%22commitMessage%22%3A%22Fix%20TrainingSession%20entity%20DateCreated%20to%20CreatedDate%20column%20mapping%22%7D" >
  <step title="OneDeploy" date="2025-11-18T08:37:25.322" >
    <step title="Starting PushDeployAsync" date="2025-11-18T08:37:25.322" /><!-- duration: 16ms -->
    <step title="Updating shutdown sentinel last write time" date="2025-11-18T08:37:25.353" SemaphoreCount="7" /><!-- duration: 0ms -->
    <step title="LockFile &apos;C:\home\site\locks\deployments.lock&apos; acquired" date="2025-11-18T08:37:25.369" /><!-- duration: 0ms -->
    <step title="Saving request content to C:\local\Temp\zipdeploy\uua2mqao.zip" date="2025-11-18T08:37:25.384" >
      <step title="Total 26,484,103 bytes written to C:\local\Temp\zipdeploy\uua2mqao.zip" date="2025-11-18T08:37:25.588" /><!-- duration: 16ms -->
    </step><!-- duration: 219ms -->
    <step title="LockFile &apos;C:\home\site\locks\deployments.lock&apos; released" date="2025-11-18T08:37:25.603" /><!-- duration: 16ms -->
    <step title="Deleting shutdown sentinel file" date="2025-11-18T08:37:25.619" SemaphoreCount="8" /><!-- duration: 31ms -->
    <step title="Starting FetchDeploy" date="2025-11-18T08:37:25.666" /><!-- duration: 0ms -->
    <step title="Start deployment in the background" date="2025-11-18T08:37:25.681" /><!-- duration: 63ms -->
  </step><!-- duration: 438ms -->
  <step title="Outgoing response" date="2025-11-18T08:37:25.759" type="response" statusCode="202" statusText="Accepted" Server="Microsoft-IIS/10.0" x-ms-request-id="ab8847a0-b4a5-465a-88c2-af4804f11088" Retry-After="30" Cache-Control="private" X-AspNet-Version="4.0.30319" Location="https://ngcanduapi.scm.azurewebsites.net/api/deployments/latest?deployer=OneDeploy&amp;time=2025-11-18_08-37-25Z" /><!-- duration: 0ms -->
</step><!-- duration: 469ms -->
