<step title="Incoming Request" date="2025-11-20T13:07:41.101" instance="92ca53" url="/api/zipdeploy?isAsync=true" method="POST" type="request" pid="11052,2,11" Cache-Control="no-cache" Content-Length="23583224" Content-Type="application/octet-stream" Accept="*/*" Accept-Encoding="gzip, deflate" Authorization="Bas..." Host="ngcanduapi.scm.azurewebsites.net" User-Agent="AZURECLI/2.75.0 (MSI)" x-ms-client-request-id="dfc27f71-c611-11f0-9e5b-c025a5cfe792" X-ARR-LOG-ID="dfc27f71-c611-11f0-9e5b-c025a5cfe792" CLIENT-IP="197.234.156.224:52436" X-SITE-DEPLOYMENT-ID="NgCanduAPI" WAS-DEFAULT-HOSTNAME="ngcanduapi.scm.azurewebsites.net" X-Forwarded-Proto="https" X-AppService-Proto="https" X-Forwarded-TlsVersion="1.3" X-WAWS-Unencoded-URL="/api/zipdeploy?isAsync=true" >
  <step title="ZipPushDeploy" date="2025-11-20T13:07:41.351" >
    <step title="ZipDeploy. Extract zip. " date="2025-11-20T13:07:41.382" /><!-- duration: 0ms -->
    <step title="Starting PushDeployAsync" date="2025-11-20T13:07:41.382" /><!-- duration: 16ms -->
    <step title="Updating shutdown sentinel last write time" date="2025-11-20T13:07:41.445" SemaphoreCount="7" /><!-- duration: 0ms -->
    <step title="LockFile &apos;C:\home\site\locks\deployments.lock&apos; acquired" date="2025-11-20T13:07:41.445" /><!-- duration: 16ms -->
    <step title="Saving request content to C:\local\Temp\zipdeploy\3l2iaccv.zip" date="2025-11-20T13:07:41.460" >
      <step title="Total 23,583,224 bytes written to C:\local\Temp\zipdeploy\3l2iaccv.zip" date="2025-11-20T13:07:43.195" /><!-- duration: 0ms -->
    </step><!-- duration: 1734ms -->
    <step title="LockFile &apos;C:\home\site\locks\deployments.lock&apos; released" date="2025-11-20T13:07:43.210" /><!-- duration: 0ms -->
    <step title="Deleting shutdown sentinel file" date="2025-11-20T13:07:43.226" SemaphoreCount="8" /><!-- duration: 0ms -->
    <step title="Starting FetchDeploy" date="2025-11-20T13:07:43.242" /><!-- duration: 0ms -->
    <step title="Start deployment in the background" date="2025-11-20T13:07:43.242" /><!-- duration: 109ms -->
  </step><!-- duration: 2016ms -->
  <step title="Outgoing response" date="2025-11-20T13:07:43.398" type="response" statusCode="202" statusText="Accepted" Server="Microsoft-IIS/10.0" x-ms-request-id="dfc27f71-c611-11f0-9e5b-c025a5cfe792" Retry-After="30" Cache-Control="private" X-AspNet-Version="4.0.30319" Location="https://ngcanduapi.scm.azurewebsites.net/api/deployments/latest?deployer=ZipDeploy&amp;time=2025-11-20_13-07-43Z" /><!-- duration: 16ms -->
</step><!-- duration: 2313ms -->
