<step title="BackgroundTrace" date="2025-11-18T14:32:08.960" instance="92ca53" url="/api/publish" method="POST" >
  <step title="Updating shutdown sentinel last write time" date="2025-11-18T14:32:08.960" SemaphoreCount="7" /><!-- duration: 16ms -->
  <step title="LockFile &apos;C:\home\site\locks\deployments.lock&apos; acquired" date="2025-11-18T14:32:08.976" /><!-- duration: 0ms -->
  <step title="Creating temporary deployment" date="2025-11-18T14:32:08.991" /><!-- duration: 16ms -->
  <step title="Performing fetch based deployment" date="2025-11-18T14:32:09.023" >
    <step title="Fetching changes." date="2025-11-18T14:32:09.069" /><!-- duration: 16ms -->
    <step title="Starting LocalZipHandler" date="2025-11-18T14:32:09.085" /><!-- duration: 16ms -->
    <step title="Cleaning up temp folders from previous zip deployments and extracting pushed zip file C:\local\Temp\zipdeploy\zeqdetvt.zip (25.25 MB) to C:\local\Temp\zipdeploy\extracted" date="2025-11-18T14:32:09.116" /><!-- duration: 16ms -->
    <step title="Cleaning up temp folders from previous zip deployments and extracting pushed zip file C:\local\Temp\zipdeploy\zeqdetvt.zip (25.25 MB) to C:\local\Temp\zipdeploy\extracted" date="2025-11-18T14:32:09.132" >
      <step title="Renaming extractTargetDirectory(C:\local\Temp\zipdeploy\extracted) to tempDirectory(C:\local\Temp\zipdeploy\u2hpy3c5.zu0)" date="2025-11-18T14:32:09.132" /><!-- duration: 0ms -->
      <step title="Extracting 295 entries to C:\local\Temp\zipdeploy\extracted directory" date="2025-11-18T14:32:09.148" >
        <step title="Extracting to C:\local\Temp\zipdeploy\extracted\appsettings.Development.json ..." date="2025-11-18T14:32:09.163" /><!-- duration: 16ms -->
        <step title="Extracting to C:\local\Temp\zipdeploy\extracted\appsettings.json ..." date="2025-11-18T14:32:09.179" /><!-- duration: 0ms -->
        <step title="Extracting to C:\local\Temp\zipdeploy\extracted\AutoMapper.dll ..." date="2025-11-18T14:32:09.179" /><!-- duration: 62ms -->
        <step title="Extracting to C:\local\Temp\zipdeploy\extracted\AutoMapper.Extensions.Microsoft.DependencyInjection.dll ..." date="2025-11-18T14:32:09.241" /><!-- duration: 0ms -->
        <step title="Extracting to C:\local\Temp\zipdeploy\extracted\Azure.Core.dll ..." date="2025-11-18T14:32:09.257" /><!-- duration: 0ms -->
        <step title="Omitting extracting file traces ..." date="2025-11-18T14:32:09.257" /><!-- duration: 16ms -->
      </step><!-- duration: 1031ms -->
    </step><!-- duration: 1047ms -->
    <step title="Before sending BuildRequestReceived status to /api/updatedeploystatus" date="2025-11-18T14:32:10.179" /><!-- duration: 16ms -->
    <step title="DeploymentManager.Deploy(id:4c08f9d836c1419f8f3cff25a9282998)" date="2025-11-18T14:32:10.194" >
      <step title="Collecting changeset information" date="2025-11-18T14:32:10.194" /><!-- duration: 47ms -->
      <step title="Updating submodules" date="2025-11-18T14:32:10.241" >
        <step title="Updating submodules." date="2025-11-18T14:32:10.288" /><!-- duration: 0ms -->
      </step><!-- duration: 47ms -->
      <step title="Preparing deployment for commit id &apos;4c08f9d836&apos;." date="2025-11-18T14:32:10.335" /><!-- duration: 16ms -->
      <step title="Determining deployment builder" date="2025-11-18T14:32:10.382" >
        <step title="Builder is OneDeployBuilder" date="2025-11-18T14:32:10.382" /><!-- duration: 0ms -->
      </step><!-- duration: 16ms -->
      <step title="Copying SSH keys" date="2025-11-18T14:32:10.413" /><!-- duration: 0ms -->
      <step title="Building" date="2025-11-18T14:32:10.429" >
        <step title="Running build. Project type: OneDeploy" date="2025-11-18T14:32:10.460" /><!-- duration: 0ms -->
        <step title="Copying the manifest" date="2025-11-18T14:32:10.507" /><!-- duration: 0ms -->
        <step title="Clean deploying to C:\home\site\wwwroot" date="2025-11-18T14:32:10.585" /><!-- duration: 16ms -->
        <step title="Generating deployment script." date="2025-11-18T14:32:10.632" /><!-- duration: 16ms -->
        <step title="Generating deployment script" date="2025-11-18T14:32:10.648" >
          <step title="Using cached version of the deployment script for command: -y --no-dot-deployment -r &quot;C:\local\Temp\zipdeploy\extracted&quot; -o &quot;C:\home\site\deployments\tools&quot; --basic --sitePath &quot;C:\local\Temp\zipdeploy\extracted&quot;" date="2025-11-18T14:32:10.663" /><!-- duration: 0ms -->
          <step title="Using cached version of deployment script (command: &apos;azure -y --no-dot-deployment -r &quot;C:\local\Temp\zipdeploy\extracted&quot; -o &quot;C:\home\site\deployments\tools&quot; --basic --sitePath &quot;C:\local\Temp\zipdeploy\extracted&quot;&apos;)." date="2025-11-18T14:32:10.679" /><!-- duration: 16ms -->
        </step><!-- duration: 47ms -->
        <step title="Running deployment command..." date="2025-11-18T14:32:10.757" /><!-- duration: 0ms -->
        <step title="Command: &quot;C:\home\site\deployments\tools\deploy.cmd&quot;" date="2025-11-18T14:32:10.773" /><!-- duration: 0ms -->
        <step title="Executing external process" date="2025-11-18T14:32:10.788" type="process" path="starter.cmd" arguments="&quot;C:\home\site\deployments\tools\deploy.cmd&quot;" >
          <step title="Handling Basic Web Site deployment." date="2025-11-18T14:32:10.898" /><!-- duration: 0ms -->
          <step title="Creating app_offline.htm" date="2025-11-18T14:32:11.335" /><!-- duration: 0ms -->
          <step title="KuduSync.NET from: &apos;C:\local\Temp\zipdeploy\extracted&apos; to: &apos;C:\home\site\wwwroot&apos;" date="2025-11-18T14:32:11.351" /><!-- duration: 0ms -->
          <step title="Copying file: &apos;appsettings.Development.json&apos;" date="2025-11-18T14:32:11.366" /><!-- duration: 0ms -->
          <step title="Copying file: &apos;appsettings.json&apos;" date="2025-11-18T14:32:11.382" /><!-- duration: 0ms -->
          <step title="Copying file: &apos;AutoMapper.dll&apos;" date="2025-11-18T14:32:11.398" /><!-- duration: 0ms -->
          <step title="Copying file: &apos;AutoMapper.Extensions.Microsoft.DependencyInjection.dll&apos;" date="2025-11-18T14:32:11.413" /><!-- duration: 0ms -->
          <step title="Copying file: &apos;Azure.Core.dll&apos;" date="2025-11-18T14:32:11.413" /><!-- duration: 16ms -->
          <step title="Copying file: &apos;Azure.Identity.dll&apos;" date="2025-11-18T14:32:11.429" /><!-- duration: 16ms -->
          <step title="Copying file: &apos;BouncyCastle.Crypto.dll&apos;" date="2025-11-18T14:32:11.444" /><!-- duration: 0ms -->
          <step title="Copying file: &apos;FluentValidation.AspNetCore.dll&apos;" date="2025-11-18T14:32:11.460" /><!-- duration: 0ms -->
          <step title="Copying file: &apos;FluentValidation.DependencyInjectionExtensions.dll&apos;" date="2025-11-18T14:32:11.476" /><!-- duration: 0ms -->
          <step title="Copying file: &apos;FluentValidation.dll&apos;" date="2025-11-18T14:32:11.491" /><!-- duration: 0ms -->
          <step title="Copying file: &apos;Google.Apis.Auth.dll&apos;" date="2025-11-18T14:32:11.507" /><!-- duration: 16ms -->
          <step title="Copying file: &apos;Google.Apis.Auth.PlatformServices.dll&apos;" date="2025-11-18T14:32:11.523" /><!-- duration: 0ms -->
          <step title="Copying file: &apos;Google.Apis.Core.dll&apos;" date="2025-11-18T14:32:11.538" /><!-- duration: 0ms -->
          <step title="Copying file: &apos;Google.Apis.dll&apos;" date="2025-11-18T14:32:11.554" /><!-- duration: 0ms -->
          <step title="Copying file: &apos;Hangfire.AspNetCore.dll&apos;" date="2025-11-18T14:32:11.569" /><!-- duration: 0ms -->
          <step title="Copying file: &apos;Hangfire.Core.dll&apos;" date="2025-11-18T14:32:11.585" /><!-- duration: 0ms -->
          <step title="Copying file: &apos;Hangfire.SqlServer.dll&apos;" date="2025-11-18T14:32:11.601" /><!-- duration: 0ms -->
          <step title="Copying file: &apos;MailKit.dll&apos;" date="2025-11-18T14:32:11.616" /><!-- duration: 31ms -->
          <step title="Copying file: &apos;MH.Api.deps.json&apos;" date="2025-11-18T14:32:11.648" /><!-- duration: 0ms -->
          <step title="Copying file: &apos;MH.Api.dll&apos;" date="2025-11-18T14:32:11.663" /><!-- duration: 0ms -->
          <step title="Copying file: &apos;MH.Api.exe&apos;" date="2025-11-18T14:32:11.679" /><!-- duration: 0ms -->
          <step title="Copying file: &apos;MH.Api.pdb&apos;" date="2025-11-18T14:32:11.694" /><!-- duration: 0ms -->
          <step title="Copying file: &apos;MH.Api.runtimeconfig.json&apos;" date="2025-11-18T14:32:11.710" /><!-- duration: 0ms -->
          <step title="Copying file: &apos;MH.Api.staticwebassets.endpoints.json&apos;" date="2025-11-18T14:32:11.726" /><!-- duration: 0ms -->
          <step title="Copying file: &apos;MH.Application.deps.json&apos;" date="2025-11-18T14:32:11.741" /><!-- duration: 0ms -->
          <step title="Copying file: &apos;MH.Application.dll&apos;" date="2025-11-18T14:32:11.757" /><!-- duration: 0ms -->
          <step title="Copying file: &apos;MH.Application.pdb&apos;" date="2025-11-18T14:32:11.757" /><!-- duration: 16ms -->
          <step title="Copying file: &apos;MH.Domain.deps.json&apos;" date="2025-11-18T14:32:11.773" /><!-- duration: 16ms -->
          <step title="Copying file: &apos;MH.Domain.dll&apos;" date="2025-11-18T14:32:11.788" /><!-- duration: 0ms -->
          <step title="Copying file: &apos;MH.Domain.pdb&apos;" date="2025-11-18T14:32:11.804" /><!-- duration: 0ms -->
          <step title="Copying file: &apos;MH.Infrastructure.deps.json&apos;" date="2025-11-18T14:32:11.819" /><!-- duration: 0ms -->
          <step title="Copying file: &apos;MH.Infrastructure.dll&apos;" date="2025-11-18T14:32:11.835" /><!-- duration: 16ms -->
          <step title="Copying file: &apos;MH.Infrastructure.pdb&apos;" date="2025-11-18T14:32:11.851" /><!-- duration: 0ms -->
          <step title="Copying file: &apos;MH.Infrastructure.runtimeconfig.json&apos;" date="2025-11-18T14:32:11.866" /><!-- duration: 0ms -->
          <step title="Copying file: &apos;Microsoft.ApplicationInsights.dll&apos;" date="2025-11-18T14:32:11.882" /><!-- duration: 0ms -->
          <step title="Copying file: &apos;Microsoft.AspNetCore.Authentication.Facebook.dll&apos;" date="2025-11-18T14:32:11.898" /><!-- duration: 0ms -->
          <step title="Copying file: &apos;Microsoft.AspNetCore.Authentication.JwtBearer.dll&apos;" date="2025-11-18T14:32:11.944" /><!-- duration: 0ms -->
          <step title="Copying file: &apos;Microsoft.AspNetCore.Cryptography.Internal.dll&apos;" date="2025-11-18T14:32:11.944" /><!-- duration: 16ms -->
          <step title="Copying file: &apos;Microsoft.AspNetCore.Cryptography.KeyDerivation.dll&apos;" date="2025-11-18T14:32:11.960" /><!-- duration: 16ms -->
          <step title="Copying file: &apos;Microsoft.AspNetCore.Http.Features.dll&apos;" date="2025-11-18T14:32:11.976" /><!-- duration: 0ms -->
          <step title="Copying file: &apos;Microsoft.AspNetCore.Identity.EntityFrameworkCore.dll&apos;" date="2025-11-18T14:32:11.991" /><!-- duration: 0ms -->
          <step title="Copying file: &apos;Microsoft.Bcl.AsyncInterfaces.dll&apos;" date="2025-11-18T14:32:12.007" /><!-- duration: 0ms -->
          <step title="Copying file: &apos;Microsoft.Data.SqlClient.dll&apos;" date="2025-11-18T14:32:12.023" /><!-- duration: 0ms -->
          <step title="Copying file: &apos;Microsoft.EntityFrameworkCore.Abstractions.dll&apos;" date="2025-11-18T14:32:12.038" /><!-- duration: 0ms -->
          <step title="Copying file: &apos;Microsoft.EntityFrameworkCore.dll&apos;" date="2025-11-18T14:32:12.054" /><!-- duration: 0ms -->
          <step title="Copying file: &apos;Microsoft.EntityFrameworkCore.Relational.dll&apos;" date="2025-11-18T14:32:12.069" /><!-- duration: 0ms -->
          <step title="Copying file: &apos;Microsoft.EntityFrameworkCore.SqlServer.dll&apos;" date="2025-11-18T14:32:12.085" /><!-- duration: 0ms -->
          <step title="Copying file: &apos;Microsoft.Extensions.Caching.Abstractions.dll&apos;" date="2025-11-18T14:32:12.101" /><!-- duration: 0ms -->
          <step title="Omitting next output lines..." date="2025-11-18T14:32:12.101" /><!-- duration: 16ms -->
          <step title="Finished successfully." date="2025-11-18T14:32:14.852" /><!-- duration: 0ms -->
        </step><!-- duration: 4064ms -->
        <step title="Build completed succesfully." date="2025-11-18T14:32:14.899" /><!-- duration: 0ms -->
        <step title="Running post deployment command(s)..." date="2025-11-18T14:32:14.946" /><!-- duration: 0ms -->
        <step title="Requesting site restart" date="2025-11-18T14:32:14.993" /><!-- duration: 0ms -->
        <step title="Requesting site restart" date="2025-11-18T14:32:15.009" /><!-- duration: 0ms -->
        <step title="Requesting site restart. Attempt #1" date="2025-11-18T14:32:15.055" /><!-- duration: 0ms -->
        <step title="Requesting site restart. Attempt #1" date="2025-11-18T14:32:15.055" /><!-- duration: 31ms -->
        <step title="Successfully requested a restart. Attempt #1" date="2025-11-18T14:32:15.290" /><!-- duration: 0ms -->
        <step title="Successfully requested a restart. Attempt #1" date="2025-11-18T14:32:15.305" /><!-- duration: 0ms -->
        <step title="Deployment successful. DEPLOYMENTINFO: deploymentPath = OneDeploy, deployer = OneDeploy, os = windows, sku = Free, siteName = NgCanduAPI, siteHostName = ngcanduapi.azurewebsites.net, deploymentStatus = Success" date="2025-11-18T14:32:15.352" /><!-- duration: 0ms -->
        <step title="Purge deployment items" date="2025-11-18T14:32:15.430" >
          <step title="Remove ee44cf034, Success, received at 11/18/2025 7:47:21 AM" date="2025-11-18T14:32:15.477" /><!-- duration: 0ms -->
        </step><!-- duration: 63ms -->
      </step><!-- duration: 5080ms -->
    </step><!-- duration: 5330ms -->
    <step title="Cleaning up temp files" date="2025-11-18T14:32:15.524" /><!-- duration: 0ms -->
    <step title="Skip function trigger and logicapp sync because function is not enabled." date="2025-11-18T14:32:15.540" /><!-- duration: 0ms -->
  </step><!-- duration: 6533ms -->
  <step title="LockFile &apos;C:\home\site\locks\deployments.lock&apos; released" date="2025-11-18T14:32:15.571" /><!-- duration: 0ms -->
  <step title="Deleting shutdown sentinel file" date="2025-11-18T14:32:15.571" SemaphoreCount="8" /><!-- duration: 16ms -->
</step><!-- duration: 6627ms -->
