<step title="BackgroundTrace" date="2025-11-19T11:15:06.750" instance="92ca53" url="/api/publish" method="POST" >
  <step title="Updating shutdown sentinel last write time" date="2025-11-19T11:15:06.750" SemaphoreCount="7" /><!-- duration: 16ms -->
  <step title="LockFile &apos;C:\home\site\locks\deployments.lock&apos; acquired" date="2025-11-19T11:15:06.766" /><!-- duration: 0ms -->
  <step title="Creating temporary deployment" date="2025-11-19T11:15:06.782" /><!-- duration: 47ms -->
  <step title="Performing fetch based deployment" date="2025-11-19T11:15:06.828" >
    <step title="Fetching changes." date="2025-11-19T11:15:06.907" /><!-- duration: 16ms -->
    <step title="Starting LocalZipHandler" date="2025-11-19T11:15:06.938" /><!-- duration: 0ms -->
    <step title="Cleaning up temp folders from previous zip deployments and extracting pushed zip file C:\local\Temp\zipdeploy\1zo5rnuq.zip (25.22 MB) to C:\local\Temp\zipdeploy\extracted" date="2025-11-19T11:15:06.969" /><!-- duration: 0ms -->
    <step title="Cleaning up temp folders from previous zip deployments and extracting pushed zip file C:\local\Temp\zipdeploy\1zo5rnuq.zip (25.22 MB) to C:\local\Temp\zipdeploy\extracted" date="2025-11-19T11:15:06.969" >
      <step title="Extracting 295 entries to C:\local\Temp\zipdeploy\extracted directory" date="2025-11-19T11:15:07.000" >
        <step title="Extracting to C:\local\Temp\zipdeploy\extracted\appsettings.Development.json ..." date="2025-11-19T11:15:07.000" /><!-- duration: 16ms -->
        <step title="Extracting to C:\local\Temp\zipdeploy\extracted\appsettings.json ..." date="2025-11-19T11:15:07.016" /><!-- duration: 16ms -->
        <step title="Extracting to C:\local\Temp\zipdeploy\extracted\AutoMapper.dll ..." date="2025-11-19T11:15:07.032" /><!-- duration: 16ms -->
        <step title="Extracting to C:\local\Temp\zipdeploy\extracted\AutoMapper.Extensions.Microsoft.DependencyInjection.dll ..." date="2025-11-19T11:15:07.047" /><!-- duration: 0ms -->
        <step title="Extracting to C:\local\Temp\zipdeploy\extracted\Azure.Core.dll ..." date="2025-11-19T11:15:07.047" /><!-- duration: 16ms -->
        <step title="Omitting extracting file traces ..." date="2025-11-19T11:15:07.063" /><!-- duration: 16ms -->
      </step><!-- duration: 984ms -->
    </step><!-- duration: 1016ms -->
    <step title="Before sending BuildRequestReceived status to /api/updatedeploystatus" date="2025-11-19T11:15:08.000" /><!-- duration: 0ms -->
    <step title="DeploymentManager.Deploy(id:a7eebbe7e1964cf09aeb498d3097475c)" date="2025-11-19T11:15:08.016" >
      <step title="Collecting changeset information" date="2025-11-19T11:15:08.016" /><!-- duration: 47ms -->
      <step title="Updating submodules" date="2025-11-19T11:15:08.063" >
        <step title="Updating submodules." date="2025-11-19T11:15:08.110" /><!-- duration: 0ms -->
      </step><!-- duration: 47ms -->
      <step title="Preparing deployment for commit id &apos;a7eebbe7e1&apos;." date="2025-11-19T11:15:08.172" /><!-- duration: 0ms -->
      <step title="Determining deployment builder" date="2025-11-19T11:15:08.203" >
        <step title="Builder is OneDeployBuilder" date="2025-11-19T11:15:08.219" /><!-- duration: 0ms -->
      </step><!-- duration: 16ms -->
      <step title="Copying SSH keys" date="2025-11-19T11:15:08.250" /><!-- duration: 0ms -->
      <step title="Building" date="2025-11-19T11:15:08.266" >
        <step title="Running build. Project type: OneDeploy" date="2025-11-19T11:15:08.297" /><!-- duration: 16ms -->
        <step title="Copying the manifest" date="2025-11-19T11:15:08.360" /><!-- duration: 0ms -->
        <step title="Clean deploying to C:\home\site\wwwroot" date="2025-11-19T11:15:08.453" /><!-- duration: 0ms -->
        <step title="Generating deployment script." date="2025-11-19T11:15:08.516" /><!-- duration: 0ms -->
        <step title="Generating deployment script" date="2025-11-19T11:15:08.516" >
          <step title="Using cached version of the deployment script for command: -y --no-dot-deployment -r &quot;C:\local\Temp\zipdeploy\extracted&quot; -o &quot;C:\home\site\deployments\tools&quot; --basic --sitePath &quot;C:\local\Temp\zipdeploy\extracted&quot;" date="2025-11-19T11:15:08.547" /><!-- duration: 0ms -->
          <step title="Using cached version of deployment script (command: &apos;azure -y --no-dot-deployment -r &quot;C:\local\Temp\zipdeploy\extracted&quot; -o &quot;C:\home\site\deployments\tools&quot; --basic --sitePath &quot;C:\local\Temp\zipdeploy\extracted&quot;&apos;)." date="2025-11-19T11:15:08.563" /><!-- duration: 16ms -->
        </step><!-- duration: 63ms -->
        <step title="Running deployment command..." date="2025-11-19T11:15:08.625" /><!-- duration: 0ms -->
        <step title="Command: &quot;C:\home\site\deployments\tools\deploy.cmd&quot;" date="2025-11-19T11:15:08.641" /><!-- duration: 0ms -->
        <step title="Executing external process" date="2025-11-19T11:15:08.657" type="process" path="starter.cmd" arguments="&quot;C:\home\site\deployments\tools\deploy.cmd&quot;" >
          <step title="Handling Basic Web Site deployment." date="2025-11-19T11:15:08.782" /><!-- duration: 0ms -->
          <step title="Creating app_offline.htm" date="2025-11-19T11:15:09.250" /><!-- duration: 0ms -->
          <step title="KuduSync.NET from: &apos;C:\local\Temp\zipdeploy\extracted&apos; to: &apos;C:\home\site\wwwroot&apos;" date="2025-11-19T11:15:09.266" /><!-- duration: 0ms -->
          <step title="Copying file: &apos;appsettings.Development.json&apos;" date="2025-11-19T11:15:09.282" /><!-- duration: 0ms -->
          <step title="Copying file: &apos;appsettings.json&apos;" date="2025-11-19T11:15:09.297" /><!-- duration: 0ms -->
          <step title="Copying file: &apos;AutoMapper.dll&apos;" date="2025-11-19T11:15:09.313" /><!-- duration: 0ms -->
          <step title="Copying file: &apos;AutoMapper.Extensions.Microsoft.DependencyInjection.dll&apos;" date="2025-11-19T11:15:09.328" /><!-- duration: 0ms -->
          <step title="Copying file: &apos;Azure.Core.dll&apos;" date="2025-11-19T11:15:09.328" /><!-- duration: 16ms -->
          <step title="Copying file: &apos;Azure.Identity.dll&apos;" date="2025-11-19T11:15:09.360" /><!-- duration: 0ms -->
          <step title="Copying file: &apos;BouncyCastle.Crypto.dll&apos;" date="2025-11-19T11:15:09.375" /><!-- duration: 0ms -->
          <step title="Copying file: &apos;FluentValidation.AspNetCore.dll&apos;" date="2025-11-19T11:15:09.375" /><!-- duration: 16ms -->
          <step title="Copying file: &apos;FluentValidation.DependencyInjectionExtensions.dll&apos;" date="2025-11-19T11:15:09.407" /><!-- duration: 0ms -->
          <step title="Copying file: &apos;FluentValidation.dll&apos;" date="2025-11-19T11:15:09.407" /><!-- duration: 16ms -->
          <step title="Copying file: &apos;Google.Apis.Auth.dll&apos;" date="2025-11-19T11:15:09.422" /><!-- duration: 16ms -->
          <step title="Copying file: &apos;Google.Apis.Auth.PlatformServices.dll&apos;" date="2025-11-19T11:15:09.438" /><!-- duration: 16ms -->
          <step title="Copying file: &apos;Google.Apis.Core.dll&apos;" date="2025-11-19T11:15:09.453" /><!-- duration: 0ms -->
          <step title="Copying file: &apos;Google.Apis.dll&apos;" date="2025-11-19T11:15:09.469" /><!-- duration: 0ms -->
          <step title="Copying file: &apos;Hangfire.AspNetCore.dll&apos;" date="2025-11-19T11:15:09.485" /><!-- duration: 0ms -->
          <step title="Copying file: &apos;Hangfire.Core.dll&apos;" date="2025-11-19T11:15:09.500" /><!-- duration: 0ms -->
          <step title="Copying file: &apos;Hangfire.SqlServer.dll&apos;" date="2025-11-19T11:15:09.516" /><!-- duration: 0ms -->
          <step title="Copying file: &apos;MailKit.dll&apos;" date="2025-11-19T11:15:09.532" /><!-- duration: 0ms -->
          <step title="Copying file: &apos;MH.Api.deps.json&apos;" date="2025-11-19T11:15:09.547" /><!-- duration: 0ms -->
          <step title="Copying file: &apos;MH.Api.dll&apos;" date="2025-11-19T11:15:09.563" /><!-- duration: 0ms -->
          <step title="Copying file: &apos;MH.Api.exe&apos;" date="2025-11-19T11:15:09.578" /><!-- duration: 0ms -->
          <step title="Copying file: &apos;MH.Api.pdb&apos;" date="2025-11-19T11:15:09.578" /><!-- duration: 16ms -->
          <step title="Copying file: &apos;MH.Api.runtimeconfig.json&apos;" date="2025-11-19T11:15:09.594" /><!-- duration: 16ms -->
          <step title="Copying file: &apos;MH.Api.staticwebassets.endpoints.json&apos;" date="2025-11-19T11:15:09.610" /><!-- duration: 16ms -->
          <step title="Copying file: &apos;MH.Application.deps.json&apos;" date="2025-11-19T11:15:09.625" /><!-- duration: 16ms -->
          <step title="Copying file: &apos;MH.Application.dll&apos;" date="2025-11-19T11:15:09.641" /><!-- duration: 16ms -->
          <step title="Copying file: &apos;MH.Application.pdb&apos;" date="2025-11-19T11:15:09.657" /><!-- duration: 0ms -->
          <step title="Copying file: &apos;MH.Domain.deps.json&apos;" date="2025-11-19T11:15:09.672" /><!-- duration: 0ms -->
          <step title="Copying file: &apos;MH.Domain.dll&apos;" date="2025-11-19T11:15:09.688" /><!-- duration: 0ms -->
          <step title="Copying file: &apos;MH.Domain.pdb&apos;" date="2025-11-19T11:15:09.703" /><!-- duration: 0ms -->
          <step title="Copying file: &apos;MH.Infrastructure.deps.json&apos;" date="2025-11-19T11:15:09.719" /><!-- duration: 0ms -->
          <step title="Copying file: &apos;MH.Infrastructure.dll&apos;" date="2025-11-19T11:15:09.735" /><!-- duration: 0ms -->
          <step title="Copying file: &apos;MH.Infrastructure.pdb&apos;" date="2025-11-19T11:15:09.750" /><!-- duration: 0ms -->
          <step title="Copying file: &apos;MH.Infrastructure.runtimeconfig.json&apos;" date="2025-11-19T11:15:09.766" /><!-- duration: 0ms -->
          <step title="Copying file: &apos;Microsoft.ApplicationInsights.dll&apos;" date="2025-11-19T11:15:09.766" /><!-- duration: 16ms -->
          <step title="Copying file: &apos;Microsoft.AspNetCore.Authentication.Facebook.dll&apos;" date="2025-11-19T11:15:09.782" /><!-- duration: 16ms -->
          <step title="Copying file: &apos;Microsoft.AspNetCore.Authentication.JwtBearer.dll&apos;" date="2025-11-19T11:15:09.797" /><!-- duration: 16ms -->
          <step title="Copying file: &apos;Microsoft.AspNetCore.Cryptography.Internal.dll&apos;" date="2025-11-19T11:15:09.813" /><!-- duration: 16ms -->
          <step title="Copying file: &apos;Microsoft.AspNetCore.Cryptography.KeyDerivation.dll&apos;" date="2025-11-19T11:15:09.828" /><!-- duration: 0ms -->
          <step title="Copying file: &apos;Microsoft.AspNetCore.Http.Features.dll&apos;" date="2025-11-19T11:15:09.844" /><!-- duration: 0ms -->
          <step title="Copying file: &apos;Microsoft.AspNetCore.Identity.EntityFrameworkCore.dll&apos;" date="2025-11-19T11:15:09.860" /><!-- duration: 16ms -->
          <step title="Copying file: &apos;Microsoft.Bcl.AsyncInterfaces.dll&apos;" date="2025-11-19T11:15:09.875" /><!-- duration: 0ms -->
          <step title="Copying file: &apos;Microsoft.Data.SqlClient.dll&apos;" date="2025-11-19T11:15:09.891" /><!-- duration: 0ms -->
          <step title="Copying file: &apos;Microsoft.EntityFrameworkCore.Abstractions.dll&apos;" date="2025-11-19T11:15:09.907" /><!-- duration: 0ms -->
          <step title="Copying file: &apos;Microsoft.EntityFrameworkCore.dll&apos;" date="2025-11-19T11:15:09.922" /><!-- duration: 0ms -->
          <step title="Copying file: &apos;Microsoft.EntityFrameworkCore.Relational.dll&apos;" date="2025-11-19T11:15:09.938" /><!-- duration: 0ms -->
          <step title="Copying file: &apos;Microsoft.EntityFrameworkCore.SqlServer.dll&apos;" date="2025-11-19T11:15:09.953" /><!-- duration: 0ms -->
          <step title="Copying file: &apos;Microsoft.Extensions.Caching.Abstractions.dll&apos;" date="2025-11-19T11:15:09.969" /><!-- duration: 0ms -->
          <step title="Omitting next output lines..." date="2025-11-19T11:15:09.985" /><!-- duration: 0ms -->
          <step title="Finished successfully." date="2025-11-19T11:15:12.876" /><!-- duration: 0ms -->
        </step><!-- duration: 4219ms -->
        <step title="Build completed succesfully." date="2025-11-19T11:15:12.923" /><!-- duration: 16ms -->
        <step title="Running post deployment command(s)..." date="2025-11-19T11:15:12.969" /><!-- duration: 16ms -->
        <step title="Requesting site restart" date="2025-11-19T11:15:13.032" /><!-- duration: 16ms -->
        <step title="Requesting site restart" date="2025-11-19T11:15:13.048" /><!-- duration: 0ms -->
        <step title="Requesting site restart. Attempt #1" date="2025-11-19T11:15:13.094" /><!-- duration: 16ms -->
        <step title="Requesting site restart. Attempt #1" date="2025-11-19T11:15:13.110" /><!-- duration: 0ms -->
        <step title="Successfully requested a restart. Attempt #1" date="2025-11-19T11:15:13.454" /><!-- duration: 0ms -->
        <step title="Successfully requested a restart. Attempt #1" date="2025-11-19T11:15:13.454" /><!-- duration: 16ms -->
        <step title="Deployment successful. DEPLOYMENTINFO: deploymentPath = OneDeploy, deployer = OneDeploy, os = windows, sku = Free, siteName = NgCanduAPI, siteHostName = ngcanduapi.azurewebsites.net, deploymentStatus = Success" date="2025-11-19T11:15:13.516" /><!-- duration: 0ms -->
        <step title="Purge deployment items" date="2025-11-19T11:15:13.594" >
          <step title="Remove bf5b4bbc6, Success, received at 11/18/2025 7:50:44 AM" date="2025-11-19T11:15:13.657" /><!-- duration: 0ms -->
        </step><!-- duration: 62ms -->
      </step><!-- duration: 5422ms -->
    </step><!-- duration: 5672ms -->
    <step title="Cleaning up temp files" date="2025-11-19T11:15:13.704" /><!-- duration: 0ms -->
    <step title="Skip function trigger and logicapp sync because function is not enabled." date="2025-11-19T11:15:13.719" /><!-- duration: 0ms -->
  </step><!-- duration: 6907ms -->
  <step title="LockFile &apos;C:\home\site\locks\deployments.lock&apos; released" date="2025-11-19T11:15:13.751" /><!-- duration: 0ms -->
  <step title="Deleting shutdown sentinel file" date="2025-11-19T11:15:13.751" SemaphoreCount="8" /><!-- duration: 16ms -->
</step><!-- duration: 7016ms -->
