<step title="Incoming Request" date="2025-11-20T14:17:23.164" instance="92ca53" url="/api/zipdeploy?isAsync=true" method="POST" type="request" pid="8028,2,144" Cache-Control="no-cache" Content-Length="23588137" Content-Type="application/octet-stream" Accept="*/*" Accept-Encoding="gzip, deflate" Authorization="Bas..." Host="ngcanduapi.scm.azurewebsites.net" User-Agent="AZURECLI/2.75.0 (MSI)" x-ms-client-request-id="9d072f2a-c61b-11f0-871c-c025a5cfe792" X-ARR-LOG-ID="9d072f2a-c61b-11f0-871c-c025a5cfe792" CLIENT-IP="197.234.156.224:57656" X-SITE-DEPLOYMENT-ID="NgCanduAPI" WAS-DEFAULT-HOSTNAME="ngcanduapi.scm.azurewebsites.net" X-Forwarded-Proto="https" X-AppService-Proto="https" X-Forwarded-TlsVersion="1.3" X-WAWS-Unencoded-URL="/api/zipdeploy?isAsync=true" >
  <step title="Cleanup Xml Logs" date="2025-11-20T14:17:23.180" /><!-- duration: 0ms -->
  <step title="ZipPushDeploy" date="2025-11-20T14:17:23.617" >
    <step title="ZipDeploy. Extract zip. " date="2025-11-20T14:17:23.617" /><!-- duration: 16ms -->
    <step title="Starting PushDeployAsync" date="2025-11-20T14:17:23.633" /><!-- duration: 0ms -->
    <step title="Updating shutdown sentinel last write time" date="2025-11-20T14:17:23.648" SemaphoreCount="7" /><!-- duration: 0ms -->
    <step title="LockFile &apos;C:\home\site\locks\deployments.lock&apos; acquired" date="2025-11-20T14:17:23.664" /><!-- duration: 16ms -->
    <step title="Saving request content to C:\local\Temp\zipdeploy\c3i34l4q.zip" date="2025-11-20T14:17:23.680" >
      <step title="Total 23,588,137 bytes written to C:\local\Temp\zipdeploy\c3i34l4q.zip" date="2025-11-20T14:17:26.430" /><!-- duration: 0ms -->
    </step><!-- duration: 2766ms -->
    <step title="LockFile &apos;C:\home\site\locks\deployments.lock&apos; released" date="2025-11-20T14:17:26.445" /><!-- duration: 0ms -->
    <step title="Deleting shutdown sentinel file" date="2025-11-20T14:17:26.461" SemaphoreCount="8" /><!-- duration: 0ms -->
    <step title="Starting FetchDeploy" date="2025-11-20T14:17:26.476" /><!-- duration: 0ms -->
    <step title="Start deployment in the background" date="2025-11-20T14:17:26.476" /><!-- duration: 63ms -->
  </step><!-- duration: 2938ms -->
  <step title="Outgoing response" date="2025-11-20T14:17:26.555" type="response" statusCode="202" statusText="Accepted" Server="Microsoft-IIS/10.0" x-ms-request-id="9d072f2a-c61b-11f0-871c-c025a5cfe792" Retry-After="30" Cache-Control="private" X-AspNet-Version="4.0.30319" Location="https://ngcanduapi.scm.azurewebsites.net/api/deployments/latest?deployer=ZipDeploy&amp;time=2025-11-20_14-17-26Z" /><!-- duration: 0ms -->
</step><!-- duration: 3406ms -->
