<step title="BackgroundTrace" date="2025-11-18T12:51:21.630" instance="92ca53" url="/api/publish" method="POST" >
  <step title="Updating shutdown sentinel last write time" date="2025-11-18T12:51:21.646" SemaphoreCount="7" /><!-- duration: 0ms -->
  <step title="LockFile &apos;C:\home\site\locks\deployments.lock&apos; acquired" date="2025-11-18T12:51:21.646" /><!-- duration: 16ms -->
  <step title="Creating temporary deployment" date="2025-11-18T12:51:21.661" /><!-- duration: 31ms -->
  <step title="Performing fetch based deployment" date="2025-11-18T12:51:21.693" >
    <step title="Fetching changes." date="2025-11-18T12:51:21.771" /><!-- duration: 16ms -->
    <step title="Starting LocalZipHandler" date="2025-11-18T12:51:21.786" /><!-- duration: 0ms -->
    <step title="Cleaning up temp folders from previous zip deployments and extracting pushed zip file C:\local\Temp\zipdeploy\rdk1htzs.zip (25.26 MB) to C:\local\Temp\zipdeploy\extracted" date="2025-11-18T12:51:21.818" /><!-- duration: 0ms -->
    <step title="Cleaning up temp folders from previous zip deployments and extracting pushed zip file C:\local\Temp\zipdeploy\rdk1htzs.zip (25.26 MB) to C:\local\Temp\zipdeploy\extracted" date="2025-11-18T12:51:21.833" >
      <step title="Renaming extractTargetDirectory(C:\local\Temp\zipdeploy\extracted) to tempDirectory(C:\local\Temp\zipdeploy\f3nyj3wt.f5q)" date="2025-11-18T12:51:21.833" /><!-- duration: 0ms -->
      <step title="Extracting 295 entries to C:\local\Temp\zipdeploy\extracted directory" date="2025-11-18T12:51:21.849" >
        <step title="Extracting to C:\local\Temp\zipdeploy\extracted\appsettings.Development.json ..." date="2025-11-18T12:51:21.849" /><!-- duration: 16ms -->
        <step title="Extracting to C:\local\Temp\zipdeploy\extracted\appsettings.json ..." date="2025-11-18T12:51:21.864" /><!-- duration: 0ms -->
        <step title="Extracting to C:\local\Temp\zipdeploy\extracted\AutoMapper.dll ..." date="2025-11-18T12:51:21.880" /><!-- duration: 0ms -->
        <step title="Extracting to C:\local\Temp\zipdeploy\extracted\AutoMapper.Extensions.Microsoft.DependencyInjection.dll ..." date="2025-11-18T12:51:21.896" /><!-- duration: 0ms -->
        <step title="Extracting to C:\local\Temp\zipdeploy\extracted\Azure.Core.dll ..." date="2025-11-18T12:51:21.896" /><!-- duration: 16ms -->
        <step title="Omitting extracting file traces ..." date="2025-11-18T12:51:21.911" /><!-- duration: 16ms -->
      </step><!-- duration: 953ms -->
    </step><!-- duration: 984ms -->
    <step title="Before sending BuildRequestReceived status to /api/updatedeploystatus" date="2025-11-18T12:51:22.818" /><!-- duration: 0ms -->
    <step title="DeploymentManager.Deploy(id:420e88d8e4cf4b22bbbd1317364eba69)" date="2025-11-18T12:51:22.833" >
      <step title="Collecting changeset information" date="2025-11-18T12:51:22.833" /><!-- duration: 47ms -->
      <step title="Updating submodules" date="2025-11-18T12:51:22.880" >
        <step title="Updating submodules." date="2025-11-18T12:51:22.927" /><!-- duration: 0ms -->
      </step><!-- duration: 63ms -->
      <step title="Preparing deployment for commit id &apos;420e88d8e4&apos;." date="2025-11-18T12:51:22.974" /><!-- duration: 16ms -->
      <step title="Determining deployment builder" date="2025-11-18T12:51:23.021" >
        <step title="Builder is OneDeployBuilder" date="2025-11-18T12:51:23.021" /><!-- duration: 16ms -->
      </step><!-- duration: 16ms -->
      <step title="Copying SSH keys" date="2025-11-18T12:51:23.052" /><!-- duration: 78ms -->
      <step title="Building" date="2025-11-18T12:51:23.130" >
        <step title="Running build. Project type: OneDeploy" date="2025-11-18T12:51:23.177" /><!-- duration: 0ms -->
        <step title="Copying the manifest" date="2025-11-18T12:51:23.224" /><!-- duration: 16ms -->
        <step title="Clean deploying to C:\home\site\wwwroot" date="2025-11-18T12:51:23.286" /><!-- duration: 0ms -->
        <step title="Generating deployment script." date="2025-11-18T12:51:23.333" /><!-- duration: 0ms -->
        <step title="Generating deployment script" date="2025-11-18T12:51:23.349" >
          <step title="Using cached version of the deployment script for command: -y --no-dot-deployment -r &quot;C:\local\Temp\zipdeploy\extracted&quot; -o &quot;C:\home\site\deployments\tools&quot; --basic --sitePath &quot;C:\local\Temp\zipdeploy\extracted&quot;" date="2025-11-18T12:51:23.380" /><!-- duration: 0ms -->
          <step title="Using cached version of deployment script (command: &apos;azure -y --no-dot-deployment -r &quot;C:\local\Temp\zipdeploy\extracted&quot; -o &quot;C:\home\site\deployments\tools&quot; --basic --sitePath &quot;C:\local\Temp\zipdeploy\extracted&quot;&apos;)." date="2025-11-18T12:51:23.396" /><!-- duration: 0ms -->
        </step><!-- duration: 62ms -->
        <step title="Running deployment command..." date="2025-11-18T12:51:23.443" /><!-- duration: 0ms -->
        <step title="Command: &quot;C:\home\site\deployments\tools\deploy.cmd&quot;" date="2025-11-18T12:51:23.474" /><!-- duration: 0ms -->
        <step title="Executing external process" date="2025-11-18T12:51:23.474" type="process" path="starter.cmd" arguments="&quot;C:\home\site\deployments\tools\deploy.cmd&quot;" >
          <step title="Handling Basic Web Site deployment." date="2025-11-18T12:51:23.599" /><!-- duration: 0ms -->
          <step title="Creating app_offline.htm" date="2025-11-18T12:51:23.739" /><!-- duration: 16ms -->
          <step title="KuduSync.NET from: &apos;C:\local\Temp\zipdeploy\extracted&apos; to: &apos;C:\home\site\wwwroot&apos;" date="2025-11-18T12:51:23.755" /><!-- duration: 16ms -->
          <step title="Deleting file: &apos;publish\appsettings.Development.json&apos;" date="2025-11-18T12:51:23.771" /><!-- duration: 0ms -->
          <step title="Deleting file: &apos;publish\appsettings.json&apos;" date="2025-11-18T12:51:23.786" /><!-- duration: 16ms -->
          <step title="Deleting file: &apos;publish\MH.Api.deps.json&apos;" date="2025-11-18T12:51:23.802" /><!-- duration: 0ms -->
          <step title="Deleting file: &apos;publish\MH.Api.runtimeconfig.json&apos;" date="2025-11-18T12:51:23.818" /><!-- duration: 0ms -->
          <step title="Deleting file: &apos;publish\MH.Api.staticwebassets.endpoints.json&apos;" date="2025-11-18T12:51:23.833" /><!-- duration: 0ms -->
          <step title="Deleting file: &apos;publish\web.config&apos;" date="2025-11-18T12:51:23.849" /><!-- duration: 0ms -->
          <step title="Deleting file: &apos;publish\publish\appsettings.Development.json&apos;" date="2025-11-18T12:51:23.864" /><!-- duration: 0ms -->
          <step title="Deleting file: &apos;publish\publish\appsettings.json&apos;" date="2025-11-18T12:51:23.880" /><!-- duration: 0ms -->
          <step title="Deleting file: &apos;publish\publish\MH.Api.deps.json&apos;" date="2025-11-18T12:51:23.896" /><!-- duration: 0ms -->
          <step title="Deleting file: &apos;publish\publish\MH.Api.runtimeconfig.json&apos;" date="2025-11-18T12:51:23.911" /><!-- duration: 0ms -->
          <step title="Deleting file: &apos;publish\publish\MH.Api.staticwebassets.endpoints.json&apos;" date="2025-11-18T12:51:23.927" /><!-- duration: 0ms -->
          <step title="Deleting file: &apos;publish\publish\web.config&apos;" date="2025-11-18T12:51:23.943" /><!-- duration: 0ms -->
          <step title="Deleting file: &apos;publish\publish\publish\appsettings.Development.json&apos;" date="2025-11-18T12:51:23.943" /><!-- duration: 16ms -->
          <step title="Deleting file: &apos;publish\publish\publish\appsettings.json&apos;" date="2025-11-18T12:51:23.958" /><!-- duration: 16ms -->
          <step title="Deleting file: &apos;publish\publish\publish\MH.Api.deps.json&apos;" date="2025-11-18T12:51:23.974" /><!-- duration: 16ms -->
          <step title="Deleting file: &apos;publish\publish\publish\MH.Api.runtimeconfig.json&apos;" date="2025-11-18T12:51:23.989" /><!-- duration: 0ms -->
          <step title="Deleting file: &apos;publish\publish\publish\MH.Api.staticwebassets.endpoints.json&apos;" date="2025-11-18T12:51:24.005" /><!-- duration: 0ms -->
          <step title="Deleting file: &apos;publish\publish\publish\web.config&apos;" date="2025-11-18T12:51:24.021" /><!-- duration: 0ms -->
          <step title="Deleting file: &apos;publish\publish\publish\publish\appsettings.Development.json&apos;" date="2025-11-18T12:51:24.036" /><!-- duration: 0ms -->
          <step title="Deleting file: &apos;publish\publish\publish\publish\appsettings.json&apos;" date="2025-11-18T12:51:24.052" /><!-- duration: 0ms -->
          <step title="Deleting file: &apos;publish\publish\publish\publish\MH.Api.deps.json&apos;" date="2025-11-18T12:51:24.068" /><!-- duration: 0ms -->
          <step title="Deleting file: &apos;publish\publish\publish\publish\MH.Api.runtimeconfig.json&apos;" date="2025-11-18T12:51:24.083" /><!-- duration: 0ms -->
          <step title="Deleting file: &apos;publish\publish\publish\publish\MH.Api.staticwebassets.endpoints.json&apos;" date="2025-11-18T12:51:24.099" /><!-- duration: 0ms -->
          <step title="Deleting file: &apos;publish\publish\publish\publish\web.config&apos;" date="2025-11-18T12:51:24.099" /><!-- duration: 16ms -->
          <step title="Deleting file: &apos;publish\publish\publish\publish\publish\appsettings.Development.json&apos;" date="2025-11-18T12:51:24.114" /><!-- duration: 16ms -->
          <step title="Deleting file: &apos;publish\publish\publish\publish\publish\appsettings.json&apos;" date="2025-11-18T12:51:24.146" /><!-- duration: 0ms -->
          <step title="Deleting file: &apos;publish\publish\publish\publish\publish\MH.Api.deps.json&apos;" date="2025-11-18T12:51:24.161" /><!-- duration: 0ms -->
          <step title="Deleting file: &apos;publish\publish\publish\publish\publish\MH.Api.runtimeconfig.json&apos;" date="2025-11-18T12:51:24.177" /><!-- duration: 0ms -->
          <step title="Deleting file: &apos;publish\publish\publish\publish\publish\MH.Api.staticwebassets.endpoints.json&apos;" date="2025-11-18T12:51:24.193" /><!-- duration: 0ms -->
          <step title="Deleting file: &apos;publish\publish\publish\publish\publish\web.config&apos;" date="2025-11-18T12:51:24.208" /><!-- duration: 0ms -->
          <step title="Deleting file: &apos;publish\publish\publish\publish\publish\publish\appsettings.Development.json&apos;" date="2025-11-18T12:51:24.224" /><!-- duration: 0ms -->
          <step title="Deleting file: &apos;publish\publish\publish\publish\publish\publish\appsettings.json&apos;" date="2025-11-18T12:51:24.239" /><!-- duration: 0ms -->
          <step title="Deleting file: &apos;publish\publish\publish\publish\publish\publish\MH.Api.deps.json&apos;" date="2025-11-18T12:51:24.255" /><!-- duration: 0ms -->
          <step title="Deleting file: &apos;publish\publish\publish\publish\publish\publish\MH.Api.runtimeconfig.json&apos;" date="2025-11-18T12:51:24.255" /><!-- duration: 16ms -->
          <step title="Deleting file: &apos;publish\publish\publish\publish\publish\publish\MH.Api.staticwebassets.endpoints.json&apos;" date="2025-11-18T12:51:24.271" /><!-- duration: 16ms -->
          <step title="Deleting file: &apos;publish\publish\publish\publish\publish\publish\web.config&apos;" date="2025-11-18T12:51:24.286" /><!-- duration: 16ms -->
          <step title="Deleting file: &apos;publish\publish\publish\publish\publish\publish\publish\appsettings.Development.json&apos;" date="2025-11-18T12:51:24.302" /><!-- duration: 16ms -->
          <step title="Deleting file: &apos;publish\publish\publish\publish\publish\publish\publish\appsettings.json&apos;" date="2025-11-18T12:51:24.318" /><!-- duration: 16ms -->
          <step title="Deleting file: &apos;publish\publish\publish\publish\publish\publish\publish\MH.Api.deps.json&apos;" date="2025-11-18T12:51:24.349" /><!-- duration: 16ms -->
          <step title="Deleting file: &apos;publish\publish\publish\publish\publish\publish\publish\MH.Api.runtimeconfig.json&apos;" date="2025-11-18T12:51:24.364" /><!-- duration: 16ms -->
          <step title="Deleting file: &apos;publish\publish\publish\publish\publish\publish\publish\MH.Api.staticwebassets.endpoints.json&apos;" date="2025-11-18T12:51:24.380" /><!-- duration: 16ms -->
          <step title="Deleting file: &apos;publish\publish\publish\publish\publish\publish\publish\web.config&apos;" date="2025-11-18T12:51:24.396" /><!-- duration: 0ms -->
          <step title="Deleting file: &apos;publish\publish\publish\publish\publish\publish\publish\publish\appsettings.Development.json&apos;" date="2025-11-18T12:51:24.411" /><!-- duration: 0ms -->
          <step title="Deleting file: &apos;publish\publish\publish\publish\publish\publish\publish\publish\appsettings.json&apos;" date="2025-11-18T12:51:24.427" /><!-- duration: 16ms -->
          <step title="Deleting file: &apos;publish\publish\publish\publish\publish\publish\publish\publish\MH.Api.deps.json&apos;" date="2025-11-18T12:51:24.458" /><!-- duration: 16ms -->
          <step title="Deleting file: &apos;publish\publish\publish\publish\publish\publish\publish\publish\MH.Api.runtimeconfig.json&apos;" date="2025-11-18T12:51:24.474" /><!-- duration: 16ms -->
          <step title="Deleting file: &apos;publish\publish\publish\publish\publish\publish\publish\publish\MH.Api.staticwebassets.endpoints.json&apos;" date="2025-11-18T12:51:24.489" /><!-- duration: 16ms -->
          <step title="Deleting file: &apos;publish\publish\publish\publish\publish\publish\publish\publish\web.config&apos;" date="2025-11-18T12:51:24.505" /><!-- duration: 16ms -->
          <step title="Omitting next output lines..." date="2025-11-18T12:51:24.521" /><!-- duration: 0ms -->
          <step title="Finished successfully." date="2025-11-18T12:51:28.115" /><!-- duration: 0ms -->
        </step><!-- duration: 4641ms -->
        <step title="Build completed succesfully." date="2025-11-18T12:51:28.162" /><!-- duration: 0ms -->
        <step title="Running post deployment command(s)..." date="2025-11-18T12:51:28.209" /><!-- duration: 16ms -->
        <step title="Requesting site restart" date="2025-11-18T12:51:28.271" /><!-- duration: 0ms -->
        <step title="Requesting site restart" date="2025-11-18T12:51:28.271" /><!-- duration: 16ms -->
        <step title="Requesting site restart. Attempt #1" date="2025-11-18T12:51:28.334" /><!-- duration: 0ms -->
        <step title="Requesting site restart. Attempt #1" date="2025-11-18T12:51:28.334" /><!-- duration: 16ms -->
        <step title="Successfully requested a restart. Attempt #1" date="2025-11-18T12:51:28.490" /><!-- duration: 0ms -->
        <step title="Successfully requested a restart. Attempt #1" date="2025-11-18T12:51:28.506" /><!-- duration: 0ms -->
        <step title="Deployment successful. DEPLOYMENTINFO: deploymentPath = OneDeploy, deployer = OneDeploy, os = windows, sku = Free, siteName = NgCanduAPI, siteHostName = ngcanduapi.azurewebsites.net, deploymentStatus = Success" date="2025-11-18T12:51:28.568" /><!-- duration: 0ms -->
        <step title="Purge deployment items" date="2025-11-18T12:51:28.646" >
          <step title="Remove 56ad55821, Success, received at 11/18/2025 7:18:38 AM" date="2025-11-18T12:51:28.709" /><!-- duration: 16ms -->
        </step><!-- duration: 78ms -->
      </step><!-- duration: 5610ms -->
    </step><!-- duration: 5922ms -->
    <step title="Cleaning up temp files" date="2025-11-18T12:51:28.756" /><!-- duration: 0ms -->
    <step title="Skip function trigger and logicapp sync because function is not enabled." date="2025-11-18T12:51:28.771" /><!-- duration: 0ms -->
  </step><!-- duration: 7094ms -->
  <step title="LockFile &apos;C:\home\site\locks\deployments.lock&apos; released" date="2025-11-18T12:51:28.802" /><!-- duration: 0ms -->
  <step title="Deleting shutdown sentinel file" date="2025-11-18T12:51:28.818" SemaphoreCount="8" /><!-- duration: 0ms -->
</step><!-- duration: 7188ms -->
