<step title="Incoming Request" date="2025-11-20T12:26:06.648" instance="92ca53" url="/api/zipdeploy?isAsync=true" method="POST" type="request" pid="1656,2,15" Cache-Control="no-cache" Content-Length="23565787" Content-Type="application/octet-stream" Accept="*/*" Accept-Encoding="gzip, deflate" Authorization="Bas..." Host="ngcanduapi.scm.azurewebsites.net" User-Agent="AZURECLI/2.75.0 (MSI)" x-ms-client-request-id="1257cef3-c60c-11f0-8b56-c025a5cfe792" X-ARR-LOG-ID="1257cef3-c60c-11f0-8b56-c025a5cfe792" CLIENT-IP="197.234.156.224:56942" X-SITE-DEPLOYMENT-ID="NgCanduAPI" WAS-DEFAULT-HOSTNAME="ngcanduapi.scm.azurewebsites.net" X-Forwarded-Proto="https" X-AppService-Proto="https" X-Forwarded-TlsVersion="1.3" X-WAWS-Unencoded-URL="/api/zipdeploy?isAsync=true" >
  <step title="Cleanup Xml Logs" date="2025-11-20T12:26:06.664" /><!-- duration: 0ms -->
  <step title="ZipPushDeploy" date="2025-11-20T12:26:07.101" >
    <step title="ZipDeploy. Extract zip. " date="2025-11-20T12:26:07.101" /><!-- duration: 0ms -->
    <step title="Starting PushDeployAsync" date="2025-11-20T12:26:07.117" /><!-- duration: 0ms -->
    <step title="Updating shutdown sentinel last write time" date="2025-11-20T12:26:07.132" SemaphoreCount="7" /><!-- duration: 0ms -->
    <step title="LockFile &apos;C:\home\site\locks\deployments.lock&apos; acquired" date="2025-11-20T12:26:07.148" /><!-- duration: 0ms -->
    <step title="Saving request content to C:\local\Temp\zipdeploy\ynjz5bcl.zip" date="2025-11-20T12:26:07.164" >
      <step title="Total 23,565,787 bytes written to C:\local\Temp\zipdeploy\ynjz5bcl.zip" date="2025-11-20T12:26:12.679" /><!-- duration: 16ms -->
    </step><!-- duration: 5531ms -->
    <step title="LockFile &apos;C:\home\site\locks\deployments.lock&apos; released" date="2025-11-20T12:26:12.711" /><!-- duration: 0ms -->
    <step title="Deleting shutdown sentinel file" date="2025-11-20T12:26:12.711" SemaphoreCount="8" /><!-- duration: 16ms -->
    <step title="Starting FetchDeploy" date="2025-11-20T12:26:12.726" /><!-- duration: 0ms -->
    <step title="Start deployment in the background" date="2025-11-20T12:26:12.742" /><!-- duration: 63ms -->
  </step><!-- duration: 5703ms -->
  <step title="Outgoing response" date="2025-11-20T12:26:12.820" type="response" statusCode="202" statusText="Accepted" Server="Microsoft-IIS/10.0" x-ms-request-id="1257cef3-c60c-11f0-8b56-c025a5cfe792" Retry-After="30" Cache-Control="private" X-AspNet-Version="4.0.30319" Location="https://ngcanduapi.scm.azurewebsites.net/api/deployments/latest?deployer=ZipDeploy&amp;time=2025-11-20_12-26-12Z" /><!-- duration: 0ms -->
</step><!-- duration: 6172ms -->
