<step title="BackgroundTrace" date="2025-11-18T08:37:25.681" instance="92ca53" url="/api/publish" method="POST" >
  <step title="Updating shutdown sentinel last write time" date="2025-11-18T08:37:25.697" SemaphoreCount="7" /><!-- duration: 0ms -->
  <step title="LockFile &apos;C:\home\site\locks\deployments.lock&apos; acquired" date="2025-11-18T08:37:25.697" /><!-- duration: 16ms -->
  <step title="Creating temporary deployment" date="2025-11-18T08:37:25.713" /><!-- duration: 31ms -->
  <step title="Performing fetch based deployment" date="2025-11-18T08:37:25.744" >
    <step title="Fetching changes." date="2025-11-18T08:37:25.806" /><!-- duration: 16ms -->
    <step title="Starting LocalZipHandler" date="2025-11-18T08:37:25.822" /><!-- duration: 0ms -->
    <step title="Cleaning up temp folders from previous zip deployments and extracting pushed zip file C:\local\Temp\zipdeploy\uua2mqao.zip (25.26 MB) to C:\local\Temp\zipdeploy\extracted" date="2025-11-18T08:37:25.853" /><!-- duration: 0ms -->
    <step title="Cleaning up temp folders from previous zip deployments and extracting pushed zip file C:\local\Temp\zipdeploy\uua2mqao.zip (25.26 MB) to C:\local\Temp\zipdeploy\extracted" date="2025-11-18T08:37:25.869" >
      <step title="Renaming extractTargetDirectory(C:\local\Temp\zipdeploy\extracted) to tempDirectory(C:\local\Temp\zipdeploy\jsmoe5zs.zf1)" date="2025-11-18T08:37:25.869" /><!-- duration: 0ms -->
      <step title="Extracting 295 entries to C:\local\Temp\zipdeploy\extracted directory" date="2025-11-18T08:37:25.884" >
        <step title="Extracting to C:\local\Temp\zipdeploy\extracted\appsettings.Development.json ..." date="2025-11-18T08:37:25.884" /><!-- duration: 16ms -->
        <step title="Extracting to C:\local\Temp\zipdeploy\extracted\appsettings.json ..." date="2025-11-18T08:37:25.900" /><!-- duration: 0ms -->
        <step title="Extracting to C:\local\Temp\zipdeploy\extracted\AutoMapper.dll ..." date="2025-11-18T08:37:25.916" /><!-- duration: 0ms -->
        <step title="Extracting to C:\local\Temp\zipdeploy\extracted\AutoMapper.Extensions.Microsoft.DependencyInjection.dll ..." date="2025-11-18T08:37:25.916" /><!-- duration: 16ms -->
        <step title="Extracting to C:\local\Temp\zipdeploy\extracted\Azure.Core.dll ..." date="2025-11-18T08:37:25.931" /><!-- duration: 16ms -->
        <step title="Omitting extracting file traces ..." date="2025-11-18T08:37:25.947" /><!-- duration: 16ms -->
      </step><!-- duration: 969ms -->
    </step><!-- duration: 984ms -->
    <step title="Before sending BuildRequestReceived status to /api/updatedeploystatus" date="2025-11-18T08:37:26.853" /><!-- duration: 16ms -->
    <step title="DeploymentManager.Deploy(id:260d06939b6d4e37877ded735e58fd8e)" date="2025-11-18T08:37:26.869" >
      <step title="Collecting changeset information" date="2025-11-18T08:37:26.869" /><!-- duration: 47ms -->
      <step title="Updating submodules" date="2025-11-18T08:37:26.916" >
        <step title="Updating submodules." date="2025-11-18T08:37:26.978" /><!-- duration: 0ms -->
      </step><!-- duration: 78ms -->
      <step title="Preparing deployment for commit id &apos;260d06939b&apos;." date="2025-11-18T08:37:27.056" /><!-- duration: 16ms -->
      <step title="Determining deployment builder" date="2025-11-18T08:37:27.103" >
        <step title="Builder is OneDeployBuilder" date="2025-11-18T08:37:27.119" /><!-- duration: 0ms -->
      </step><!-- duration: 31ms -->
      <step title="Copying SSH keys" date="2025-11-18T08:37:27.150" /><!-- duration: 0ms -->
      <step title="Building" date="2025-11-18T08:37:27.166" >
        <step title="Running build. Project type: OneDeploy" date="2025-11-18T08:37:27.197" /><!-- duration: 16ms -->
        <step title="Copying the manifest" date="2025-11-18T08:37:27.259" /><!-- duration: 16ms -->
        <step title="Clean deploying to C:\home\site\wwwroot" date="2025-11-18T08:37:27.322" /><!-- duration: 0ms -->
        <step title="Generating deployment script." date="2025-11-18T08:37:27.369" /><!-- duration: 16ms -->
        <step title="Generating deployment script" date="2025-11-18T08:37:27.384" >
          <step title="Using cached version of the deployment script for command: -y --no-dot-deployment -r &quot;C:\local\Temp\zipdeploy\extracted&quot; -o &quot;C:\home\site\deployments\tools&quot; --basic --sitePath &quot;C:\local\Temp\zipdeploy\extracted&quot;" date="2025-11-18T08:37:27.400" /><!-- duration: 0ms -->
          <step title="Using cached version of deployment script (command: &apos;azure -y --no-dot-deployment -r &quot;C:\local\Temp\zipdeploy\extracted&quot; -o &quot;C:\home\site\deployments\tools&quot; --basic --sitePath &quot;C:\local\Temp\zipdeploy\extracted&quot;&apos;)." date="2025-11-18T08:37:27.416" /><!-- duration: 16ms -->
        </step><!-- duration: 47ms -->
        <step title="Running deployment command..." date="2025-11-18T08:37:27.494" /><!-- duration: 16ms -->
        <step title="Command: &quot;C:\home\site\deployments\tools\deploy.cmd&quot;" date="2025-11-18T08:37:27.509" /><!-- duration: 16ms -->
        <step title="Executing external process" date="2025-11-18T08:37:27.525" type="process" path="starter.cmd" arguments="&quot;C:\home\site\deployments\tools\deploy.cmd&quot;" >
          <step title="Handling Basic Web Site deployment." date="2025-11-18T08:37:27.635" /><!-- duration: 16ms -->
          <step title="Creating app_offline.htm" date="2025-11-18T08:37:27.806" /><!-- duration: 0ms -->
          <step title="KuduSync.NET from: &apos;C:\local\Temp\zipdeploy\extracted&apos; to: &apos;C:\home\site\wwwroot&apos;" date="2025-11-18T08:37:27.822" /><!-- duration: 0ms -->
          <step title="Deleting file: &apos;publish\appsettings.Development.json&apos;" date="2025-11-18T08:37:27.838" /><!-- duration: 0ms -->
          <step title="Deleting file: &apos;publish\appsettings.json&apos;" date="2025-11-18T08:37:27.853" /><!-- duration: 0ms -->
          <step title="Deleting file: &apos;publish\MH.Api.deps.json&apos;" date="2025-11-18T08:37:27.869" /><!-- duration: 0ms -->
          <step title="Deleting file: &apos;publish\MH.Api.runtimeconfig.json&apos;" date="2025-11-18T08:37:27.869" /><!-- duration: 16ms -->
          <step title="Deleting file: &apos;publish\MH.Api.staticwebassets.endpoints.json&apos;" date="2025-11-18T08:37:27.884" /><!-- duration: 16ms -->
          <step title="Deleting file: &apos;publish\web.config&apos;" date="2025-11-18T08:37:27.900" /><!-- duration: 16ms -->
          <step title="Deleting file: &apos;publish\publish\appsettings.Development.json&apos;" date="2025-11-18T08:37:27.916" /><!-- duration: 16ms -->
          <step title="Deleting file: &apos;publish\publish\appsettings.json&apos;" date="2025-11-18T08:37:27.931" /><!-- duration: 0ms -->
          <step title="Deleting file: &apos;publish\publish\MH.Api.deps.json&apos;" date="2025-11-18T08:37:27.947" /><!-- duration: 0ms -->
          <step title="Deleting file: &apos;publish\publish\MH.Api.runtimeconfig.json&apos;" date="2025-11-18T08:37:27.963" /><!-- duration: 0ms -->
          <step title="Deleting file: &apos;publish\publish\MH.Api.staticwebassets.endpoints.json&apos;" date="2025-11-18T08:37:27.978" /><!-- duration: 0ms -->
          <step title="Deleting file: &apos;publish\publish\web.config&apos;" date="2025-11-18T08:37:27.994" /><!-- duration: 0ms -->
          <step title="Deleting file: &apos;publish\publish\publish\appsettings.Development.json&apos;" date="2025-11-18T08:37:28.009" /><!-- duration: 0ms -->
          <step title="Deleting file: &apos;publish\publish\publish\appsettings.json&apos;" date="2025-11-18T08:37:28.025" /><!-- duration: 0ms -->
          <step title="Deleting file: &apos;publish\publish\publish\MH.Api.deps.json&apos;" date="2025-11-18T08:37:28.041" /><!-- duration: 0ms -->
          <step title="Deleting file: &apos;publish\publish\publish\MH.Api.runtimeconfig.json&apos;" date="2025-11-18T08:37:28.056" /><!-- duration: 0ms -->
          <step title="Deleting file: &apos;publish\publish\publish\MH.Api.staticwebassets.endpoints.json&apos;" date="2025-11-18T08:37:28.072" /><!-- duration: 16ms -->
          <step title="Deleting file: &apos;publish\publish\publish\web.config&apos;" date="2025-11-18T08:37:28.088" /><!-- duration: 0ms -->
          <step title="Deleting file: &apos;publish\publish\publish\publish\appsettings.Development.json&apos;" date="2025-11-18T08:37:28.103" /><!-- duration: 0ms -->
          <step title="Deleting file: &apos;publish\publish\publish\publish\appsettings.json&apos;" date="2025-11-18T08:37:28.119" /><!-- duration: 0ms -->
          <step title="Deleting file: &apos;publish\publish\publish\publish\MH.Api.deps.json&apos;" date="2025-11-18T08:37:28.134" /><!-- duration: 0ms -->
          <step title="Deleting file: &apos;publish\publish\publish\publish\MH.Api.runtimeconfig.json&apos;" date="2025-11-18T08:37:28.150" /><!-- duration: 0ms -->
          <step title="Deleting file: &apos;publish\publish\publish\publish\MH.Api.staticwebassets.endpoints.json&apos;" date="2025-11-18T08:37:28.166" /><!-- duration: 0ms -->
          <step title="Deleting file: &apos;publish\publish\publish\publish\web.config&apos;" date="2025-11-18T08:37:28.181" /><!-- duration: 0ms -->
          <step title="Deleting file: &apos;publish\publish\publish\publish\publish\appsettings.Development.json&apos;" date="2025-11-18T08:37:28.213" /><!-- duration: 0ms -->
          <step title="Deleting file: &apos;publish\publish\publish\publish\publish\appsettings.json&apos;" date="2025-11-18T08:37:28.228" /><!-- duration: 0ms -->
          <step title="Deleting file: &apos;publish\publish\publish\publish\publish\MH.Api.deps.json&apos;" date="2025-11-18T08:37:28.244" /><!-- duration: 0ms -->
          <step title="Deleting file: &apos;publish\publish\publish\publish\publish\MH.Api.runtimeconfig.json&apos;" date="2025-11-18T08:37:28.259" /><!-- duration: 0ms -->
          <step title="Deleting file: &apos;publish\publish\publish\publish\publish\MH.Api.staticwebassets.endpoints.json&apos;" date="2025-11-18T08:37:28.275" /><!-- duration: 0ms -->
          <step title="Deleting file: &apos;publish\publish\publish\publish\publish\web.config&apos;" date="2025-11-18T08:37:28.291" /><!-- duration: 0ms -->
          <step title="Deleting file: &apos;publish\publish\publish\publish\publish\publish\appsettings.Development.json&apos;" date="2025-11-18T08:37:28.306" /><!-- duration: 0ms -->
          <step title="Deleting file: &apos;publish\publish\publish\publish\publish\publish\appsettings.json&apos;" date="2025-11-18T08:37:28.322" /><!-- duration: 0ms -->
          <step title="Deleting file: &apos;publish\publish\publish\publish\publish\publish\MH.Api.deps.json&apos;" date="2025-11-18T08:37:28.338" /><!-- duration: 0ms -->
          <step title="Deleting file: &apos;publish\publish\publish\publish\publish\publish\MH.Api.runtimeconfig.json&apos;" date="2025-11-18T08:37:28.353" /><!-- duration: 0ms -->
          <step title="Deleting file: &apos;publish\publish\publish\publish\publish\publish\MH.Api.staticwebassets.endpoints.json&apos;" date="2025-11-18T08:37:28.384" /><!-- duration: 0ms -->
          <step title="Deleting file: &apos;publish\publish\publish\publish\publish\publish\web.config&apos;" date="2025-11-18T08:37:28.400" /><!-- duration: 0ms -->
          <step title="Deleting file: &apos;publish\publish\publish\publish\publish\publish\publish\appsettings.Development.json&apos;" date="2025-11-18T08:37:28.400" /><!-- duration: 16ms -->
          <step title="Deleting file: &apos;publish\publish\publish\publish\publish\publish\publish\appsettings.json&apos;" date="2025-11-18T08:37:28.463" /><!-- duration: 0ms -->
          <step title="Deleting file: &apos;publish\publish\publish\publish\publish\publish\publish\MH.Api.deps.json&apos;" date="2025-11-18T08:37:28.478" /><!-- duration: 0ms -->
          <step title="Deleting file: &apos;publish\publish\publish\publish\publish\publish\publish\MH.Api.runtimeconfig.json&apos;" date="2025-11-18T08:37:28.494" /><!-- duration: 0ms -->
          <step title="Deleting file: &apos;publish\publish\publish\publish\publish\publish\publish\MH.Api.staticwebassets.endpoints.json&apos;" date="2025-11-18T08:37:28.509" /><!-- duration: 0ms -->
          <step title="Deleting file: &apos;publish\publish\publish\publish\publish\publish\publish\web.config&apos;" date="2025-11-18T08:37:28.525" /><!-- duration: 0ms -->
          <step title="Deleting file: &apos;publish\publish\publish\publish\publish\publish\publish\publish\appsettings.Development.json&apos;" date="2025-11-18T08:37:28.541" /><!-- duration: 0ms -->
          <step title="Deleting file: &apos;publish\publish\publish\publish\publish\publish\publish\publish\appsettings.json&apos;" date="2025-11-18T08:37:28.556" /><!-- duration: 0ms -->
          <step title="Deleting file: &apos;publish\publish\publish\publish\publish\publish\publish\publish\MH.Api.deps.json&apos;" date="2025-11-18T08:37:28.572" /><!-- duration: 0ms -->
          <step title="Deleting file: &apos;publish\publish\publish\publish\publish\publish\publish\publish\MH.Api.runtimeconfig.json&apos;" date="2025-11-18T08:37:28.572" /><!-- duration: 16ms -->
          <step title="Deleting file: &apos;publish\publish\publish\publish\publish\publish\publish\publish\MH.Api.staticwebassets.endpoints.json&apos;" date="2025-11-18T08:37:28.588" /><!-- duration: 16ms -->
          <step title="Deleting file: &apos;publish\publish\publish\publish\publish\publish\publish\publish\web.config&apos;" date="2025-11-18T08:37:28.603" /><!-- duration: 16ms -->
          <step title="Omitting next output lines..." date="2025-11-18T08:37:28.619" /><!-- duration: 0ms -->
          <step title="Finished successfully." date="2025-11-18T08:37:33.189" /><!-- duration: 0ms -->
        </step><!-- duration: 5664ms -->
        <step title="Build completed succesfully." date="2025-11-18T08:37:33.236" /><!-- duration: 0ms -->
        <step title="Running post deployment command(s)..." date="2025-11-18T08:37:33.298" /><!-- duration: 0ms -->
        <step title="Requesting site restart" date="2025-11-18T08:37:33.345" /><!-- duration: 0ms -->
        <step title="Requesting site restart" date="2025-11-18T08:37:33.345" /><!-- duration: 16ms -->
        <step title="Requesting site restart. Attempt #1" date="2025-11-18T08:37:33.408" /><!-- duration: 0ms -->
        <step title="Requesting site restart. Attempt #1" date="2025-11-18T08:37:33.408" /><!-- duration: 0ms -->
        <step title="Successfully requested a restart. Attempt #1" date="2025-11-18T08:37:33.580" /><!-- duration: 0ms -->
        <step title="Successfully requested a restart. Attempt #1" date="2025-11-18T08:37:33.580" /><!-- duration: 0ms -->
        <step title="Deployment successful. DEPLOYMENTINFO: deploymentPath = OneDeploy, deployer = OneDeploy, os = windows, sku = Free, siteName = NgCanduAPI, siteHostName = ngcanduapi.azurewebsites.net, deploymentStatus = Success" date="2025-11-18T08:37:33.626" /><!-- duration: 0ms -->
        <step title="Purge deployment items" date="2025-11-18T08:37:33.705" >
          <step title="Remove 5d6f1f8b9, Success, received at 11/17/2025 1:17:19 PM" date="2025-11-18T08:37:33.751" /><!-- duration: 0ms -->
        </step><!-- duration: 63ms -->
      </step><!-- duration: 6617ms -->
    </step><!-- duration: 6929ms -->
    <step title="Cleaning up temp files" date="2025-11-18T08:37:33.798" /><!-- duration: 0ms -->
    <step title="Skip function trigger and logicapp sync because function is not enabled." date="2025-11-18T08:37:33.908" /><!-- duration: 0ms -->
  </step><!-- duration: 8179ms -->
  <step title="LockFile &apos;C:\home\site\locks\deployments.lock&apos; released" date="2025-11-18T08:37:33.939" /><!-- duration: 0ms -->
  <step title="Deleting shutdown sentinel file" date="2025-11-18T08:37:33.955" SemaphoreCount="8" /><!-- duration: 0ms -->
</step><!-- duration: 8273ms -->
