<step title="Incoming Request" date="2025-11-20T13:39:21.756" instance="92ca53" url="/api/publish?type=zip" method="POST" type="request" pid="8028,2,8" Cache-Control="no-cache" Content-Length="24326886" Content-Type="application/octet-stream" Accept="*/*" Accept-Encoding="gzip, deflate" Authorization="Bas..." Host="ngcanduapi.scm.azurewebsites.net" User-Agent="AZURECLI/2.75.0 (MSI)" x-ms-client-request-id="4cd6cd9f-c616-11f0-a779-c025a5cfe792" X-ARR-LOG-ID="4cd6cd9f-c616-11f0-a779-c025a5cfe792" CLIENT-IP="197.234.156.224:63741" X-SITE-DEPLOYMENT-ID="NgCanduAPI" WAS-DEFAULT-HOSTNAME="ngcanduapi.scm.azurewebsites.net" X-Forwarded-Proto="https" X-AppService-Proto="https" X-Forwarded-TlsVersion="1.3" X-WAWS-Unencoded-URL="/api/publish?type=zip" >
  <step title="OneDeploy" date="2025-11-20T13:39:21.960" >
    <step title="Starting PushDeployAsync" date="2025-11-20T13:39:21.975" /><!-- duration: 31ms -->
    <step title="Updating shutdown sentinel last write time" date="2025-11-20T13:39:22.022" SemaphoreCount="7" /><!-- duration: 0ms -->
    <step title="LockFile &apos;C:\home\site\locks\deployments.lock&apos; acquired" date="2025-11-20T13:39:22.038" /><!-- duration: 0ms -->
    <step title="Saving request content to C:\local\Temp\zipdeploy\lcjzubjs.zip" date="2025-11-20T13:39:22.038" >
      <step title="Total 24,326,886 bytes written to C:\local\Temp\zipdeploy\lcjzubjs.zip" date="2025-11-20T13:39:23.850" /><!-- duration: 0ms -->
    </step><!-- duration: 1813ms -->
    <step title="LockFile &apos;C:\home\site\locks\deployments.lock&apos; released" date="2025-11-20T13:39:23.866" /><!-- duration: 0ms -->
    <step title="Deleting shutdown sentinel file" date="2025-11-20T13:39:23.881" SemaphoreCount="8" /><!-- duration: 0ms -->
    <step title="Starting FetchDeploy" date="2025-11-20T13:39:23.881" /><!-- duration: 16ms -->
    <step title="Attempting to fetch target branch HEAD" date="2025-11-20T13:39:23.897" /><!-- duration: 0ms -->
    <step title="Updating shutdown sentinel last write time" date="2025-11-20T13:39:23.913" SemaphoreCount="7" /><!-- duration: 0ms -->
    <step title="LockFile &apos;C:\home\site\locks\deployments.lock&apos; acquired" date="2025-11-20T13:39:23.928" /><!-- duration: 0ms -->
    <step title="Performing fetch based deployment" date="2025-11-20T13:39:23.928" >
      <step title="Creating temporary deployment" date="2025-11-20T13:39:23.944" /><!-- duration: 31ms -->
      <step title="Fetching changes." date="2025-11-20T13:39:24.038" /><!-- duration: 0ms -->
      <step title="Starting LocalZipHandler" date="2025-11-20T13:39:24.053" /><!-- duration: 0ms -->
      <step title="Starting LocalZipFetch" date="2025-11-20T13:39:24.053" /><!-- duration: 16ms -->
      <step title="Cleaning up temp folders from previous zip deployments and extracting pushed zip file C:\local\Temp\zipdeploy\lcjzubjs.zip (23.20 MB) to C:\local\Temp\zipdeploy\extracted" date="2025-11-20T13:39:24.069" /><!-- duration: 16ms -->
      <step title="Cleaning up temp folders from previous zip deployments and extracting pushed zip file C:\local\Temp\zipdeploy\lcjzubjs.zip (23.20 MB) to C:\local\Temp\zipdeploy\extracted" date="2025-11-20T13:39:24.085" >
        <step title="Renaming extractTargetDirectory(C:\local\Temp\zipdeploy\extracted) to tempDirectory(C:\local\Temp\zipdeploy\vqugl3t3.ww2)" date="2025-11-20T13:39:24.100" /><!-- duration: 0ms -->
        <step title="Extracting 317 entries to C:\local\Temp\zipdeploy\extracted directory" date="2025-11-20T13:39:24.116" >
          <step title="Extracting to C:\local\Temp\zipdeploy\extracted\ca\Hangfire.Core.resources.dll ..." date="2025-11-20T13:39:24.131" /><!-- duration: 16ms -->
          <step title="Extracting to C:\local\Temp\zipdeploy\extracted\de\Hangfire.Core.resources.dll ..." date="2025-11-20T13:39:24.147" /><!-- duration: 0ms -->
          <step title="Extracting to C:\local\Temp\zipdeploy\extracted\es\Hangfire.Core.resources.dll ..." date="2025-11-20T13:39:24.163" /><!-- duration: 0ms -->
          <step title="Extracting to C:\local\Temp\zipdeploy\extracted\fa\Hangfire.Core.resources.dll ..." date="2025-11-20T13:39:24.163" /><!-- duration: 16ms -->
          <step title="Extracting to C:\local\Temp\zipdeploy\extracted\fr\Hangfire.Core.resources.dll ..." date="2025-11-20T13:39:24.178" /><!-- duration: 0ms -->
          <step title="Omitting extracting file traces ..." date="2025-11-20T13:39:24.194" /><!-- duration: 0ms -->
        </step><!-- duration: 1031ms -->
      </step><!-- duration: 1078ms -->
      <step title="None repository commit" date="2025-11-20T13:39:25.163" >
        <step title="Commit id: dad938ddb07942db9744d59ac10ecedc" date="2025-11-20T13:39:25.163" Message="OneDeploy" AuthorName="N/A" AuthorEmail="N/A" /><!-- duration: 16ms -->
      </step><!-- duration: 16ms -->
      <step title="Before sending BuildRequestReceived status to /api/updatedeploystatus" date="2025-11-20T13:39:25.178" /><!-- duration: 16ms -->
      <step title="DeploymentManager.Deploy(id:dad938ddb07942db9744d59ac10ecedc)" date="2025-11-20T13:39:25.194" >
        <step title="Collecting changeset information" date="2025-11-20T13:39:25.210" /><!-- duration: 47ms -->
        <step title="Updating submodules" date="2025-11-20T13:39:25.256" >
          <step title="Updating submodules." date="2025-11-20T13:39:25.303" /><!-- duration: 0ms -->
        </step><!-- duration: 63ms -->
        <step title="Preparing deployment for commit id &apos;dad938ddb0&apos;." date="2025-11-20T13:39:25.350" /><!-- duration: 16ms -->
        <step title="Determining deployment builder" date="2025-11-20T13:39:25.413" >
          <step title="Builder is OneDeployBuilder" date="2025-11-20T13:39:25.413" /><!-- duration: 0ms -->
        </step><!-- duration: 16ms -->
        <step title="Copying SSH keys" date="2025-11-20T13:39:25.444" /><!-- duration: 0ms -->
        <step title="Building" date="2025-11-20T13:39:25.460" >
          <step title="Running build. Project type: OneDeploy" date="2025-11-20T13:39:25.522" /><!-- duration: 16ms -->
          <step title="Copying the manifest" date="2025-11-20T13:39:25.585" /><!-- duration: 0ms -->
          <step title="Clean deploying to C:\home\site\wwwroot" date="2025-11-20T13:39:25.648" /><!-- duration: 15ms -->
          <step title="Generating deployment script." date="2025-11-20T13:39:25.710" /><!-- duration: 0ms -->
          <step title="Generating deployment script" date="2025-11-20T13:39:25.726" >
            <step title="Using cached version of the deployment script for command: -y --no-dot-deployment -r &quot;C:\local\Temp\zipdeploy\extracted&quot; -o &quot;C:\home\site\deployments\tools&quot; --basic --sitePath &quot;C:\local\Temp\zipdeploy\extracted&quot;" date="2025-11-20T13:39:25.741" /><!-- duration: 0ms -->
            <step title="Using cached version of deployment script (command: &apos;azure -y --no-dot-deployment -r &quot;C:\local\Temp\zipdeploy\extracted&quot; -o &quot;C:\home\site\deployments\tools&quot; --basic --sitePath &quot;C:\local\Temp\zipdeploy\extracted&quot;&apos;)." date="2025-11-20T13:39:25.757" /><!-- duration: 16ms -->
          </step><!-- duration: 63ms -->
          <step title="Running deployment command..." date="2025-11-20T13:39:25.820" /><!-- duration: 16ms -->
          <step title="Command: &quot;C:\home\site\deployments\tools\deploy.cmd&quot;" date="2025-11-20T13:39:25.851" /><!-- duration: 0ms -->
          <step title="Executing external process" date="2025-11-20T13:39:25.866" type="process" path="starter.cmd" arguments="&quot;C:\home\site\deployments\tools\deploy.cmd&quot;" >
            <step title="Handling Basic Web Site deployment." date="2025-11-20T13:39:26.007" /><!-- duration: 0ms -->
            <step title="Creating app_offline.htm" date="2025-11-20T13:39:26.398" /><!-- duration: 0ms -->
            <step title="KuduSync.NET from: &apos;C:\local\Temp\zipdeploy\extracted&apos; to: &apos;C:\home\site\wwwroot&apos;" date="2025-11-20T13:39:26.413" /><!-- duration: 0ms -->
            <step title="Copying file: &apos;MH.Api.dll&apos;" date="2025-11-20T13:39:26.429" /><!-- duration: 16ms -->
            <step title="Copying file: &apos;MH.Api.exe&apos;" date="2025-11-20T13:39:26.445" /><!-- duration: 16ms -->
            <step title="Copying file: &apos;MH.Api.pdb&apos;" date="2025-11-20T13:39:26.476" /><!-- duration: 0ms -->
            <step title="Copying file: &apos;MH.Application.deps.json&apos;" date="2025-11-20T13:39:26.491" /><!-- duration: 0ms -->
            <step title="Copying file: &apos;MH.Application.dll&apos;" date="2025-11-20T13:39:26.507" /><!-- duration: 0ms -->
            <step title="Copying file: &apos;MH.Application.pdb&apos;" date="2025-11-20T13:39:26.538" /><!-- duration: 0ms -->
            <step title="Copying file: &apos;MH.Domain.deps.json&apos;" date="2025-11-20T13:39:26.554" /><!-- duration: 0ms -->
            <step title="Copying file: &apos;MH.Domain.dll&apos;" date="2025-11-20T13:39:26.570" /><!-- duration: 0ms -->
            <step title="Copying file: &apos;MH.Domain.pdb&apos;" date="2025-11-20T13:39:26.585" /><!-- duration: 0ms -->
            <step title="Copying file: &apos;MH.Infrastructure.deps.json&apos;" date="2025-11-20T13:39:26.601" /><!-- duration: 16ms -->
            <step title="Copying file: &apos;MH.Infrastructure.dll&apos;" date="2025-11-20T13:39:26.632" /><!-- duration: 0ms -->
            <step title="Copying file: &apos;MH.Infrastructure.pdb&apos;" date="2025-11-20T13:39:26.648" /><!-- duration: 0ms -->
            <step title="Copying file: &apos;MH.Infrastructure.runtimeconfig.json&apos;" date="2025-11-20T13:39:26.663" /><!-- duration: 0ms -->
            <step title="Copying file: &apos;Microsoft.AspNetCore.Cryptography.Internal.dll&apos;" date="2025-11-20T13:39:26.679" /><!-- duration: 16ms -->
            <step title="Copying file: &apos;Microsoft.AspNetCore.Cryptography.KeyDerivation.dll&apos;" date="2025-11-20T13:39:26.710" /><!-- duration: 0ms -->
            <step title="Copying file: &apos;Microsoft.AspNetCore.Http.Features.dll&apos;" date="2025-11-20T13:39:26.726" /><!-- duration: 0ms -->
            <step title="Copying file: &apos;Microsoft.Extensions.Caching.Abstractions.dll&apos;" date="2025-11-20T13:39:26.741" /><!-- duration: 16ms -->
            <step title="Copying file: &apos;Microsoft.Extensions.Caching.Memory.dll&apos;" date="2025-11-20T13:39:26.773" /><!-- duration: 0ms -->
            <step title="Copying file: &apos;Microsoft.Extensions.Configuration.Abstractions.dll&apos;" date="2025-11-20T13:39:26.788" /><!-- duration: 0ms -->
            <step title="Copying file: &apos;Microsoft.Extensions.DependencyInjection.Abstractions.dll&apos;" date="2025-11-20T13:39:28.507" /><!-- duration: 0ms -->
            <step title="Copying file: &apos;Microsoft.Extensions.DependencyInjection.dll&apos;" date="2025-11-20T13:39:28.523" /><!-- duration: 0ms -->
            <step title="Copying file: &apos;Microsoft.Extensions.Identity.Core.dll&apos;" date="2025-11-20T13:39:28.538" /><!-- duration: 16ms -->
            <step title="Copying file: &apos;Microsoft.Extensions.Identity.Stores.dll&apos;" date="2025-11-20T13:39:28.554" /><!-- duration: 16ms -->
            <step title="Copying file: &apos;Microsoft.Extensions.Logging.Abstractions.dll&apos;" date="2025-11-20T13:39:28.585" /><!-- duration: 0ms -->
            <step title="Copying file: &apos;Microsoft.Extensions.Logging.dll&apos;" date="2025-11-20T13:39:28.601" /><!-- duration: 0ms -->
            <step title="Copying file: &apos;Microsoft.Extensions.Options.dll&apos;" date="2025-11-20T13:39:28.616" /><!-- duration: 0ms -->
            <step title="Copying file: &apos;Microsoft.Extensions.Primitives.dll&apos;" date="2025-11-20T13:39:28.648" /><!-- duration: 0ms -->
            <step title="Copying file: &apos;System.Diagnostics.EventLog.dll&apos;" date="2025-11-20T13:39:28.663" /><!-- duration: 16ms -->
            <step title="Copying file: &apos;System.IO.Pipelines.dll&apos;" date="2025-11-20T13:39:28.695" /><!-- duration: 0ms -->
            <step title="Copying file: &apos;System.Security.Cryptography.Pkcs.dll&apos;" date="2025-11-20T13:39:28.710" /><!-- duration: 0ms -->
            <step title="Copying file: &apos;runtimes\win\lib\net6.0\System.Security.Cryptography.Pkcs.dll&apos;" date="2025-11-20T13:39:28.726" /><!-- duration: 0ms -->
            <step title="Copying file: &apos;runtimes\win\lib\net7.0\System.Diagnostics.EventLog.dll&apos;" date="2025-11-20T13:39:28.741" /><!-- duration: 16ms -->
            <step title="Copying file: &apos;runtimes\win\lib\net7.0\System.Diagnostics.EventLog.Messages.dll&apos;" date="2025-11-20T13:39:28.773" /><!-- duration: 0ms -->
            <step title="Deleting app_offline.htm" date="2025-11-20T13:39:28.788" /><!-- duration: 0ms -->
            <step title="Finished successfully." date="2025-11-20T13:39:28.804" /><!-- duration: 0ms -->
          </step><!-- duration: 2953ms -->
          <step title="Build completed succesfully." date="2025-11-20T13:39:28.866" /><!-- duration: 0ms -->
          <step title="Running post deployment command(s)..." date="2025-11-20T13:39:28.929" /><!-- duration: 0ms -->
          <step title="Requesting site restart" date="2025-11-20T13:39:28.976" /><!-- duration: 16ms -->
          <step title="Requesting site restart" date="2025-11-20T13:39:28.991" /><!-- duration: 16ms -->
          <step title="Requesting site restart. Attempt #1" date="2025-11-20T13:39:29.054" /><!-- duration: 0ms -->
          <step title="Requesting site restart. Attempt #1" date="2025-11-20T13:39:29.054" /><!-- duration: 16ms -->
          <step title="Successfully requested a restart. Attempt #1" date="2025-11-20T13:39:29.429" /><!-- duration: 0ms -->
          <step title="Successfully requested a restart. Attempt #1" date="2025-11-20T13:39:29.445" /><!-- duration: 0ms -->
          <step title="Deployment successful. DEPLOYMENTINFO: deploymentPath = OneDeploy, deployer = OneDeploy, os = windows, sku = Free, siteName = NgCanduAPI, siteHostName = ngcanduapi.azurewebsites.net, deploymentStatus = Success" date="2025-11-20T13:39:29.491" /><!-- duration: 0ms -->
          <step title="Purge deployment items" date="2025-11-20T13:39:29.648" >
            <step title="Remove 780eb57ab, Success, received at 11/19/2025 2:24:37 PM" date="2025-11-20T13:39:29.710" /><!-- duration: 0ms -->
          </step><!-- duration: 78ms -->
        </step><!-- duration: 4282ms -->
      </step><!-- duration: 4563ms -->
      <step title="Cleaning up temp files" date="2025-11-20T13:39:29.757" /><!-- duration: 0ms -->
      <step title="Skip function trigger and logicapp sync because function is not enabled." date="2025-11-20T13:39:29.773" /><!-- duration: 0ms -->
    </step><!-- duration: 5891ms -->
    <step title="LockFile &apos;C:\home\site\locks\deployments.lock&apos; released" date="2025-11-20T13:39:29.820" /><!-- duration: 0ms -->
    <step title="Deleting shutdown sentinel file" date="2025-11-20T13:39:29.835" SemaphoreCount="8" /><!-- duration: 0ms -->
  </step><!-- duration: 7891ms -->
  <step title="Outgoing response" date="2025-11-20T13:39:29.851" type="response" statusCode="200" statusText="OK" Server="Microsoft-IIS/10.0" x-ms-request-id="4cd6cd9f-c616-11f0-a779-c025a5cfe792" Cache-Control="private" X-AspNet-Version="4.0.30319" /><!-- duration: 16ms -->
</step><!-- duration: 8110ms -->
