<step title="Incoming Request" date="2025-11-20T12:22:10.683" instance="92ca53" url="/api/zipdeploy?isAsync=true" method="POST" type="request" pid="1656,2,7" Cache-Control="no-cache" Connection="Keep-Alive" Content-Length="23565774" Content-Type="application/octet-stream" Accept="*/*" Accept-Encoding="gzip, deflate" Authorization="Bas..." Host="ngcanduapi.scm.azurewebsites.net" User-Agent="AZURECLI/2.75.0 (MSI)" x-ms-client-request-id="82b1037f-c60b-11f0-8a64-c025a5cfe792" X-ARR-LOG-ID="82b1037f-c60b-11f0-8a64-c025a5cfe792" CLIENT-IP="197.234.156.224:54162" X-SITE-DEPLOYMENT-ID="NgCanduAPI" WAS-DEFAULT-HOSTNAME="ngcanduapi.scm.azurewebsites.net" X-Forwarded-Proto="https" X-AppService-Proto="https" X-Forwarded-TlsVersion="1.3" X-WAWS-Unencoded-URL="/api/zipdeploy?isAsync=true" X-MS-COLDSTART="1" >
  <step title="ZipPushDeploy" date="2025-11-20T12:22:11.199" >
    <step title="ZipDeploy. Extract zip. " date="2025-11-20T12:22:11.214" /><!-- duration: 16ms -->
    <step title="Starting PushDeployAsync" date="2025-11-20T12:22:11.230" /><!-- duration: 0ms -->
    <step title="Updating shutdown sentinel last write time" date="2025-11-20T12:22:11.277" SemaphoreCount="7" /><!-- duration: 16ms -->
    <step title="LockFile &apos;C:\home\site\locks\deployments.lock&apos; acquired" date="2025-11-20T12:22:11.292" /><!-- duration: 0ms -->
    <step title="Saving request content to C:\local\Temp\zipdeploy\qevwtgtj.zip" date="2025-11-20T12:22:11.324" >
      <step title="Total 23,565,774 bytes written to C:\local\Temp\zipdeploy\qevwtgtj.zip" date="2025-11-20T12:22:12.089" /><!-- duration: 0ms -->
    </step><!-- duration: 766ms -->
    <step title="LockFile &apos;C:\home\site\locks\deployments.lock&apos; released" date="2025-11-20T12:22:12.105" /><!-- duration: 0ms -->
    <step title="Deleting shutdown sentinel file" date="2025-11-20T12:22:12.120" SemaphoreCount="8" /><!-- duration: 0ms -->
    <step title="Starting FetchDeploy" date="2025-11-20T12:22:12.136" /><!-- duration: 0ms -->
    <step title="Start deployment in the background" date="2025-11-20T12:22:12.152" /><!-- duration: 94ms -->
  </step><!-- duration: 1047ms -->
  <step title="Outgoing response" date="2025-11-20T12:22:12.292" type="response" statusCode="202" statusText="Accepted" Server="Microsoft-IIS/10.0" x-ms-request-id="82b1037f-c60b-11f0-8a64-c025a5cfe792" Retry-After="30" Cache-Control="private" X-AspNet-Version="4.0.30319" Location="https://ngcanduapi.scm.azurewebsites.net/api/deployments/latest?deployer=ZipDeploy&amp;time=2025-11-20_12-22-12Z" /><!-- duration: 0ms -->
</step><!-- duration: 1609ms -->
