<step title="BackgroundTrace" date="2025-11-20T06:47:37.078" instance="92ca53" url="/api/zipdeploy" method="POST" >
  <step title="Updating shutdown sentinel last write time" date="2025-11-20T06:47:37.093" SemaphoreCount="7" /><!-- duration: 0ms -->
  <step title="LockFile &apos;C:\home\site\locks\deployments.lock&apos; acquired" date="2025-11-20T06:47:37.093" /><!-- duration: 16ms -->
  <step title="Creating temporary deployment" date="2025-11-20T06:47:37.109" /><!-- duration: 47ms -->
  <step title="Performing fetch based deployment" date="2025-11-20T06:47:37.171" >
    <step title="Fetching changes." date="2025-11-20T06:47:37.234" /><!-- duration: 16ms -->
    <step title="Starting LocalZipHandler" date="2025-11-20T06:47:37.250" /><!-- duration: 16ms -->
    <step title="Cleaning up temp folders from previous zip deployments and extracting pushed zip file C:\local\Temp\zipdeploy\jdegsnof.zip (22.47 MB) to C:\local\Temp\zipdeploy\extracted" date="2025-11-20T06:47:37.296" /><!-- duration: 0ms -->
    <step title="Cleaning up temp folders from previous zip deployments and extracting pushed zip file C:\local\Temp\zipdeploy\jdegsnof.zip (22.47 MB) to C:\local\Temp\zipdeploy\extracted" date="2025-11-20T06:47:37.296" >
      <step title="Extracting 293 entries to C:\local\Temp\zipdeploy\extracted directory" date="2025-11-20T06:47:37.312" >
        <step title="Extracting to C:\local\Temp\zipdeploy\extracted\ca\Hangfire.Core.resources.dll ..." date="2025-11-20T06:47:37.328" /><!-- duration: 16ms -->
        <step title="Extracting to C:\local\Temp\zipdeploy\extracted\de\Hangfire.Core.resources.dll ..." date="2025-11-20T06:47:37.343" /><!-- duration: 16ms -->
        <step title="Extracting to C:\local\Temp\zipdeploy\extracted\es\Hangfire.Core.resources.dll ..." date="2025-11-20T06:47:37.359" /><!-- duration: 0ms -->
        <step title="Extracting to C:\local\Temp\zipdeploy\extracted\fa\Hangfire.Core.resources.dll ..." date="2025-11-20T06:47:37.375" /><!-- duration: 0ms -->
        <step title="Extracting to C:\local\Temp\zipdeploy\extracted\fr\Hangfire.Core.resources.dll ..." date="2025-11-20T06:47:37.375" /><!-- duration: 16ms -->
        <step title="Omitting extracting file traces ..." date="2025-11-20T06:47:37.390" /><!-- duration: 0ms -->
      </step><!-- duration: 969ms -->
    </step><!-- duration: 984ms -->
    <step title="Before sending BuildRequestReceived status to /api/updatedeploystatus" date="2025-11-20T06:47:38.296" /><!-- duration: 0ms -->
    <step title="DeploymentManager.Deploy(id:9e8840edb4f442658cdd6abed112116a)" date="2025-11-20T06:47:38.312" >
      <step title="Collecting changeset information" date="2025-11-20T06:47:38.312" /><!-- duration: 47ms -->
      <step title="Updating submodules" date="2025-11-20T06:47:38.359" >
        <step title="Updating submodules." date="2025-11-20T06:47:38.406" /><!-- duration: 0ms -->
      </step><!-- duration: 47ms -->
      <step title="Preparing deployment for commit id &apos;9e8840edb4&apos;." date="2025-11-20T06:47:38.453" /><!-- duration: 16ms -->
      <step title="Determining deployment builder" date="2025-11-20T06:47:38.500" >
        <step title="Builder is BasicBuilder" date="2025-11-20T06:47:38.515" /><!-- duration: 0ms -->
      </step><!-- duration: 16ms -->
      <step title="Copying SSH keys" date="2025-11-20T06:47:38.546" /><!-- duration: 0ms -->
      <step title="Building" date="2025-11-20T06:47:38.546" >
        <step title="Generating deployment script." date="2025-11-20T06:47:38.609" /><!-- duration: 0ms -->
        <step title="Generating deployment script" date="2025-11-20T06:47:38.625" >
          <step title="Using cached version of the deployment script for command: -y --no-dot-deployment -r &quot;C:\local\Temp\zipdeploy\extracted&quot; -o &quot;C:\home\site\deployments\tools&quot; --basic --sitePath &quot;C:\local\Temp\zipdeploy\extracted&quot;" date="2025-11-20T06:47:38.656" /><!-- duration: 16ms -->
          <step title="Using cached version of deployment script (command: &apos;azure -y --no-dot-deployment -r &quot;C:\local\Temp\zipdeploy\extracted&quot; -o &quot;C:\home\site\deployments\tools&quot; --basic --sitePath &quot;C:\local\Temp\zipdeploy\extracted&quot;&apos;)." date="2025-11-20T06:47:38.671" /><!-- duration: 16ms -->
        </step><!-- duration: 63ms -->
        <step title="Running deployment command..." date="2025-11-20T06:47:38.734" /><!-- duration: 0ms -->
        <step title="Command: &quot;C:\home\site\deployments\tools\deploy.cmd&quot;" date="2025-11-20T06:47:38.765" /><!-- duration: 16ms -->
        <step title="Executing external process" date="2025-11-20T06:47:38.781" type="process" path="starter.cmd" arguments="&quot;C:\home\site\deployments\tools\deploy.cmd&quot;" >
          <step title="Handling Basic Web Site deployment." date="2025-11-20T06:47:38.921" /><!-- duration: 0ms -->
          <step title="Creating app_offline.htm" date="2025-11-20T06:47:41.359" /><!-- duration: 0ms -->
          <step title="KuduSync.NET from: &apos;C:\local\Temp\zipdeploy\extracted&apos; to: &apos;C:\home\site\wwwroot&apos;" date="2025-11-20T06:47:41.375" /><!-- duration: 0ms -->
          <step title="Copying file: &apos;MH.Api.dll&apos;" date="2025-11-20T06:47:41.375" /><!-- duration: 16ms -->
          <step title="Copying file: &apos;MH.Api.exe&apos;" date="2025-11-20T06:47:41.390" /><!-- duration: 16ms -->
          <step title="Copying file: &apos;MH.Api.pdb&apos;" date="2025-11-20T06:47:41.406" /><!-- duration: 16ms -->
          <step title="Copying file: &apos;MH.Application.dll&apos;" date="2025-11-20T06:47:41.437" /><!-- duration: 0ms -->
          <step title="Copying file: &apos;MH.Application.pdb&apos;" date="2025-11-20T06:47:41.453" /><!-- duration: 0ms -->
          <step title="Copying file: &apos;MH.Infrastructure.dll&apos;" date="2025-11-20T06:47:41.468" /><!-- duration: 0ms -->
          <step title="Copying file: &apos;MH.Infrastructure.pdb&apos;" date="2025-11-20T06:47:41.484" /><!-- duration: 0ms -->
          <step title="Deleting app_offline.htm" date="2025-11-20T06:47:41.500" /><!-- duration: 0ms -->
          <step title="Finished successfully." date="2025-11-20T06:47:41.515" /><!-- duration: 0ms -->
        </step><!-- duration: 2734ms -->
        <step title="Running post deployment command(s)..." date="2025-11-20T06:47:41.578" /><!-- duration: 0ms -->
        <step title="Triggering recycle (preview mode disabled)." date="2025-11-20T06:47:41.625" /><!-- duration: 0ms -->
        <step title="Ignoring FS watcher based recycle request as this is a classic Windows app." date="2025-11-20T06:47:41.640" /><!-- duration: 16ms -->
        <step title="Deployment successful. DEPLOYMENTINFO: deploymentPath = ZipDeploy. Extract zip. , deployer = ZipDeploy, os = windows, sku = Free, siteName = NgCanduAPI, siteHostName = ngcanduapi.azurewebsites.net, deploymentStatus = Success" date="2025-11-20T06:47:41.703" /><!-- duration: 0ms -->
        <step title="Purge deployment items" date="2025-11-20T06:47:41.875" >
          <step title="Remove 975195a3f, Success, received at 11/18/2025 11:52:25 AM" date="2025-11-20T06:47:41.921" /><!-- duration: 16ms -->
        </step><!-- duration: 62ms -->
      </step><!-- duration: 3422ms -->
    </step><!-- duration: 3656ms -->
    <step title="Cleaning up temp files" date="2025-11-20T06:47:41.984" /><!-- duration: 0ms -->
    <step title="Skip function trigger and logicapp sync because function is not enabled." date="2025-11-20T06:47:42.000" /><!-- duration: 0ms -->
  </step><!-- duration: 4875ms -->
  <step title="LockFile &apos;C:\home\site\locks\deployments.lock&apos; released" date="2025-11-20T06:47:42.046" /><!-- duration: 0ms -->
  <step title="Deleting shutdown sentinel file" date="2025-11-20T06:47:42.062" SemaphoreCount="8" /><!-- duration: 0ms -->
</step><!-- duration: 5000ms -->
