<step title="Incoming Request" date="2025-11-19T13:43:55.133" instance="92ca53" url="/api/zipdeploy?isAsync=true" method="POST" type="request" pid="14984,2,7" Cache-Control="no-cache" Connection="Keep-Alive" Content-Length="24303459" Content-Type="application/octet-stream" Accept="*/*" Accept-Encoding="gzip, deflate" Authorization="Bas..." Host="ngcanduapi.scm.azurewebsites.net" User-Agent="AZURECLI/2.75.0 (MSI)" x-ms-client-request-id="c44bd8de-c54d-11f0-a93e-c025a5cfe792" X-ARR-LOG-ID="c44bd8de-c54d-11f0-a93e-c025a5cfe792" CLIENT-IP="197.234.156.224:51624" X-SITE-DEPLOYMENT-ID="NgCanduAPI" WAS-DEFAULT-HOSTNAME="ngcanduapi.scm.azurewebsites.net" X-Forwarded-Proto="https" X-AppService-Proto="https" X-Forwarded-TlsVersion="1.3" X-WAWS-Unencoded-URL="/api/zipdeploy?isAsync=true" X-MS-COLDSTART="1" >
  <step title="ZipPushDeploy" date="2025-11-19T13:43:55.648" >
    <step title="ZipDeploy. Extract zip. " date="2025-11-19T13:43:55.664" /><!-- duration: 16ms -->
    <step title="Starting PushDeployAsync" date="2025-11-19T13:43:55.695" /><!-- duration: 0ms -->
    <step title="Updating shutdown sentinel last write time" date="2025-11-19T13:43:55.742" SemaphoreCount="7" /><!-- duration: 0ms -->
    <step title="LockFile &apos;C:\home\site\locks\deployments.lock&apos; acquired" date="2025-11-19T13:43:55.742" /><!-- duration: 16ms -->
    <step title="Saving request content to C:\local\Temp\zipdeploy\rtmoontx.zip" date="2025-11-19T13:43:55.758" >
      <step title="Total 24,303,459 bytes written to C:\local\Temp\zipdeploy\rtmoontx.zip" date="2025-11-19T13:44:00.164" /><!-- duration: 0ms -->
    </step><!-- duration: 4406ms -->
    <step title="LockFile &apos;C:\home\site\locks\deployments.lock&apos; released" date="2025-11-19T13:44:00.180" /><!-- duration: 0ms -->
    <step title="Deleting shutdown sentinel file" date="2025-11-19T13:44:00.195" SemaphoreCount="8" /><!-- duration: 0ms -->
    <step title="Starting FetchDeploy" date="2025-11-19T13:44:00.195" /><!-- duration: 16ms -->
    <step title="Start deployment in the background" date="2025-11-19T13:44:00.211" /><!-- duration: 109ms -->
  </step><!-- duration: 4672ms -->
  <step title="Outgoing response" date="2025-11-19T13:44:00.352" type="response" statusCode="202" statusText="Accepted" Server="Microsoft-IIS/10.0" x-ms-request-id="c44bd8de-c54d-11f0-a93e-c025a5cfe792" Retry-After="30" Cache-Control="private" X-AspNet-Version="4.0.30319" Location="https://ngcanduapi.scm.azurewebsites.net/api/deployments/latest?deployer=ZipDeploy&amp;time=2025-11-19_13-44-00Z" /><!-- duration: 16ms -->
</step><!-- duration: 5234ms -->
