<step title="BackgroundTrace" date="2025-11-18T11:52:24.268" instance="92ca53" url="/api/publish" method="POST" >
  <step title="Updating shutdown sentinel last write time" date="2025-11-18T11:52:24.284" SemaphoreCount="7" /><!-- duration: 0ms -->
  <step title="LockFile &apos;C:\home\site\locks\deployments.lock&apos; acquired" date="2025-11-18T11:52:24.284" /><!-- duration: 16ms -->
  <step title="Creating temporary deployment" date="2025-11-18T11:52:24.299" /><!-- duration: 31ms -->
  <step title="Performing fetch based deployment" date="2025-11-18T11:52:24.330" >
    <step title="Fetching changes." date="2025-11-18T11:52:24.377" /><!-- duration: 16ms -->
    <step title="Starting LocalZipHandler" date="2025-11-18T11:52:24.393" /><!-- duration: 16ms -->
    <step title="Cleaning up temp folders from previous zip deployments and extracting pushed zip file C:\local\Temp\zipdeploy\iwjrdrlt.zip (25.26 MB) to C:\local\Temp\zipdeploy\extracted" date="2025-11-18T11:52:24.440" /><!-- duration: 0ms -->
    <step title="Cleaning up temp folders from previous zip deployments and extracting pushed zip file C:\local\Temp\zipdeploy\iwjrdrlt.zip (25.26 MB) to C:\local\Temp\zipdeploy\extracted" date="2025-11-18T11:52:24.440" >
      <step title="Renaming extractTargetDirectory(C:\local\Temp\zipdeploy\extracted) to tempDirectory(C:\local\Temp\zipdeploy\x3rgc3oq.fao)" date="2025-11-18T11:52:24.440" /><!-- duration: 16ms -->
      <step title="Extracting 295 entries to C:\local\Temp\zipdeploy\extracted directory" date="2025-11-18T11:52:24.455" >
        <step title="Extracting to C:\local\Temp\zipdeploy\extracted\appsettings.Development.json ..." date="2025-11-18T11:52:24.471" /><!-- duration: 0ms -->
        <step title="Extracting to C:\local\Temp\zipdeploy\extracted\appsettings.json ..." date="2025-11-18T11:52:24.471" /><!-- duration: 0ms -->
        <step title="Extracting to C:\local\Temp\zipdeploy\extracted\AutoMapper.dll ..." date="2025-11-18T11:52:24.487" /><!-- duration: 0ms -->
        <step title="Extracting to C:\local\Temp\zipdeploy\extracted\AutoMapper.Extensions.Microsoft.DependencyInjection.dll ..." date="2025-11-18T11:52:24.502" /><!-- duration: 0ms -->
        <step title="Extracting to C:\local\Temp\zipdeploy\extracted\Azure.Core.dll ..." date="2025-11-18T11:52:24.502" /><!-- duration: 16ms -->
        <step title="Omitting extracting file traces ..." date="2025-11-18T11:52:24.518" /><!-- duration: 31ms -->
      </step><!-- duration: 984ms -->
    </step><!-- duration: 1000ms -->
    <step title="Before sending BuildRequestReceived status to /api/updatedeploystatus" date="2025-11-18T11:52:25.455" /><!-- duration: 0ms -->
    <step title="DeploymentManager.Deploy(id:975195a3fa93462eaa5d8e1dfb1d4ac4)" date="2025-11-18T11:52:25.455" >
      <step title="Collecting changeset information" date="2025-11-18T11:52:25.471" /><!-- duration: 47ms -->
      <step title="Updating submodules" date="2025-11-18T11:52:25.518" >
        <step title="Updating submodules." date="2025-11-18T11:52:25.565" /><!-- duration: 0ms -->
      </step><!-- duration: 47ms -->
      <step title="Preparing deployment for commit id &apos;975195a3fa&apos;." date="2025-11-18T11:52:25.612" /><!-- duration: 16ms -->
      <step title="Determining deployment builder" date="2025-11-18T11:52:25.674" >
        <step title="Builder is OneDeployBuilder" date="2025-11-18T11:52:25.674" /><!-- duration: 0ms -->
      </step><!-- duration: 16ms -->
      <step title="Copying SSH keys" date="2025-11-18T11:52:25.705" /><!-- duration: 0ms -->
      <step title="Building" date="2025-11-18T11:52:25.721" >
        <step title="Running build. Project type: OneDeploy" date="2025-11-18T11:52:25.752" /><!-- duration: 16ms -->
        <step title="Copying the manifest" date="2025-11-18T11:52:25.799" /><!-- duration: 16ms -->
        <step title="Clean deploying to C:\home\site\wwwroot" date="2025-11-18T11:52:25.862" /><!-- duration: 0ms -->
        <step title="Generating deployment script." date="2025-11-18T11:52:25.909" /><!-- duration: 16ms -->
        <step title="Generating deployment script" date="2025-11-18T11:52:25.924" >
          <step title="Using cached version of the deployment script for command: -y --no-dot-deployment -r &quot;C:\local\Temp\zipdeploy\extracted&quot; -o &quot;C:\home\site\deployments\tools&quot; --basic --sitePath &quot;C:\local\Temp\zipdeploy\extracted&quot;" date="2025-11-18T11:52:25.940" /><!-- duration: 0ms -->
          <step title="Using cached version of deployment script (command: &apos;azure -y --no-dot-deployment -r &quot;C:\local\Temp\zipdeploy\extracted&quot; -o &quot;C:\home\site\deployments\tools&quot; --basic --sitePath &quot;C:\local\Temp\zipdeploy\extracted&quot;&apos;)." date="2025-11-18T11:52:25.971" /><!-- duration: 0ms -->
        </step><!-- duration: 47ms -->
        <step title="Running deployment command..." date="2025-11-18T11:52:26.018" /><!-- duration: 16ms -->
        <step title="Command: &quot;C:\home\site\deployments\tools\deploy.cmd&quot;" date="2025-11-18T11:52:26.034" /><!-- duration: 16ms -->
        <step title="Executing external process" date="2025-11-18T11:52:26.049" type="process" path="starter.cmd" arguments="&quot;C:\home\site\deployments\tools\deploy.cmd&quot;" >
          <step title="Handling Basic Web Site deployment." date="2025-11-18T11:52:26.159" /><!-- duration: 16ms -->
          <step title="Creating app_offline.htm" date="2025-11-18T11:52:26.299" /><!-- duration: 16ms -->
          <step title="KuduSync.NET from: &apos;C:\local\Temp\zipdeploy\extracted&apos; to: &apos;C:\home\site\wwwroot&apos;" date="2025-11-18T11:52:26.315" /><!-- duration: 0ms -->
          <step title="Deleting file: &apos;publish\appsettings.Development.json&apos;" date="2025-11-18T11:52:26.330" /><!-- duration: 0ms -->
          <step title="Deleting file: &apos;publish\appsettings.json&apos;" date="2025-11-18T11:52:26.346" /><!-- duration: 0ms -->
          <step title="Deleting file: &apos;publish\MH.Api.deps.json&apos;" date="2025-11-18T11:52:26.362" /><!-- duration: 0ms -->
          <step title="Deleting file: &apos;publish\MH.Api.runtimeconfig.json&apos;" date="2025-11-18T11:52:26.377" /><!-- duration: 0ms -->
          <step title="Deleting file: &apos;publish\MH.Api.staticwebassets.endpoints.json&apos;" date="2025-11-18T11:52:26.393" /><!-- duration: 16ms -->
          <step title="Deleting file: &apos;publish\web.config&apos;" date="2025-11-18T11:52:26.424" /><!-- duration: 0ms -->
          <step title="Deleting file: &apos;publish\publish\appsettings.Development.json&apos;" date="2025-11-18T11:52:26.440" /><!-- duration: 0ms -->
          <step title="Deleting file: &apos;publish\publish\appsettings.json&apos;" date="2025-11-18T11:52:26.455" /><!-- duration: 0ms -->
          <step title="Deleting file: &apos;publish\publish\MH.Api.deps.json&apos;" date="2025-11-18T11:52:26.471" /><!-- duration: 0ms -->
          <step title="Deleting file: &apos;publish\publish\MH.Api.runtimeconfig.json&apos;" date="2025-11-18T11:52:26.487" /><!-- duration: 0ms -->
          <step title="Deleting file: &apos;publish\publish\MH.Api.staticwebassets.endpoints.json&apos;" date="2025-11-18T11:52:26.502" /><!-- duration: 0ms -->
          <step title="Deleting file: &apos;publish\publish\web.config&apos;" date="2025-11-18T11:52:26.518" /><!-- duration: 0ms -->
          <step title="Deleting file: &apos;publish\publish\publish\appsettings.Development.json&apos;" date="2025-11-18T11:52:26.534" /><!-- duration: 0ms -->
          <step title="Deleting file: &apos;publish\publish\publish\appsettings.json&apos;" date="2025-11-18T11:52:26.534" /><!-- duration: 16ms -->
          <step title="Deleting file: &apos;publish\publish\publish\MH.Api.deps.json&apos;" date="2025-11-18T11:52:26.565" /><!-- duration: 0ms -->
          <step title="Deleting file: &apos;publish\publish\publish\MH.Api.runtimeconfig.json&apos;" date="2025-11-18T11:52:26.580" /><!-- duration: 0ms -->
          <step title="Deleting file: &apos;publish\publish\publish\MH.Api.staticwebassets.endpoints.json&apos;" date="2025-11-18T11:52:26.596" /><!-- duration: 0ms -->
          <step title="Deleting file: &apos;publish\publish\publish\web.config&apos;" date="2025-11-18T11:52:26.612" /><!-- duration: 0ms -->
          <step title="Deleting file: &apos;publish\publish\publish\publish\appsettings.Development.json&apos;" date="2025-11-18T11:52:26.612" /><!-- duration: 16ms -->
          <step title="Deleting file: &apos;publish\publish\publish\publish\appsettings.json&apos;" date="2025-11-18T11:52:26.643" /><!-- duration: 0ms -->
          <step title="Deleting file: &apos;publish\publish\publish\publish\MH.Api.deps.json&apos;" date="2025-11-18T11:52:26.659" /><!-- duration: 0ms -->
          <step title="Deleting file: &apos;publish\publish\publish\publish\MH.Api.runtimeconfig.json&apos;" date="2025-11-18T11:52:26.674" /><!-- duration: 0ms -->
          <step title="Deleting file: &apos;publish\publish\publish\publish\MH.Api.staticwebassets.endpoints.json&apos;" date="2025-11-18T11:52:26.690" /><!-- duration: 0ms -->
          <step title="Deleting file: &apos;publish\publish\publish\publish\web.config&apos;" date="2025-11-18T11:52:26.690" /><!-- duration: 16ms -->
          <step title="Deleting file: &apos;publish\publish\publish\publish\publish\appsettings.Development.json&apos;" date="2025-11-18T11:52:26.705" /><!-- duration: 16ms -->
          <step title="Deleting file: &apos;publish\publish\publish\publish\publish\appsettings.json&apos;" date="2025-11-18T11:52:26.721" /><!-- duration: 16ms -->
          <step title="Deleting file: &apos;publish\publish\publish\publish\publish\MH.Api.deps.json&apos;" date="2025-11-18T11:52:26.737" /><!-- duration: 0ms -->
          <step title="Deleting file: &apos;publish\publish\publish\publish\publish\MH.Api.runtimeconfig.json&apos;" date="2025-11-18T11:52:26.752" /><!-- duration: 0ms -->
          <step title="Deleting file: &apos;publish\publish\publish\publish\publish\MH.Api.staticwebassets.endpoints.json&apos;" date="2025-11-18T11:52:26.768" /><!-- duration: 0ms -->
          <step title="Deleting file: &apos;publish\publish\publish\publish\publish\web.config&apos;" date="2025-11-18T11:52:26.784" /><!-- duration: 0ms -->
          <step title="Deleting file: &apos;publish\publish\publish\publish\publish\publish\appsettings.Development.json&apos;" date="2025-11-18T11:52:26.799" /><!-- duration: 0ms -->
          <step title="Deleting file: &apos;publish\publish\publish\publish\publish\publish\appsettings.json&apos;" date="2025-11-18T11:52:26.815" /><!-- duration: 0ms -->
          <step title="Deleting file: &apos;publish\publish\publish\publish\publish\publish\MH.Api.deps.json&apos;" date="2025-11-18T11:52:26.830" /><!-- duration: 0ms -->
          <step title="Deleting file: &apos;publish\publish\publish\publish\publish\publish\MH.Api.runtimeconfig.json&apos;" date="2025-11-18T11:52:26.846" /><!-- duration: 0ms -->
          <step title="Deleting file: &apos;publish\publish\publish\publish\publish\publish\MH.Api.staticwebassets.endpoints.json&apos;" date="2025-11-18T11:52:26.862" /><!-- duration: 0ms -->
          <step title="Deleting file: &apos;publish\publish\publish\publish\publish\publish\web.config&apos;" date="2025-11-18T11:52:26.877" /><!-- duration: 0ms -->
          <step title="Deleting file: &apos;publish\publish\publish\publish\publish\publish\publish\appsettings.Development.json&apos;" date="2025-11-18T11:52:26.893" /><!-- duration: 0ms -->
          <step title="Deleting file: &apos;publish\publish\publish\publish\publish\publish\publish\appsettings.json&apos;" date="2025-11-18T11:52:26.909" /><!-- duration: 0ms -->
          <step title="Deleting file: &apos;publish\publish\publish\publish\publish\publish\publish\MH.Api.deps.json&apos;" date="2025-11-18T11:52:26.924" /><!-- duration: 0ms -->
          <step title="Deleting file: &apos;publish\publish\publish\publish\publish\publish\publish\MH.Api.runtimeconfig.json&apos;" date="2025-11-18T11:52:26.924" /><!-- duration: 16ms -->
          <step title="Deleting file: &apos;publish\publish\publish\publish\publish\publish\publish\MH.Api.staticwebassets.endpoints.json&apos;" date="2025-11-18T11:52:26.955" /><!-- duration: 0ms -->
          <step title="Deleting file: &apos;publish\publish\publish\publish\publish\publish\publish\web.config&apos;" date="2025-11-18T11:52:26.955" /><!-- duration: 16ms -->
          <step title="Deleting file: &apos;publish\publish\publish\publish\publish\publish\publish\publish\appsettings.Development.json&apos;" date="2025-11-18T11:52:26.971" /><!-- duration: 16ms -->
          <step title="Deleting file: &apos;publish\publish\publish\publish\publish\publish\publish\publish\appsettings.json&apos;" date="2025-11-18T11:52:26.987" /><!-- duration: 16ms -->
          <step title="Deleting file: &apos;publish\publish\publish\publish\publish\publish\publish\publish\MH.Api.deps.json&apos;" date="2025-11-18T11:52:27.002" /><!-- duration: 16ms -->
          <step title="Deleting file: &apos;publish\publish\publish\publish\publish\publish\publish\publish\MH.Api.runtimeconfig.json&apos;" date="2025-11-18T11:52:27.018" /><!-- duration: 0ms -->
          <step title="Deleting file: &apos;publish\publish\publish\publish\publish\publish\publish\publish\MH.Api.staticwebassets.endpoints.json&apos;" date="2025-11-18T11:52:27.034" /><!-- duration: 0ms -->
          <step title="Deleting file: &apos;publish\publish\publish\publish\publish\publish\publish\publish\web.config&apos;" date="2025-11-18T11:52:27.049" /><!-- duration: 0ms -->
          <step title="Omitting next output lines..." date="2025-11-18T11:52:27.065" /><!-- duration: 0ms -->
          <step title="Finished successfully." date="2025-11-18T11:52:30.565" /><!-- duration: 16ms -->
        </step><!-- duration: 4531ms -->
        <step title="Build completed succesfully." date="2025-11-18T11:52:30.627" /><!-- duration: 0ms -->
        <step title="Running post deployment command(s)..." date="2025-11-18T11:52:30.674" /><!-- duration: 0ms -->
        <step title="Requesting site restart" date="2025-11-18T11:52:30.721" /><!-- duration: 0ms -->
        <step title="Requesting site restart" date="2025-11-18T11:52:30.737" /><!-- duration: 0ms -->
        <step title="Requesting site restart. Attempt #1" date="2025-11-18T11:52:30.784" /><!-- duration: 0ms -->
        <step title="Requesting site restart. Attempt #1" date="2025-11-18T11:52:30.784" /><!-- duration: 16ms -->
        <step title="Successfully requested a restart. Attempt #1" date="2025-11-18T11:52:30.940" /><!-- duration: 0ms -->
        <step title="Successfully requested a restart. Attempt #1" date="2025-11-18T11:52:30.956" /><!-- duration: 0ms -->
        <step title="Deployment successful. DEPLOYMENTINFO: deploymentPath = OneDeploy, deployer = OneDeploy, os = windows, sku = Free, siteName = NgCanduAPI, siteHostName = ngcanduapi.azurewebsites.net, deploymentStatus = Success" date="2025-11-18T11:52:31.002" /><!-- duration: 0ms -->
        <step title="Purge deployment items" date="2025-11-18T11:52:31.081" >
          <step title="Remove 2efe8dfec, Success, received at 11/17/2025 2:28:51 PM" date="2025-11-18T11:52:31.127" /><!-- duration: 16ms -->
        </step><!-- duration: 62ms -->
      </step><!-- duration: 5438ms -->
    </step><!-- duration: 5719ms -->
    <step title="Cleaning up temp files" date="2025-11-18T11:52:31.174" /><!-- duration: 0ms -->
    <step title="Skip function trigger and logicapp sync because function is not enabled." date="2025-11-18T11:52:31.190" /><!-- duration: 0ms -->
  </step><!-- duration: 6891ms -->
  <step title="LockFile &apos;C:\home\site\locks\deployments.lock&apos; released" date="2025-11-18T11:52:31.221" /><!-- duration: 0ms -->
  <step title="Deleting shutdown sentinel file" date="2025-11-18T11:52:31.237" SemaphoreCount="8" /><!-- duration: 0ms -->
</step><!-- duration: 6969ms -->
