<step title="Incoming Request" date="2025-11-20T13:17:01.399" instance="92ca53" url="/api/zipdeploy?isAsync=true" method="POST" type="request" pid="11052,2,8" Cache-Control="no-cache" Content-Length="23583220" Content-Type="application/octet-stream" Accept="*/*" Accept-Encoding="gzip, deflate" Authorization="Bas..." Host="ngcanduapi.scm.azurewebsites.net" User-Agent="AZURECLI/2.75.0 (MSI)" x-ms-client-request-id="2f878605-c613-11f0-ab44-c025a5cfe792" X-ARR-LOG-ID="2f878605-c613-11f0-ab44-c025a5cfe792" CLIENT-IP="197.234.156.224:51884" X-SITE-DEPLOYMENT-ID="NgCanduAPI" WAS-DEFAULT-HOSTNAME="ngcanduapi.scm.azurewebsites.net" X-Forwarded-Proto="https" X-AppService-Proto="https" X-Forwarded-TlsVersion="1.3" X-WAWS-Unencoded-URL="/api/zipdeploy?isAsync=true" >
  <step title="Cleanup Xml Logs" date="2025-11-20T13:17:01.415" /><!-- duration: 0ms -->
  <step title="ZipPushDeploy" date="2025-11-20T13:17:01.836" >
    <step title="ZipDeploy. Extract zip. " date="2025-11-20T13:17:01.852" /><!-- duration: 0ms -->
    <step title="Starting PushDeployAsync" date="2025-11-20T13:17:01.852" /><!-- duration: 0ms -->
    <step title="Updating shutdown sentinel last write time" date="2025-11-20T13:17:01.868" SemaphoreCount="7" /><!-- duration: 0ms -->
    <step title="LockFile &apos;C:\home\site\locks\deployments.lock&apos; acquired" date="2025-11-20T13:17:01.883" /><!-- duration: 16ms -->
    <step title="Saving request content to C:\local\Temp\zipdeploy\015aihks.zip" date="2025-11-20T13:17:01.899" >
      <step title="Total 23,583,220 bytes written to C:\local\Temp\zipdeploy\015aihks.zip" date="2025-11-20T13:17:06.893" /><!-- duration: 0ms -->
    </step><!-- duration: 5010ms -->
    <step title="LockFile &apos;C:\home\site\locks\deployments.lock&apos; released" date="2025-11-20T13:17:06.909" /><!-- duration: 0ms -->
    <step title="Deleting shutdown sentinel file" date="2025-11-20T13:17:06.924" SemaphoreCount="8" /><!-- duration: 0ms -->
    <step title="Starting FetchDeploy" date="2025-11-20T13:17:06.940" /><!-- duration: 0ms -->
    <step title="Start deployment in the background" date="2025-11-20T13:17:06.955" /><!-- duration: 63ms -->
  </step><!-- duration: 5181ms -->
  <step title="Outgoing response" date="2025-11-20T13:17:07.018" type="response" statusCode="202" statusText="Accepted" Server="Microsoft-IIS/10.0" x-ms-request-id="2f878605-c613-11f0-ab44-c025a5cfe792" Retry-After="30" Cache-Control="private" X-AspNet-Version="4.0.30319" Location="https://ngcanduapi.scm.azurewebsites.net/api/deployments/latest?deployer=ZipDeploy&amp;time=2025-11-20_13-17-07Z" /><!-- duration: 16ms -->
</step><!-- duration: 5635ms -->
