<step title="Incoming Request" date="2025-11-20T06:52:51.948" instance="92ca53" url="/api/zipdeploy?isAsync=true" method="POST" type="request" pid="13388,2,36" Cache-Control="no-cache" Content-Length="23565497" Content-Type="application/octet-stream" Accept="*/*" Accept-Encoding="gzip, deflate" Authorization="Bas..." Host="ngcanduapi.scm.azurewebsites.net" User-Agent="AZURECLI/2.75.0 (MSI)" x-ms-client-request-id="84aa6796-c5dd-11f0-8502-c025a5cfe792" X-ARR-LOG-ID="84aa6796-c5dd-11f0-8502-c025a5cfe792" CLIENT-IP="197.234.156.224:63644" X-SITE-DEPLOYMENT-ID="NgCanduAPI" WAS-DEFAULT-HOSTNAME="ngcanduapi.scm.azurewebsites.net" X-Forwarded-Proto="https" X-AppService-Proto="https" X-Forwarded-TlsVersion="1.3" X-WAWS-Unencoded-URL="/api/zipdeploy?isAsync=true" >
  <step title="Cleanup Xml Logs" date="2025-11-20T06:52:51.963" /><!-- duration: 0ms -->
  <step title="ZipPushDeploy" date="2025-11-20T06:52:52.338" >
    <step title="ZipDeploy. Extract zip. " date="2025-11-20T06:52:52.354" /><!-- duration: 0ms -->
    <step title="Starting PushDeployAsync" date="2025-11-20T06:52:52.369" /><!-- duration: 0ms -->
    <step title="Updating shutdown sentinel last write time" date="2025-11-20T06:52:52.385" SemaphoreCount="7" /><!-- duration: 0ms -->
    <step title="LockFile &apos;C:\home\site\locks\deployments.lock&apos; acquired" date="2025-11-20T06:52:52.401" /><!-- duration: 0ms -->
    <step title="Saving request content to C:\local\Temp\zipdeploy\ghbqcfjy.zip" date="2025-11-20T06:52:52.401" >
      <step title="Total 23,565,497 bytes written to C:\local\Temp\zipdeploy\ghbqcfjy.zip" date="2025-11-20T06:52:59.495" /><!-- duration: 16ms -->
    </step><!-- duration: 7109ms -->
    <step title="LockFile &apos;C:\home\site\locks\deployments.lock&apos; released" date="2025-11-20T06:52:59.510" /><!-- duration: 16ms -->
    <step title="Deleting shutdown sentinel file" date="2025-11-20T06:52:59.526" SemaphoreCount="8" /><!-- duration: 16ms -->
    <step title="Starting FetchDeploy" date="2025-11-20T06:52:59.541" /><!-- duration: 0ms -->
    <step title="Start deployment in the background" date="2025-11-20T06:52:59.541" /><!-- duration: 78ms -->
  </step><!-- duration: 7297ms -->
  <step title="Outgoing response" date="2025-11-20T06:52:59.635" type="response" statusCode="202" statusText="Accepted" Server="Microsoft-IIS/10.0" x-ms-request-id="84aa6796-c5dd-11f0-8502-c025a5cfe792" Retry-After="30" Cache-Control="private" X-AspNet-Version="4.0.30319" Location="https://ngcanduapi.scm.azurewebsites.net/api/deployments/latest?deployer=ZipDeploy&amp;time=2025-11-20_06-52-59Z" /><!-- duration: 0ms -->
</step><!-- duration: 7688ms -->
