<step title="Incoming Request" date="2025-11-17T13:17:15.947" instance="92ca53" url="/api/publish?type=zip" method="POST" type="request" pid="14900,2,7" Cache-Control="no-cache" Connection="Keep-Alive" Content-Length="24073116" Content-Type="application/octet-stream" Accept="*/*" Accept-Encoding="gzip, deflate" Authorization="Bas..." Host="ngcanduapi.scm.azurewebsites.net" User-Agent="AZURECLI/2.75.0 (MSI)" x-ms-client-request-id="b69a864d-c3b7-11f0-b248-c025a5cfe792" X-ARR-LOG-ID="b69a864d-c3b7-11f0-b248-c025a5cfe792" CLIENT-IP="197.234.156.224:54330" X-SITE-DEPLOYMENT-ID="NgCanduAPI" WAS-DEFAULT-HOSTNAME="ngcanduapi.scm.azurewebsites.net" X-Forwarded-Proto="https" X-AppService-Proto="https" X-Forwarded-TlsVersion="1.3" X-WAWS-Unencoded-URL="/api/publish?type=zip" X-MS-COLDSTART="1" >
  <step title="OneDeploy" date="2025-11-17T13:17:16.463" >
    <step title="Starting PushDeployAsync" date="2025-11-17T13:17:16.494" /><!-- duration: 0ms -->
    <step title="Updating shutdown sentinel last write time" date="2025-11-17T13:17:16.541" SemaphoreCount="7" /><!-- duration: 0ms -->
    <step title="LockFile &apos;C:\home\site\locks\deployments.lock&apos; acquired" date="2025-11-17T13:17:16.556" /><!-- duration: 0ms -->
    <step title="Saving request content to C:\local\Temp\zipdeploy\xjz1p0pd.zip" date="2025-11-17T13:17:16.556" >
      <step title="Total 24,073,116 bytes written to C:\local\Temp\zipdeploy\xjz1p0pd.zip" date="2025-11-17T13:17:18.416" /><!-- duration: 0ms -->
    </step><!-- duration: 1875ms -->
    <step title="LockFile &apos;C:\home\site\locks\deployments.lock&apos; released" date="2025-11-17T13:17:18.431" /><!-- duration: 16ms -->
    <step title="Deleting shutdown sentinel file" date="2025-11-17T13:17:18.447" SemaphoreCount="8" /><!-- duration: 16ms -->
    <step title="Starting FetchDeploy" date="2025-11-17T13:17:18.463" /><!-- duration: 0ms -->
    <step title="Attempting to fetch target branch HEAD" date="2025-11-17T13:17:18.478" /><!-- duration: 0ms -->
    <step title="Updating shutdown sentinel last write time" date="2025-11-17T13:17:18.478" SemaphoreCount="7" /><!-- duration: 16ms -->
    <step title="LockFile &apos;C:\home\site\locks\deployments.lock&apos; acquired" date="2025-11-17T13:17:18.494" /><!-- duration: 0ms -->
    <step title="Performing fetch based deployment" date="2025-11-17T13:17:18.510" >
      <step title="Creating temporary deployment" date="2025-11-17T13:17:18.510" /><!-- duration: 47ms -->
      <step title="Fetching changes." date="2025-11-17T13:17:18.635" /><!-- duration: 0ms -->
      <step title="Starting LocalZipHandler" date="2025-11-17T13:17:18.650" /><!-- duration: 0ms -->
      <step title="Starting LocalZipFetch" date="2025-11-17T13:17:18.650" /><!-- duration: 16ms -->
      <step title="Cleaning up temp folders from previous zip deployments and extracting pushed zip file C:\local\Temp\zipdeploy\xjz1p0pd.zip (22.96 MB) to C:\local\Temp\zipdeploy\extracted" date="2025-11-17T13:17:18.666" /><!-- duration: 16ms -->
      <step title="Cleaning up temp folders from previous zip deployments and extracting pushed zip file C:\local\Temp\zipdeploy\xjz1p0pd.zip (22.96 MB) to C:\local\Temp\zipdeploy\extracted" date="2025-11-17T13:17:18.681" >
        <step title="Extracting 263 entries to C:\local\Temp\zipdeploy\extracted directory" date="2025-11-17T13:17:18.697" >
          <step title="Extracting to C:\local\Temp\zipdeploy\extracted\ca\Hangfire.Core.resources.dll ..." date="2025-11-17T13:17:18.713" /><!-- duration: 0ms -->
          <step title="Extracting to C:\local\Temp\zipdeploy\extracted\de\Hangfire.Core.resources.dll ..." date="2025-11-17T13:17:18.728" /><!-- duration: 0ms -->
          <step title="Extracting to C:\local\Temp\zipdeploy\extracted\es\Hangfire.Core.resources.dll ..." date="2025-11-17T13:17:18.728" /><!-- duration: 16ms -->
          <step title="Extracting to C:\local\Temp\zipdeploy\extracted\fa\Hangfire.Core.resources.dll ..." date="2025-11-17T13:17:18.744" /><!-- duration: 0ms -->
          <step title="Extracting to C:\local\Temp\zipdeploy\extracted\fr\Hangfire.Core.resources.dll ..." date="2025-11-17T13:17:18.760" /><!-- duration: 0ms -->
          <step title="Omitting extracting file traces ..." date="2025-11-17T13:17:18.760" /><!-- duration: 16ms -->
        </step><!-- duration: 938ms -->
      </step><!-- duration: 969ms -->
      <step title="None repository commit" date="2025-11-17T13:17:19.650" >
        <step title="Commit id: 5d6f1f8b98904f4cbbf4363a60cdc61c" date="2025-11-17T13:17:19.650" Message="OneDeploy" AuthorName="N/A" AuthorEmail="N/A" /><!-- duration: 16ms -->
      </step><!-- duration: 16ms -->
      <step title="Before sending BuildRequestReceived status to /api/updatedeploystatus" date="2025-11-17T13:17:19.666" /><!-- duration: 16ms -->
      <step title="DeploymentManager.Deploy(id:5d6f1f8b98904f4cbbf4363a60cdc61c)" date="2025-11-17T13:17:19.681" >
        <step title="Collecting changeset information" date="2025-11-17T13:17:19.697" /><!-- duration: 47ms -->
        <step title="Updating submodules" date="2025-11-17T13:17:19.744" >
          <step title="Updating submodules." date="2025-11-17T13:17:19.775" /><!-- duration: 16ms -->
        </step><!-- duration: 47ms -->
        <step title="Preparing deployment for commit id &apos;5d6f1f8b98&apos;." date="2025-11-17T13:17:19.838" /><!-- duration: 0ms -->
        <step title="Determining deployment builder" date="2025-11-17T13:17:19.885" >
          <step title="Builder is OneDeployBuilder" date="2025-11-17T13:17:19.885" /><!-- duration: 0ms -->
        </step><!-- duration: 16ms -->
        <step title="Copying SSH keys" date="2025-11-17T13:17:19.931" /><!-- duration: 0ms -->
        <step title="Building" date="2025-11-17T13:17:19.947" >
          <step title="Running build. Project type: OneDeploy" date="2025-11-17T13:17:19.978" /><!-- duration: 0ms -->
          <step title="Copying the manifest" date="2025-11-17T13:17:20.025" /><!-- duration: 16ms -->
          <step title="Clean deploying to C:\home\site\wwwroot" date="2025-11-17T13:17:20.103" /><!-- duration: 0ms -->
          <step title="Generating deployment script." date="2025-11-17T13:17:20.166" /><!-- duration: 0ms -->
          <step title="Generating deployment script" date="2025-11-17T13:17:20.166" >
            <step title="Using cached version of the deployment script for command: -y --no-dot-deployment -r &quot;C:\local\Temp\zipdeploy\extracted&quot; -o &quot;C:\home\site\deployments\tools&quot; --basic --sitePath &quot;C:\local\Temp\zipdeploy\extracted&quot;" date="2025-11-17T13:17:20.213" /><!-- duration: 16ms -->
            <step title="Using cached version of deployment script (command: &apos;azure -y --no-dot-deployment -r &quot;C:\local\Temp\zipdeploy\extracted&quot; -o &quot;C:\home\site\deployments\tools&quot; --basic --sitePath &quot;C:\local\Temp\zipdeploy\extracted&quot;&apos;)." date="2025-11-17T13:17:20.244" /><!-- duration: 0ms -->
          </step><!-- duration: 94ms -->
          <step title="Running deployment command..." date="2025-11-17T13:17:20.306" /><!-- duration: 0ms -->
          <step title="Command: &quot;C:\home\site\deployments\tools\deploy.cmd&quot;" date="2025-11-17T13:17:20.322" /><!-- duration: 0ms -->
          <step title="Executing external process" date="2025-11-17T13:17:20.353" type="process" path="starter.cmd" arguments="&quot;C:\home\site\deployments\tools\deploy.cmd&quot;" >
            <step title="Handling Basic Web Site deployment." date="2025-11-17T13:17:20.478" /><!-- duration: 0ms -->
            <step title="Creating app_offline.htm" date="2025-11-17T13:17:23.010" /><!-- duration: 0ms -->
            <step title="KuduSync.NET from: &apos;C:\local\Temp\zipdeploy\extracted&apos; to: &apos;C:\home\site\wwwroot&apos;" date="2025-11-17T13:17:23.025" /><!-- duration: 0ms -->
            <step title="Copying file: &apos;MH.Infrastructure.dll&apos;" date="2025-11-17T13:17:23.041" /><!-- duration: 16ms -->
            <step title="Copying file: &apos;MH.Infrastructure.pdb&apos;" date="2025-11-17T13:17:23.057" /><!-- duration: 16ms -->
            <step title="Deleting app_offline.htm" date="2025-11-17T13:17:23.088" /><!-- duration: 0ms -->
            <step title="Finished successfully." date="2025-11-17T13:17:23.103" /><!-- duration: 0ms -->
          </step><!-- duration: 2766ms -->
          <step title="Build completed succesfully." date="2025-11-17T13:17:23.150" /><!-- duration: 0ms -->
          <step title="Running post deployment command(s)..." date="2025-11-17T13:17:23.197" /><!-- duration: 0ms -->
          <step title="Requesting site restart" date="2025-11-17T13:17:23.291" /><!-- duration: 0ms -->
          <step title="Requesting site restart" date="2025-11-17T13:17:23.307" /><!-- duration: 0ms -->
          <step title="Requesting site restart. Attempt #1" date="2025-11-17T13:17:23.369" /><!-- duration: 0ms -->
          <step title="Requesting site restart. Attempt #1" date="2025-11-17T13:17:23.385" /><!-- duration: 0ms -->
          <step title="Successfully requested a restart. Attempt #1" date="2025-11-17T13:17:23.713" /><!-- duration: 16ms -->
          <step title="Successfully requested a restart. Attempt #1" date="2025-11-17T13:17:23.728" /><!-- duration: 0ms -->
          <step title="Deployment successful. DEPLOYMENTINFO: deploymentPath = OneDeploy, deployer = OneDeploy, os = windows, sku = Free, siteName = NgCanduAPI, siteHostName = ngcanduapi.azurewebsites.net, deploymentStatus = Success" date="2025-11-17T13:17:23.775" /><!-- duration: 16ms -->
          <step title="Purge deployment items" date="2025-11-17T13:17:23.947" >
            <step title="Remove 194632e95, Success, received at 11/17/2025 11:50:20 AM" date="2025-11-17T13:17:23.994" /><!-- duration: 16ms -->
          </step><!-- duration: 63ms -->
        </step><!-- duration: 4078ms -->
      </step><!-- duration: 4344ms -->
      <step title="Cleaning up temp files" date="2025-11-17T13:17:24.041" /><!-- duration: 0ms -->
      <step title="Skip function trigger and logicapp sync because function is not enabled." date="2025-11-17T13:17:24.057" /><!-- duration: 0ms -->
    </step><!-- duration: 5594ms -->
    <step title="LockFile &apos;C:\home\site\locks\deployments.lock&apos; released" date="2025-11-17T13:17:24.119" /><!-- duration: 0ms -->
    <step title="Deleting shutdown sentinel file" date="2025-11-17T13:17:24.135" SemaphoreCount="8" /><!-- duration: 0ms -->
  </step><!-- duration: 7672ms -->
  <step title="Outgoing response" date="2025-11-17T13:17:24.166" type="response" statusCode="200" statusText="OK" Server="Microsoft-IIS/10.0" x-ms-request-id="b69a864d-c3b7-11f0-b248-c025a5cfe792" Cache-Control="private" X-AspNet-Version="4.0.30319" /><!-- duration: 16ms -->
</step><!-- duration: 8234ms -->
