<step title="BackgroundTrace" date="2025-11-19T13:44:00.227" instance="92ca53" url="/api/zipdeploy" method="POST" >
  <step title="Updating shutdown sentinel last write time" date="2025-11-19T13:44:00.242" SemaphoreCount="7" /><!-- duration: 0ms -->
  <step title="LockFile &apos;C:\home\site\locks\deployments.lock&apos; acquired" date="2025-11-19T13:44:00.242" /><!-- duration: 16ms -->
  <step title="Creating temporary deployment" date="2025-11-19T13:44:00.258" /><!-- duration: 47ms -->
  <step title="Performing fetch based deployment" date="2025-11-19T13:44:00.320" >
    <step title="Fetching changes." date="2025-11-19T13:44:00.383" /><!-- duration: 16ms -->
    <step title="Starting LocalZipHandler" date="2025-11-19T13:44:00.398" /><!-- duration: 0ms -->
    <step title="Cleaning up temp folders from previous zip deployments and extracting pushed zip file C:\local\Temp\zipdeploy\rtmoontx.zip (23.18 MB) to C:\local\Temp\zipdeploy\extracted" date="2025-11-19T13:44:00.430" /><!-- duration: 16ms -->
    <step title="Cleaning up temp folders from previous zip deployments and extracting pushed zip file C:\local\Temp\zipdeploy\rtmoontx.zip (23.18 MB) to C:\local\Temp\zipdeploy\extracted" date="2025-11-19T13:44:00.445" >
      <step title="Extracting 317 entries to C:\local\Temp\zipdeploy\extracted directory" date="2025-11-19T13:44:00.461" >
        <step title="Extracting to C:\local\Temp\zipdeploy\extracted\ca\Hangfire.Core.resources.dll ..." date="2025-11-19T13:44:00.461" /><!-- duration: 16ms -->
        <step title="Extracting to C:\local\Temp\zipdeploy\extracted\de\Hangfire.Core.resources.dll ..." date="2025-11-19T13:44:00.492" /><!-- duration: 0ms -->
        <step title="Extracting to C:\local\Temp\zipdeploy\extracted\es\Hangfire.Core.resources.dll ..." date="2025-11-19T13:44:00.492" /><!-- duration: 16ms -->
        <step title="Extracting to C:\local\Temp\zipdeploy\extracted\fa\Hangfire.Core.resources.dll ..." date="2025-11-19T13:44:00.508" /><!-- duration: 0ms -->
        <step title="Extracting to C:\local\Temp\zipdeploy\extracted\fr\Hangfire.Core.resources.dll ..." date="2025-11-19T13:44:00.523" /><!-- duration: 0ms -->
        <step title="Omitting extracting file traces ..." date="2025-11-19T13:44:00.523" /><!-- duration: 16ms -->
      </step><!-- duration: 1000ms -->
    </step><!-- duration: 1016ms -->
    <step title="Before sending BuildRequestReceived status to /api/updatedeploystatus" date="2025-11-19T13:44:01.477" /><!-- duration: 0ms -->
    <step title="DeploymentManager.Deploy(id:aa832a8ad5b640dbba3a19a5da11b58a)" date="2025-11-19T13:44:01.492" >
      <step title="Collecting changeset information" date="2025-11-19T13:44:01.492" /><!-- duration: 47ms -->
      <step title="Updating submodules" date="2025-11-19T13:44:01.555" >
        <step title="Updating submodules." date="2025-11-19T13:44:01.586" /><!-- duration: 16ms -->
      </step><!-- duration: 47ms -->
      <step title="Preparing deployment for commit id &apos;aa832a8ad5&apos;." date="2025-11-19T13:44:01.648" /><!-- duration: 0ms -->
      <step title="Determining deployment builder" date="2025-11-19T13:44:01.695" >
        <step title="Builder is BasicBuilder" date="2025-11-19T13:44:01.711" /><!-- duration: 0ms -->
      </step><!-- duration: 16ms -->
      <step title="Copying SSH keys" date="2025-11-19T13:44:01.742" /><!-- duration: 0ms -->
      <step title="Building" date="2025-11-19T13:44:01.758" >
        <step title="Generating deployment script." date="2025-11-19T13:44:01.789" /><!-- duration: 16ms -->
        <step title="Generating deployment script" date="2025-11-19T13:44:01.805" >
          <step title="Using cached version of the deployment script for command: -y --no-dot-deployment -r &quot;C:\local\Temp\zipdeploy\extracted&quot; -o &quot;C:\home\site\deployments\tools&quot; --basic --sitePath &quot;C:\local\Temp\zipdeploy\extracted&quot;" date="2025-11-19T13:44:01.852" /><!-- duration: 0ms -->
          <step title="Using cached version of deployment script (command: &apos;azure -y --no-dot-deployment -r &quot;C:\local\Temp\zipdeploy\extracted&quot; -o &quot;C:\home\site\deployments\tools&quot; --basic --sitePath &quot;C:\local\Temp\zipdeploy\extracted&quot;&apos;)." date="2025-11-19T13:44:01.867" /><!-- duration: 0ms -->
        </step><!-- duration: 63ms -->
        <step title="Running deployment command..." date="2025-11-19T13:44:01.914" /><!-- duration: 0ms -->
        <step title="Command: &quot;C:\home\site\deployments\tools\deploy.cmd&quot;" date="2025-11-19T13:44:01.930" /><!-- duration: 16ms -->
        <step title="Executing external process" date="2025-11-19T13:44:01.961" type="process" path="starter.cmd" arguments="&quot;C:\home\site\deployments\tools\deploy.cmd&quot;" >
          <step title="Handling Basic Web Site deployment." date="2025-11-19T13:44:02.102" /><!-- duration: 0ms -->
          <step title="Creating app_offline.htm" date="2025-11-19T13:44:02.742" /><!-- duration: 0ms -->
          <step title="KuduSync.NET from: &apos;C:\local\Temp\zipdeploy\extracted&apos; to: &apos;C:\home\site\wwwroot&apos;" date="2025-11-19T13:44:02.758" /><!-- duration: 0ms -->
          <step title="Copying file: &apos;appsettings.Development.json&apos;" date="2025-11-19T13:44:02.773" /><!-- duration: 0ms -->
          <step title="Copying file: &apos;appsettings.json&apos;" date="2025-11-19T13:44:02.789" /><!-- duration: 0ms -->
          <step title="Copying file: &apos;AutoMapper.dll&apos;" date="2025-11-19T13:44:02.805" /><!-- duration: 0ms -->
          <step title="Copying file: &apos;AutoMapper.Extensions.Microsoft.DependencyInjection.dll&apos;" date="2025-11-19T13:44:02.820" /><!-- duration: 0ms -->
          <step title="Copying file: &apos;Azure.Core.dll&apos;" date="2025-11-19T13:44:02.836" /><!-- duration: 0ms -->
          <step title="Copying file: &apos;Azure.Identity.dll&apos;" date="2025-11-19T13:44:02.852" /><!-- duration: 0ms -->
          <step title="Copying file: &apos;BouncyCastle.Crypto.dll&apos;" date="2025-11-19T13:44:02.867" /><!-- duration: 0ms -->
          <step title="Copying file: &apos;FluentValidation.AspNetCore.dll&apos;" date="2025-11-19T13:44:02.867" /><!-- duration: 16ms -->
          <step title="Copying file: &apos;FluentValidation.DependencyInjectionExtensions.dll&apos;" date="2025-11-19T13:44:02.883" /><!-- duration: 16ms -->
          <step title="Copying file: &apos;FluentValidation.dll&apos;" date="2025-11-19T13:44:02.898" /><!-- duration: 16ms -->
          <step title="Copying file: &apos;Google.Apis.Auth.dll&apos;" date="2025-11-19T13:44:02.914" /><!-- duration: 0ms -->
          <step title="Copying file: &apos;Google.Apis.Auth.PlatformServices.dll&apos;" date="2025-11-19T13:44:02.930" /><!-- duration: 0ms -->
          <step title="Copying file: &apos;Google.Apis.Core.dll&apos;" date="2025-11-19T13:44:02.946" /><!-- duration: 0ms -->
          <step title="Copying file: &apos;Google.Apis.dll&apos;" date="2025-11-19T13:44:02.961" /><!-- duration: 0ms -->
          <step title="Copying file: &apos;Hangfire.AspNetCore.dll&apos;" date="2025-11-19T13:44:02.977" /><!-- duration: 0ms -->
          <step title="Copying file: &apos;Hangfire.Core.dll&apos;" date="2025-11-19T13:44:02.993" /><!-- duration: 0ms -->
          <step title="Copying file: &apos;Hangfire.SqlServer.dll&apos;" date="2025-11-19T13:44:03.008" /><!-- duration: 0ms -->
          <step title="Copying file: &apos;MailKit.dll&apos;" date="2025-11-19T13:44:03.024" /><!-- duration: 0ms -->
          <step title="Copying file: &apos;MH.Api.deps.json&apos;" date="2025-11-19T13:44:03.040" /><!-- duration: 0ms -->
          <step title="Copying file: &apos;MH.Api.dll&apos;" date="2025-11-19T13:44:03.055" /><!-- duration: 0ms -->
          <step title="Copying file: &apos;MH.Api.exe&apos;" date="2025-11-19T13:44:03.055" /><!-- duration: 16ms -->
          <step title="Copying file: &apos;MH.Api.pdb&apos;" date="2025-11-19T13:44:03.071" /><!-- duration: 16ms -->
          <step title="Copying file: &apos;MH.Api.runtimeconfig.json&apos;" date="2025-11-19T13:44:03.149" /><!-- duration: 0ms -->
          <step title="Copying file: &apos;MH.Api.staticwebassets.endpoints.json&apos;" date="2025-11-19T13:44:03.165" /><!-- duration: 0ms -->
          <step title="Copying file: &apos;MH.Application.deps.json&apos;" date="2025-11-19T13:44:03.180" /><!-- duration: 0ms -->
          <step title="Copying file: &apos;MH.Application.dll&apos;" date="2025-11-19T13:44:03.196" /><!-- duration: 0ms -->
          <step title="Copying file: &apos;MH.Application.pdb&apos;" date="2025-11-19T13:44:03.211" /><!-- duration: 0ms -->
          <step title="Copying file: &apos;MH.Domain.deps.json&apos;" date="2025-11-19T13:44:03.227" /><!-- duration: 0ms -->
          <step title="Copying file: &apos;MH.Domain.dll&apos;" date="2025-11-19T13:44:03.243" /><!-- duration: 0ms -->
          <step title="Copying file: &apos;MH.Domain.pdb&apos;" date="2025-11-19T13:44:03.243" /><!-- duration: 16ms -->
          <step title="Copying file: &apos;MH.Infrastructure.deps.json&apos;" date="2025-11-19T13:44:03.258" /><!-- duration: 16ms -->
          <step title="Copying file: &apos;MH.Infrastructure.dll&apos;" date="2025-11-19T13:44:03.274" /><!-- duration: 16ms -->
          <step title="Copying file: &apos;MH.Infrastructure.pdb&apos;" date="2025-11-19T13:44:03.290" /><!-- duration: 0ms -->
          <step title="Copying file: &apos;MH.Infrastructure.runtimeconfig.json&apos;" date="2025-11-19T13:44:03.305" /><!-- duration: 16ms -->
          <step title="Copying file: &apos;Microsoft.ApplicationInsights.dll&apos;" date="2025-11-19T13:44:03.321" /><!-- duration: 0ms -->
          <step title="Copying file: &apos;Microsoft.AspNetCore.Authentication.Facebook.dll&apos;" date="2025-11-19T13:44:03.336" /><!-- duration: 0ms -->
          <step title="Copying file: &apos;Microsoft.AspNetCore.Authentication.JwtBearer.dll&apos;" date="2025-11-19T13:44:03.352" /><!-- duration: 0ms -->
          <step title="Copying file: &apos;Microsoft.AspNetCore.Cryptography.Internal.dll&apos;" date="2025-11-19T13:44:03.368" /><!-- duration: 0ms -->
          <step title="Copying file: &apos;Microsoft.AspNetCore.Cryptography.KeyDerivation.dll&apos;" date="2025-11-19T13:44:03.383" /><!-- duration: 0ms -->
          <step title="Copying file: &apos;Microsoft.AspNetCore.Http.Features.dll&apos;" date="2025-11-19T13:44:03.399" /><!-- duration: 0ms -->
          <step title="Copying file: &apos;Microsoft.AspNetCore.Identity.EntityFrameworkCore.dll&apos;" date="2025-11-19T13:44:03.415" /><!-- duration: 0ms -->
          <step title="Copying file: &apos;Microsoft.Bcl.AsyncInterfaces.dll&apos;" date="2025-11-19T13:44:03.430" /><!-- duration: 0ms -->
          <step title="Copying file: &apos;Microsoft.Data.SqlClient.dll&apos;" date="2025-11-19T13:44:03.446" /><!-- duration: 0ms -->
          <step title="Copying file: &apos;Microsoft.EntityFrameworkCore.Abstractions.dll&apos;" date="2025-11-19T13:44:03.446" /><!-- duration: 16ms -->
          <step title="Copying file: &apos;Microsoft.EntityFrameworkCore.dll&apos;" date="2025-11-19T13:44:03.461" /><!-- duration: 16ms -->
          <step title="Copying file: &apos;Microsoft.EntityFrameworkCore.Relational.dll&apos;" date="2025-11-19T13:44:03.524" /><!-- duration: 16ms -->
          <step title="Copying file: &apos;Microsoft.EntityFrameworkCore.SqlServer.dll&apos;" date="2025-11-19T13:44:03.540" /><!-- duration: 31ms -->
          <step title="Copying file: &apos;Microsoft.Extensions.Caching.Abstractions.dll&apos;" date="2025-11-19T13:44:03.571" /><!-- duration: 0ms -->
          <step title="Omitting next output lines..." date="2025-11-19T13:44:03.586" /><!-- duration: 16ms -->
          <step title="Finished successfully." date="2025-11-19T13:44:08.165" /><!-- duration: 16ms -->
        </step><!-- duration: 6220ms -->
        <step title="Running post deployment command(s)..." date="2025-11-19T13:44:08.228" /><!-- duration: 0ms -->
        <step title="Triggering recycle (preview mode disabled)." date="2025-11-19T13:44:08.290" /><!-- duration: 0ms -->
        <step title="Ignoring FS watcher based recycle request as this is a classic Windows app." date="2025-11-19T13:44:08.290" /><!-- duration: 0ms -->
        <step title="Deployment successful. DEPLOYMENTINFO: deploymentPath = ZipDeploy. Extract zip. , deployer = ZipDeploy, os = windows, sku = Free, siteName = NgCanduAPI, siteHostName = ngcanduapi.azurewebsites.net, deploymentStatus = Success" date="2025-11-19T13:44:08.337" /><!-- duration: 16ms -->
        <step title="Purge deployment items" date="2025-11-19T13:44:08.431" >
          <step title="Remove 08669cb46, Success, received at 11/18/2025 8:31:58 AM" date="2025-11-19T13:44:08.494" /><!-- duration: 0ms -->
        </step><!-- duration: 78ms -->
      </step><!-- duration: 6767ms -->
    </step><!-- duration: 7064ms -->
    <step title="Cleaning up temp files" date="2025-11-19T13:44:08.556" /><!-- duration: 0ms -->
    <step title="Skip function trigger and logicapp sync because function is not enabled." date="2025-11-19T13:44:08.572" /><!-- duration: 16ms -->
  </step><!-- duration: 8283ms -->
  <step title="LockFile &apos;C:\home\site\locks\deployments.lock&apos; released" date="2025-11-19T13:44:08.619" /><!-- duration: 0ms -->
  <step title="Deleting shutdown sentinel file" date="2025-11-19T13:44:08.634" SemaphoreCount="8" /><!-- duration: 0ms -->
</step><!-- duration: 8408ms -->
