<step title="Incoming Request" date="2025-11-18T08:31:52.077" instance="92ca53" url="/api/publish?type=zip" method="POST" type="request" pid="11140,2,14" Cache-Control="no-cache" Content-Length="23482031" Content-Type="application/octet-stream" Accept="*/*" Accept-Encoding="gzip, deflate" Authorization="Bas..." Host="ngcanduapi.scm.azurewebsites.net" User-Agent="AZURECLI/2.75.0 (MSI)" x-ms-client-request-id="037ab547-c459-11f0-b493-c025a5cfe792" X-ARR-LOG-ID="037ab547-c459-11f0-b493-c025a5cfe792" CLIENT-IP="197.234.156.224:55020" X-SITE-DEPLOYMENT-ID="NgCanduAPI" WAS-DEFAULT-HOSTNAME="ngcanduapi.scm.azurewebsites.net" X-Forwarded-Proto="https" X-AppService-Proto="https" X-Forwarded-TlsVersion="1.3" X-WAWS-Unencoded-URL="/api/publish?type=zip" >
  <step title="Cleanup Xml Logs" date="2025-11-18T08:31:52.077" /><!-- duration: 16ms -->
  <step title="OneDeploy" date="2025-11-18T08:31:52.546" >
    <step title="Starting PushDeployAsync" date="2025-11-18T08:31:52.593" /><!-- duration: 0ms -->
    <step title="Updating shutdown sentinel last write time" date="2025-11-18T08:31:52.640" SemaphoreCount="7" /><!-- duration: 0ms -->
    <step title="LockFile &apos;C:\home\site\locks\deployments.lock&apos; acquired" date="2025-11-18T08:31:52.655" /><!-- duration: 0ms -->
    <step title="Saving request content to C:\local\Temp\zipdeploy\jtj1qw0o.zip" date="2025-11-18T08:31:52.671" >
      <step title="Total 23,482,031 bytes written to C:\local\Temp\zipdeploy\jtj1qw0o.zip" date="2025-11-18T08:31:57.453" /><!-- duration: 0ms -->
    </step><!-- duration: 4781ms -->
    <step title="LockFile &apos;C:\home\site\locks\deployments.lock&apos; released" date="2025-11-18T08:31:57.468" /><!-- duration: 0ms -->
    <step title="Deleting shutdown sentinel file" date="2025-11-18T08:31:57.484" SemaphoreCount="8" /><!-- duration: 0ms -->
    <step title="Starting FetchDeploy" date="2025-11-18T08:31:57.484" /><!-- duration: 16ms -->
    <step title="Attempting to fetch target branch HEAD" date="2025-11-18T08:31:57.499" /><!-- duration: 0ms -->
    <step title="Updating shutdown sentinel last write time" date="2025-11-18T08:31:57.515" SemaphoreCount="7" /><!-- duration: 0ms -->
    <step title="LockFile &apos;C:\home\site\locks\deployments.lock&apos; acquired" date="2025-11-18T08:31:57.531" /><!-- duration: 0ms -->
    <step title="Performing fetch based deployment" date="2025-11-18T08:31:57.546" >
      <step title="Creating temporary deployment" date="2025-11-18T08:31:57.546" /><!-- duration: 47ms -->
      <step title="Fetching changes." date="2025-11-18T08:31:57.656" /><!-- duration: 16ms -->
      <step title="Starting LocalZipHandler" date="2025-11-18T08:31:57.671" /><!-- duration: 16ms -->
      <step title="Starting LocalZipFetch" date="2025-11-18T08:31:57.687" /><!-- duration: 16ms -->
      <step title="Cleaning up temp folders from previous zip deployments and extracting pushed zip file C:\local\Temp\zipdeploy\jtj1qw0o.zip (22.39 MB) to C:\local\Temp\zipdeploy\extracted" date="2025-11-18T08:31:57.703" /><!-- duration: 16ms -->
      <step title="Cleaning up temp folders from previous zip deployments and extracting pushed zip file C:\local\Temp\zipdeploy\jtj1qw0o.zip (22.39 MB) to C:\local\Temp\zipdeploy\extracted" date="2025-11-18T08:31:57.718" >
        <step title="Renaming extractTargetDirectory(C:\local\Temp\zipdeploy\extracted) to tempDirectory(C:\local\Temp\zipdeploy\fqmpzmtb.40e)" date="2025-11-18T08:31:57.718" /><!-- duration: 16ms -->
        <step title="Extracting 269 entries to C:\local\Temp\zipdeploy\extracted directory" date="2025-11-18T08:31:57.749" >
          <step title="Extracting to C:\local\Temp\zipdeploy\extracted\ca\Hangfire.Core.resources.dll ..." date="2025-11-18T08:31:57.749" /><!-- duration: 16ms -->
          <step title="Extracting to C:\local\Temp\zipdeploy\extracted\de\Hangfire.Core.resources.dll ..." date="2025-11-18T08:31:57.781" /><!-- duration: 0ms -->
          <step title="Extracting to C:\local\Temp\zipdeploy\extracted\es\Hangfire.Core.resources.dll ..." date="2025-11-18T08:31:57.796" /><!-- duration: 0ms -->
          <step title="Extracting to C:\local\Temp\zipdeploy\extracted\fa\Hangfire.Core.resources.dll ..." date="2025-11-18T08:31:57.796" /><!-- duration: 16ms -->
          <step title="Extracting to C:\local\Temp\zipdeploy\extracted\fr\Hangfire.Core.resources.dll ..." date="2025-11-18T08:31:57.812" /><!-- duration: 16ms -->
          <step title="Omitting extracting file traces ..." date="2025-11-18T08:31:57.828" /><!-- duration: 16ms -->
        </step><!-- duration: 938ms -->
      </step><!-- duration: 984ms -->
      <step title="None repository commit" date="2025-11-18T08:31:58.703" >
        <step title="Commit id: 08669cb46d714ea98caa2b2a66e4fe6c" date="2025-11-18T08:31:58.718" Message="OneDeploy" AuthorName="N/A" AuthorEmail="N/A" /><!-- duration: 0ms -->
      </step><!-- duration: 16ms -->
      <step title="Before sending BuildRequestReceived status to /api/updatedeploystatus" date="2025-11-18T08:31:58.734" /><!-- duration: 0ms -->
      <step title="DeploymentManager.Deploy(id:08669cb46d714ea98caa2b2a66e4fe6c)" date="2025-11-18T08:31:58.749" >
        <step title="Collecting changeset information" date="2025-11-18T08:31:58.749" /><!-- duration: 47ms -->
        <step title="Updating submodules" date="2025-11-18T08:31:58.796" >
          <step title="Updating submodules." date="2025-11-18T08:31:58.859" /><!-- duration: 0ms -->
        </step><!-- duration: 78ms -->
        <step title="Preparing deployment for commit id &apos;08669cb46d&apos;." date="2025-11-18T08:31:58.906" /><!-- duration: 16ms -->
        <step title="Determining deployment builder" date="2025-11-18T08:31:58.968" >
          <step title="Builder is OneDeployBuilder" date="2025-11-18T08:31:58.968" /><!-- duration: 16ms -->
        </step><!-- duration: 16ms -->
        <step title="Copying SSH keys" date="2025-11-18T08:31:58.999" /><!-- duration: 16ms -->
        <step title="Building" date="2025-11-18T08:31:59.015" >
          <step title="Running build. Project type: OneDeploy" date="2025-11-18T08:31:59.062" /><!-- duration: 0ms -->
          <step title="Copying the manifest" date="2025-11-18T08:31:59.109" /><!-- duration: 0ms -->
          <step title="Clean deploying to C:\home\site\wwwroot" date="2025-11-18T08:31:59.171" /><!-- duration: 0ms -->
          <step title="Generating deployment script." date="2025-11-18T08:31:59.218" /><!-- duration: 16ms -->
          <step title="Generating deployment script" date="2025-11-18T08:31:59.234" >
            <step title="Using cached version of the deployment script for command: -y --no-dot-deployment -r &quot;C:\local\Temp\zipdeploy\extracted&quot; -o &quot;C:\home\site\deployments\tools&quot; --basic --sitePath &quot;C:\local\Temp\zipdeploy\extracted&quot;" date="2025-11-18T08:31:59.281" /><!-- duration: 16ms -->
            <step title="Using cached version of deployment script (command: &apos;azure -y --no-dot-deployment -r &quot;C:\local\Temp\zipdeploy\extracted&quot; -o &quot;C:\home\site\deployments\tools&quot; --basic --sitePath &quot;C:\local\Temp\zipdeploy\extracted&quot;&apos;)." date="2025-11-18T08:31:59.312" /><!-- duration: 0ms -->
          </step><!-- duration: 94ms -->
          <step title="Running deployment command..." date="2025-11-18T08:31:59.374" /><!-- duration: 0ms -->
          <step title="Command: &quot;C:\home\site\deployments\tools\deploy.cmd&quot;" date="2025-11-18T08:31:59.390" /><!-- duration: 16ms -->
          <step title="Executing external process" date="2025-11-18T08:31:59.421" type="process" path="starter.cmd" arguments="&quot;C:\home\site\deployments\tools\deploy.cmd&quot;" >
            <step title="Handling Basic Web Site deployment." date="2025-11-18T08:31:59.546" /><!-- duration: 16ms -->
            <step title="Creating app_offline.htm" date="2025-11-18T08:31:59.687" /><!-- duration: 16ms -->
            <step title="KuduSync.NET from: &apos;C:\local\Temp\zipdeploy\extracted&apos; to: &apos;C:\home\site\wwwroot&apos;" date="2025-11-18T08:31:59.718" /><!-- duration: 0ms -->
            <step title="Deleting file: &apos;MH.Application.deps.json&apos;" date="2025-11-18T08:31:59.734" /><!-- duration: 0ms -->
            <step title="Deleting file: &apos;MH.Domain.deps.json&apos;" date="2025-11-18T08:31:59.749" /><!-- duration: 0ms -->
            <step title="Deleting file: &apos;MH.Infrastructure.deps.json&apos;" date="2025-11-18T08:31:59.765" /><!-- duration: 16ms -->
            <step title="Deleting file: &apos;MH.Infrastructure.runtimeconfig.json&apos;" date="2025-11-18T08:31:59.796" /><!-- duration: 0ms -->
            <step title="Deleting file: &apos;Microsoft.AspNetCore.Cryptography.Internal.dll&apos;" date="2025-11-18T08:31:59.874" /><!-- duration: 0ms -->
            <step title="Deleting file: &apos;Microsoft.AspNetCore.Cryptography.KeyDerivation.dll&apos;" date="2025-11-18T08:31:59.890" /><!-- duration: 0ms -->
            <step title="Deleting file: &apos;Microsoft.AspNetCore.Http.Features.dll&apos;" date="2025-11-18T08:31:59.906" /><!-- duration: 16ms -->
            <step title="Deleting file: &apos;Microsoft.Extensions.Caching.Abstractions.dll&apos;" date="2025-11-18T08:31:59.937" /><!-- duration: 0ms -->
            <step title="Deleting file: &apos;Microsoft.Extensions.Caching.Memory.dll&apos;" date="2025-11-18T08:31:59.953" /><!-- duration: 16ms -->
            <step title="Deleting file: &apos;Microsoft.Extensions.Configuration.Abstractions.dll&apos;" date="2025-11-18T08:31:59.984" /><!-- duration: 0ms -->
            <step title="Deleting file: &apos;Microsoft.Extensions.DependencyInjection.Abstractions.dll&apos;" date="2025-11-18T08:31:59.999" /><!-- duration: 0ms -->
            <step title="Deleting file: &apos;Microsoft.Extensions.DependencyInjection.dll&apos;" date="2025-11-18T08:32:00.015" /><!-- duration: 16ms -->
            <step title="Deleting file: &apos;Microsoft.Extensions.Identity.Core.dll&apos;" date="2025-11-18T08:32:00.046" /><!-- duration: 0ms -->
            <step title="Deleting file: &apos;Microsoft.Extensions.Identity.Stores.dll&apos;" date="2025-11-18T08:32:00.062" /><!-- duration: 0ms -->
            <step title="Deleting file: &apos;Microsoft.Extensions.Logging.Abstractions.dll&apos;" date="2025-11-18T08:32:00.078" /><!-- duration: 16ms -->
            <step title="Deleting file: &apos;Microsoft.Extensions.Logging.dll&apos;" date="2025-11-18T08:32:00.171" /><!-- duration: 0ms -->
            <step title="Deleting file: &apos;Microsoft.Extensions.Options.dll&apos;" date="2025-11-18T08:32:00.187" /><!-- duration: 0ms -->
            <step title="Deleting file: &apos;Microsoft.Extensions.Primitives.dll&apos;" date="2025-11-18T08:32:00.203" /><!-- duration: 0ms -->
            <step title="Deleting file: &apos;System.Diagnostics.EventLog.dll&apos;" date="2025-11-18T08:32:00.218" /><!-- duration: 16ms -->
            <step title="Deleting file: &apos;System.IO.Pipelines.dll&apos;" date="2025-11-18T08:32:00.249" /><!-- duration: 0ms -->
            <step title="Deleting file: &apos;System.Security.Cryptography.Pkcs.dll&apos;" date="2025-11-18T08:32:00.265" /><!-- duration: 16ms -->
            <step title="Copying file: &apos;appsettings.Development.json&apos;" date="2025-11-18T08:32:00.281" /><!-- duration: 16ms -->
            <step title="Copying file: &apos;appsettings.json&apos;" date="2025-11-18T08:32:00.296" /><!-- duration: 16ms -->
            <step title="Copying file: &apos;AutoMapper.dll&apos;" date="2025-11-18T08:32:00.328" /><!-- duration: 0ms -->
            <step title="Copying file: &apos;AutoMapper.Extensions.Microsoft.DependencyInjection.dll&apos;" date="2025-11-18T08:32:00.343" /><!-- duration: 0ms -->
            <step title="Copying file: &apos;Azure.Core.dll&apos;" date="2025-11-18T08:32:00.359" /><!-- duration: 0ms -->
            <step title="Copying file: &apos;Azure.Identity.dll&apos;" date="2025-11-18T08:32:00.374" /><!-- duration: 16ms -->
            <step title="Copying file: &apos;BouncyCastle.Crypto.dll&apos;" date="2025-11-18T08:32:00.406" /><!-- duration: 0ms -->
            <step title="Copying file: &apos;FluentValidation.AspNetCore.dll&apos;" date="2025-11-18T08:32:00.421" /><!-- duration: 0ms -->
            <step title="Copying file: &apos;FluentValidation.DependencyInjectionExtensions.dll&apos;" date="2025-11-18T08:32:00.437" /><!-- duration: 0ms -->
            <step title="Copying file: &apos;FluentValidation.dll&apos;" date="2025-11-18T08:32:00.453" /><!-- duration: 16ms -->
            <step title="Copying file: &apos;Google.Apis.Auth.dll&apos;" date="2025-11-18T08:32:00.484" /><!-- duration: 0ms -->
            <step title="Copying file: &apos;Google.Apis.Auth.PlatformServices.dll&apos;" date="2025-11-18T08:32:00.499" /><!-- duration: 0ms -->
            <step title="Copying file: &apos;Google.Apis.Core.dll&apos;" date="2025-11-18T08:32:00.515" /><!-- duration: 16ms -->
            <step title="Copying file: &apos;Google.Apis.dll&apos;" date="2025-11-18T08:32:00.531" /><!-- duration: 16ms -->
            <step title="Copying file: &apos;Hangfire.AspNetCore.dll&apos;" date="2025-11-18T08:32:00.562" /><!-- duration: 0ms -->
            <step title="Copying file: &apos;Hangfire.Core.dll&apos;" date="2025-11-18T08:32:00.578" /><!-- duration: 16ms -->
            <step title="Copying file: &apos;Hangfire.SqlServer.dll&apos;" date="2025-11-18T08:32:00.609" /><!-- duration: 0ms -->
            <step title="Copying file: &apos;MailKit.dll&apos;" date="2025-11-18T08:32:00.624" /><!-- duration: 0ms -->
            <step title="Copying file: &apos;MH.Api.deps.json&apos;" date="2025-11-18T08:32:00.640" /><!-- duration: 16ms -->
            <step title="Copying file: &apos;MH.Api.dll&apos;" date="2025-11-18T08:32:00.671" /><!-- duration: 0ms -->
            <step title="Copying file: &apos;MH.Api.exe&apos;" date="2025-11-18T08:32:00.687" /><!-- duration: 0ms -->
            <step title="Copying file: &apos;MH.Api.pdb&apos;" date="2025-11-18T08:32:00.703" /><!-- duration: 0ms -->
            <step title="Copying file: &apos;MH.Api.runtimeconfig.json&apos;" date="2025-11-18T08:32:00.718" /><!-- duration: 16ms -->
            <step title="Copying file: &apos;MH.Api.staticwebassets.endpoints.json&apos;" date="2025-11-18T08:32:00.749" /><!-- duration: 0ms -->
            <step title="Copying file: &apos;MH.Application.dll&apos;" date="2025-11-18T08:32:00.765" /><!-- duration: 0ms -->
            <step title="Copying file: &apos;MH.Application.pdb&apos;" date="2025-11-18T08:32:00.781" /><!-- duration: 0ms -->
            <step title="Copying file: &apos;MH.Domain.dll&apos;" date="2025-11-18T08:32:00.796" /><!-- duration: 16ms -->
            <step title="Omitting next output lines..." date="2025-11-18T08:32:00.828" /><!-- duration: 0ms -->
            <step title="Finished successfully." date="2025-11-18T08:32:05.469" /><!-- duration: 0ms -->
          </step><!-- duration: 6063ms -->
          <step title="Build completed succesfully." date="2025-11-18T08:32:05.531" /><!-- duration: 0ms -->
          <step title="Running post deployment command(s)..." date="2025-11-18T08:32:05.578" /><!-- duration: 16ms -->
          <step title="Requesting site restart" date="2025-11-18T08:32:05.640" /><!-- duration: 16ms -->
          <step title="Requesting site restart" date="2025-11-18T08:32:05.672" /><!-- duration: 0ms -->
          <step title="Requesting site restart. Attempt #1" date="2025-11-18T08:32:05.719" /><!-- duration: 0ms -->
          <step title="Requesting site restart. Attempt #1" date="2025-11-18T08:32:05.734" /><!-- duration: 0ms -->
          <step title="Successfully requested a restart. Attempt #1" date="2025-11-18T08:32:06.078" /><!-- duration: 16ms -->
          <step title="Successfully requested a restart. Attempt #1" date="2025-11-18T08:32:06.094" /><!-- duration: 0ms -->
          <step title="Deployment successful. DEPLOYMENTINFO: deploymentPath = OneDeploy, deployer = OneDeploy, os = windows, sku = Free, siteName = NgCanduAPI, siteHostName = ngcanduapi.azurewebsites.net, deploymentStatus = Success" date="2025-11-18T08:32:06.140" /><!-- duration: 16ms -->
          <step title="Purge deployment items" date="2025-11-18T08:32:06.312" >
            <step title="Remove e0265f88e, Success, received at 11/17/2025 1:14:50 PM" date="2025-11-18T08:32:06.375" /><!-- duration: 0ms -->
          </step><!-- duration: 78ms -->
        </step><!-- duration: 7391ms -->
      </step><!-- duration: 7672ms -->
      <step title="Cleaning up temp files" date="2025-11-18T08:32:06.422" /><!-- duration: 0ms -->
      <step title="Skip function trigger and logicapp sync because function is not enabled." date="2025-11-18T08:32:06.437" /><!-- duration: 0ms -->
    </step><!-- duration: 8938ms -->
    <step title="LockFile &apos;C:\home\site\locks\deployments.lock&apos; released" date="2025-11-18T08:32:06.500" /><!-- duration: 0ms -->
    <step title="Deleting shutdown sentinel file" date="2025-11-18T08:32:06.515" SemaphoreCount="8" /><!-- duration: 0ms -->
  </step><!-- duration: 13969ms -->
  <step title="Outgoing response" date="2025-11-18T08:32:06.531" type="response" statusCode="200" statusText="OK" Server="Microsoft-IIS/10.0" x-ms-request-id="037ab547-c459-11f0-b493-c025a5cfe792" Cache-Control="private" X-AspNet-Version="4.0.30319" /><!-- duration: 0ms -->
</step><!-- duration: 14454ms -->
