<step title="Incoming Request" date="2025-11-18T14:32:08.710" instance="92ca53" url="/api/publish?async=true&amp;deployer=GITHUB_ONE_DEPLOY&amp;type=zip&amp;message=%7B%22type%22%3A%22deployment%22%2C%22sha%22%3A%22190c91dc2980c01d28cefb27f8ad0135abec58e1%22%2C%22repoName%22%3A%22daedalusdigital-za%2FNCD-API%22%2C%22actor%22%3A%22daedalusdigital-za%22%2C%22slotName%22%3A%22Production%22%2C%22commitMessage%22%3A%22Align%20Sales%20code%20with%20actual%20database%20schema%20-%20remove%20phantom%20fields%20(CustomerEmail%2C%20TaxAmount%2C%20Discount%2C%20PaymentMethod%2C%20PaymentStatus%2C%20DeliveryStatus)%20and%20update%20table%20name%20to%20Sales%22%7D" method="POST" type="request" pid="7848,2,8" Transfer-Encoding="chunked" Content-Type="application/octet-stream" Authorization="Bas..." Cookie="ARRAffinity=92ca53ad8db4fbb93d4d3b7d8ab54dcf8ffecb2d731f25b0e91ad575d7534c3f;Path=/;HttpOnly;Secure;Domain=ngcanduapi.scm.azurewebsites.net; ARRAffinitySameSite=92ca53ad8db4fbb93d4d3b7d8ab54dcf8ffecb2d731f25b0e91ad575d7534c3f;Path=/;HttpOnly;SameSite=None;Secure;Domain=ngcanduapi.scm.azurewebsites.net" Host="ngcanduapi.scm.azurewebsites.net" User-Agent="GITHUBACTIONS_DeployWebAppToAzure_911ad8e07dd1095a617b283f0e1b400847f2d2bffc6e1de6b85a1cbb3aaec3dc" X-ARR-LOG-ID="f954f52e-5ebf-4675-82ff-50c37adeb873" CLIENT-IP="20.109.86.224:1024" X-SITE-DEPLOYMENT-ID="NgCanduAPI" WAS-DEFAULT-HOSTNAME="ngcanduapi.scm.azurewebsites.net" X-Forwarded-Proto="https" X-AppService-Proto="https" X-Forwarded-TlsVersion="1.3" X-WAWS-Unencoded-URL="/api/publish?async=true&amp;deployer=GITHUB_ONE_DEPLOY&amp;type=zip&amp;message=%7B%22type%22%3A%22deployment%22%2C%22sha%22%3A%22190c91dc2980c01d28cefb27f8ad0135abec58e1%22%2C%22repoName%22%3A%22daedalusdigital-za%2FNCD-API%22%2C%22actor%22%3A%22daedalusdigital-za%22%2C%22slotName%22%3A%22Production%22%2C%22commitMessage%22%3A%22Align%20Sales%20code%20with%20actual%20database%20schema%20-%20remove%20phantom%20fields%20(CustomerEmail%2C%20TaxAmount%2C%20Discount%2C%20PaymentMethod%2C%20PaymentStatus%2C%20DeliveryStatus)%20and%20update%20table%20name%20to%20Sales%22%7D" >
  <step title="OneDeploy" date="2025-11-18T14:32:08.726" >
    <step title="Starting PushDeployAsync" date="2025-11-18T14:32:08.741" /><!-- duration: 16ms -->
    <step title="Updating shutdown sentinel last write time" date="2025-11-18T14:32:08.773" SemaphoreCount="7" /><!-- duration: 0ms -->
    <step title="LockFile &apos;C:\home\site\locks\deployments.lock&apos; acquired" date="2025-11-18T14:32:08.773" /><!-- duration: 16ms -->
    <step title="Saving request content to C:\local\Temp\zipdeploy\zeqdetvt.zip" date="2025-11-18T14:32:08.788" >
      <step title="Total 26,479,135 bytes written to C:\local\Temp\zipdeploy\zeqdetvt.zip" date="2025-11-18T14:32:08.898" /><!-- duration: 0ms -->
    </step><!-- duration: 125ms -->
    <step title="LockFile &apos;C:\home\site\locks\deployments.lock&apos; released" date="2025-11-18T14:32:08.913" /><!-- duration: 0ms -->
    <step title="Deleting shutdown sentinel file" date="2025-11-18T14:32:08.929" SemaphoreCount="8" /><!-- duration: 0ms -->
    <step title="Starting FetchDeploy" date="2025-11-18T14:32:08.944" /><!-- duration: 0ms -->
    <step title="Start deployment in the background" date="2025-11-18T14:32:08.944" /><!-- duration: 78ms -->
  </step><!-- duration: 297ms -->
  <step title="Outgoing response" date="2025-11-18T14:32:09.038" type="response" statusCode="202" statusText="Accepted" Server="Microsoft-IIS/10.0" x-ms-request-id="f954f52e-5ebf-4675-82ff-50c37adeb873" Retry-After="30" Cache-Control="private" X-AspNet-Version="4.0.30319" Location="https://ngcanduapi.scm.azurewebsites.net/api/deployments/latest?deployer=OneDeploy&amp;time=2025-11-18_14-32-09Z" /><!-- duration: 0ms -->
</step><!-- duration: 328ms -->
