<step title="BackgroundTrace" date="2025-11-20T12:26:12.742" instance="92ca53" url="/api/zipdeploy" method="POST" >
  <step title="Updating shutdown sentinel last write time" date="2025-11-20T12:26:12.758" SemaphoreCount="7" /><!-- duration: 0ms -->
  <step title="LockFile &apos;C:\home\site\locks\deployments.lock&apos; acquired" date="2025-11-20T12:26:12.758" /><!-- duration: 0ms -->
  <step title="Creating temporary deployment" date="2025-11-20T12:26:12.773" /><!-- duration: 31ms -->
  <step title="Performing fetch based deployment" date="2025-11-20T12:26:12.804" >
    <step title="Fetching changes." date="2025-11-20T12:26:12.851" /><!-- duration: 16ms -->
    <step title="Starting LocalZipHandler" date="2025-11-20T12:26:12.867" /><!-- duration: 16ms -->
    <step title="Cleaning up temp folders from previous zip deployments and extracting pushed zip file C:\local\Temp\zipdeploy\ynjz5bcl.zip (22.47 MB) to C:\local\Temp\zipdeploy\extracted" date="2025-11-20T12:26:12.914" /><!-- duration: 0ms -->
    <step title="Cleaning up temp folders from previous zip deployments and extracting pushed zip file C:\local\Temp\zipdeploy\ynjz5bcl.zip (22.47 MB) to C:\local\Temp\zipdeploy\extracted" date="2025-11-20T12:26:12.914" >
      <step title="Renaming extractTargetDirectory(C:\local\Temp\zipdeploy\extracted) to tempDirectory(C:\local\Temp\zipdeploy\uu4j0nzq.1qz)" date="2025-11-20T12:26:12.929" /><!-- duration: 0ms -->
      <step title="Extracting 293 entries to C:\local\Temp\zipdeploy\extracted directory" date="2025-11-20T12:26:12.929" >
        <step title="Extracting to C:\local\Temp\zipdeploy\extracted\ca\Hangfire.Core.resources.dll ..." date="2025-11-20T12:26:12.945" /><!-- duration: 0ms -->
        <step title="Extracting to C:\local\Temp\zipdeploy\extracted\de\Hangfire.Core.resources.dll ..." date="2025-11-20T12:26:12.945" /><!-- duration: 16ms -->
        <step title="Extracting to C:\local\Temp\zipdeploy\extracted\es\Hangfire.Core.resources.dll ..." date="2025-11-20T12:26:12.961" /><!-- duration: 0ms -->
        <step title="Extracting to C:\local\Temp\zipdeploy\extracted\fa\Hangfire.Core.resources.dll ..." date="2025-11-20T12:26:12.976" /><!-- duration: 0ms -->
        <step title="Extracting to C:\local\Temp\zipdeploy\extracted\fr\Hangfire.Core.resources.dll ..." date="2025-11-20T12:26:12.976" /><!-- duration: 16ms -->
        <step title="Omitting extracting file traces ..." date="2025-11-20T12:26:12.992" /><!-- duration: 0ms -->
      </step><!-- duration: 938ms -->
    </step><!-- duration: 969ms -->
    <step title="Before sending BuildRequestReceived status to /api/updatedeploystatus" date="2025-11-20T12:26:13.883" /><!-- duration: 16ms -->
    <step title="DeploymentManager.Deploy(id:fe70212bce3a4ac393e60405828b731c)" date="2025-11-20T12:26:13.898" >
      <step title="Collecting changeset information" date="2025-11-20T12:26:13.914" /><!-- duration: 31ms -->
      <step title="Updating submodules" date="2025-11-20T12:26:13.961" >
        <step title="Updating submodules." date="2025-11-20T12:26:13.992" /><!-- duration: 16ms -->
      </step><!-- duration: 47ms -->
      <step title="Preparing deployment for commit id &apos;fe70212bce&apos;." date="2025-11-20T12:26:14.054" /><!-- duration: 0ms -->
      <step title="Determining deployment builder" date="2025-11-20T12:26:14.086" >
        <step title="Builder is BasicBuilder" date="2025-11-20T12:26:14.101" /><!-- duration: 0ms -->
      </step><!-- duration: 16ms -->
      <step title="Copying SSH keys" date="2025-11-20T12:26:14.133" /><!-- duration: 0ms -->
      <step title="Building" date="2025-11-20T12:26:14.133" >
        <step title="Generating deployment script." date="2025-11-20T12:26:14.179" /><!-- duration: 16ms -->
        <step title="Generating deployment script" date="2025-11-20T12:26:14.195" >
          <step title="Using cached version of the deployment script for command: -y --no-dot-deployment -r &quot;C:\local\Temp\zipdeploy\extracted&quot; -o &quot;C:\home\site\deployments\tools&quot; --basic --sitePath &quot;C:\local\Temp\zipdeploy\extracted&quot;" date="2025-11-20T12:26:14.211" /><!-- duration: 0ms -->
          <step title="Using cached version of deployment script (command: &apos;azure -y --no-dot-deployment -r &quot;C:\local\Temp\zipdeploy\extracted&quot; -o &quot;C:\home\site\deployments\tools&quot; --basic --sitePath &quot;C:\local\Temp\zipdeploy\extracted&quot;&apos;)." date="2025-11-20T12:26:14.226" /><!-- duration: 0ms -->
        </step><!-- duration: 31ms -->
        <step title="Running deployment command..." date="2025-11-20T12:26:14.273" /><!-- duration: 0ms -->
        <step title="Command: &quot;C:\home\site\deployments\tools\deploy.cmd&quot;" date="2025-11-20T12:26:14.289" /><!-- duration: 16ms -->
        <step title="Executing external process" date="2025-11-20T12:26:14.304" type="process" path="starter.cmd" arguments="&quot;C:\home\site\deployments\tools\deploy.cmd&quot;" >
          <step title="Handling Basic Web Site deployment." date="2025-11-20T12:26:14.429" /><!-- duration: 0ms -->
          <step title="Creating app_offline.htm" date="2025-11-20T12:26:16.946" /><!-- duration: 16ms -->
          <step title="KuduSync.NET from: &apos;C:\local\Temp\zipdeploy\extracted&apos; to: &apos;C:\home\site\wwwroot&apos;" date="2025-11-20T12:26:16.962" /><!-- duration: 16ms -->
          <step title="Copying file: &apos;MH.Api.dll&apos;" date="2025-11-20T12:26:16.977" /><!-- duration: 16ms -->
          <step title="Copying file: &apos;MH.Api.exe&apos;" date="2025-11-20T12:26:16.993" /><!-- duration: 0ms -->
          <step title="Copying file: &apos;MH.Api.pdb&apos;" date="2025-11-20T12:26:17.009" /><!-- duration: 0ms -->
          <step title="Copying file: &apos;MH.Infrastructure.dll&apos;" date="2025-11-20T12:26:17.024" /><!-- duration: 0ms -->
          <step title="Copying file: &apos;MH.Infrastructure.pdb&apos;" date="2025-11-20T12:26:17.040" /><!-- duration: 0ms -->
          <step title="Deleting app_offline.htm" date="2025-11-20T12:26:17.056" /><!-- duration: 0ms -->
          <step title="Finished successfully." date="2025-11-20T12:26:17.071" /><!-- duration: 0ms -->
        </step><!-- duration: 2767ms -->
        <step title="Running post deployment command(s)..." date="2025-11-20T12:26:17.165" /><!-- duration: 16ms -->
        <step title="Triggering recycle (preview mode disabled)." date="2025-11-20T12:26:17.227" /><!-- duration: 16ms -->
        <step title="Ignoring FS watcher based recycle request as this is a classic Windows app." date="2025-11-20T12:26:17.243" /><!-- duration: 0ms -->
        <step title="Deployment successful. DEPLOYMENTINFO: deploymentPath = ZipDeploy. Extract zip. , deployer = ZipDeploy, os = windows, sku = Free, siteName = NgCanduAPI, siteHostName = ngcanduapi.azurewebsites.net, deploymentStatus = Success" date="2025-11-20T12:26:17.290" /><!-- duration: 31ms -->
        <step title="Purge deployment items" date="2025-11-20T12:26:17.415" >
          <step title="Remove 420e88d8e, Success, received at 11/18/2025 12:51:22 PM" date="2025-11-20T12:26:17.477" /><!-- duration: 0ms -->
        </step><!-- duration: 62ms -->
      </step><!-- duration: 3376ms -->
    </step><!-- duration: 3611ms -->
    <step title="Cleaning up temp files" date="2025-11-20T12:26:17.525" /><!-- duration: 0ms -->
    <step title="Skip function trigger and logicapp sync because function is not enabled." date="2025-11-20T12:26:17.540" /><!-- duration: 0ms -->
  </step><!-- duration: 4783ms -->
  <step title="LockFile &apos;C:\home\site\locks\deployments.lock&apos; released" date="2025-11-20T12:26:17.587" /><!-- duration: 16ms -->
  <step title="Deleting shutdown sentinel file" date="2025-11-20T12:26:17.603" SemaphoreCount="8" /><!-- duration: 0ms -->
</step><!-- duration: 4876ms -->
