<step title="BackgroundTrace" date="2025-11-20T13:14:13.090" instance="92ca53" url="/api/zipdeploy" method="POST" >
  <step title="Updating shutdown sentinel last write time" date="2025-11-20T13:14:13.090" SemaphoreCount="7" /><!-- duration: 16ms -->
  <step title="LockFile &apos;C:\home\site\locks\deployments.lock&apos; acquired" date="2025-11-20T13:14:13.106" /><!-- duration: 0ms -->
  <step title="Creating temporary deployment" date="2025-11-20T13:14:13.121" /><!-- duration: 31ms -->
  <step title="Performing fetch based deployment" date="2025-11-20T13:14:13.153" >
    <step title="Fetching changes." date="2025-11-20T13:14:13.200" /><!-- duration: 16ms -->
    <step title="Starting LocalZipHandler" date="2025-11-20T13:14:13.215" /><!-- duration: 0ms -->
    <step title="Cleaning up temp folders from previous zip deployments and extracting pushed zip file C:\local\Temp\zipdeploy\ogjklm2d.zip (22.49 MB) to C:\local\Temp\zipdeploy\extracted" date="2025-11-20T13:14:13.246" /><!-- duration: 16ms -->
    <step title="Cleaning up temp folders from previous zip deployments and extracting pushed zip file C:\local\Temp\zipdeploy\ogjklm2d.zip (22.49 MB) to C:\local\Temp\zipdeploy\extracted" date="2025-11-20T13:14:13.262" >
      <step title="Renaming extractTargetDirectory(C:\local\Temp\zipdeploy\extracted) to tempDirectory(C:\local\Temp\zipdeploy\sxrwbo12.0xv)" date="2025-11-20T13:14:13.262" /><!-- duration: 16ms -->
      <step title="Extracting 293 entries to C:\local\Temp\zipdeploy\extracted directory" date="2025-11-20T13:14:13.293" >
        <step title="Extracting to C:\local\Temp\zipdeploy\extracted\ca\Hangfire.Core.resources.dll ..." date="2025-11-20T13:14:13.293" /><!-- duration: 0ms -->
        <step title="Extracting to C:\local\Temp\zipdeploy\extracted\de\Hangfire.Core.resources.dll ..." date="2025-11-20T13:14:13.309" /><!-- duration: 0ms -->
        <step title="Extracting to C:\local\Temp\zipdeploy\extracted\es\Hangfire.Core.resources.dll ..." date="2025-11-20T13:14:13.309" /><!-- duration: 16ms -->
        <step title="Extracting to C:\local\Temp\zipdeploy\extracted\fa\Hangfire.Core.resources.dll ..." date="2025-11-20T13:14:13.325" /><!-- duration: 16ms -->
        <step title="Extracting to C:\local\Temp\zipdeploy\extracted\fr\Hangfire.Core.resources.dll ..." date="2025-11-20T13:14:13.340" /><!-- duration: 0ms -->
        <step title="Omitting extracting file traces ..." date="2025-11-20T13:14:13.356" /><!-- duration: 0ms -->
      </step><!-- duration: 937ms -->
    </step><!-- duration: 969ms -->
    <step title="Before sending BuildRequestReceived status to /api/updatedeploystatus" date="2025-11-20T13:14:14.247" /><!-- duration: 16ms -->
    <step title="DeploymentManager.Deploy(id:fb05fb2cac144bd1ab33f3317ed66535)" date="2025-11-20T13:14:14.262" >
      <step title="Collecting changeset information" date="2025-11-20T13:14:14.262" /><!-- duration: 47ms -->
      <step title="Updating submodules" date="2025-11-20T13:14:14.309" >
        <step title="Updating submodules." date="2025-11-20T13:14:14.356" /><!-- duration: 0ms -->
      </step><!-- duration: 47ms -->
      <step title="Preparing deployment for commit id &apos;fb05fb2cac&apos;." date="2025-11-20T13:14:14.403" /><!-- duration: 0ms -->
      <step title="Determining deployment builder" date="2025-11-20T13:14:14.450" >
        <step title="Builder is BasicBuilder" date="2025-11-20T13:14:14.450" /><!-- duration: 0ms -->
      </step><!-- duration: 16ms -->
      <step title="Copying SSH keys" date="2025-11-20T13:14:14.481" /><!-- duration: 16ms -->
      <step title="Building" date="2025-11-20T13:14:14.497" >
        <step title="Generating deployment script." date="2025-11-20T13:14:14.528" /><!-- duration: 16ms -->
        <step title="Generating deployment script" date="2025-11-20T13:14:14.543" >
          <step title="Using cached version of the deployment script for command: -y --no-dot-deployment -r &quot;C:\local\Temp\zipdeploy\extracted&quot; -o &quot;C:\home\site\deployments\tools&quot; --basic --sitePath &quot;C:\local\Temp\zipdeploy\extracted&quot;" date="2025-11-20T13:14:14.559" /><!-- duration: 0ms -->
          <step title="Using cached version of deployment script (command: &apos;azure -y --no-dot-deployment -r &quot;C:\local\Temp\zipdeploy\extracted&quot; -o &quot;C:\home\site\deployments\tools&quot; --basic --sitePath &quot;C:\local\Temp\zipdeploy\extracted&quot;&apos;)." date="2025-11-20T13:14:14.575" /><!-- duration: 0ms -->
        </step><!-- duration: 47ms -->
        <step title="Running deployment command..." date="2025-11-20T13:14:14.622" /><!-- duration: 16ms -->
        <step title="Command: &quot;C:\home\site\deployments\tools\deploy.cmd&quot;" date="2025-11-20T13:14:14.653" /><!-- duration: 0ms -->
        <step title="Executing external process" date="2025-11-20T13:14:14.668" type="process" path="starter.cmd" arguments="&quot;C:\home\site\deployments\tools\deploy.cmd&quot;" >
          <step title="Handling Basic Web Site deployment." date="2025-11-20T13:14:14.793" /><!-- duration: 0ms -->
          <step title="Creating app_offline.htm" date="2025-11-20T13:14:17.715" /><!-- duration: 16ms -->
          <step title="KuduSync.NET from: &apos;C:\local\Temp\zipdeploy\extracted&apos; to: &apos;C:\home\site\wwwroot&apos;" date="2025-11-20T13:14:17.731" /><!-- duration: 16ms -->
          <step title="Copying file: &apos;MH.Infrastructure.dll&apos;" date="2025-11-20T13:14:17.747" /><!-- duration: 0ms -->
          <step title="Copying file: &apos;MH.Infrastructure.pdb&apos;" date="2025-11-20T13:14:17.762" /><!-- duration: 0ms -->
          <step title="Deleting app_offline.htm" date="2025-11-20T13:14:17.778" /><!-- duration: 0ms -->
          <step title="Finished successfully." date="2025-11-20T13:14:17.825" /><!-- duration: 0ms -->
        </step><!-- duration: 3156ms -->
        <step title="Running post deployment command(s)..." date="2025-11-20T13:14:17.872" /><!-- duration: 0ms -->
        <step title="Triggering recycle (preview mode disabled)." date="2025-11-20T13:14:17.918" /><!-- duration: 16ms -->
        <step title="Ignoring FS watcher based recycle request as this is a classic Windows app." date="2025-11-20T13:14:17.934" /><!-- duration: 0ms -->
        <step title="Deployment successful. DEPLOYMENTINFO: deploymentPath = ZipDeploy. Extract zip. , deployer = ZipDeploy, os = windows, sku = Free, siteName = NgCanduAPI, siteHostName = ngcanduapi.azurewebsites.net, deploymentStatus = Success" date="2025-11-20T13:14:17.981" /><!-- duration: 0ms -->
        <step title="Purge deployment items" date="2025-11-20T13:14:18.090" >
          <step title="Remove aa832a8ad, Success, received at 11/19/2025 1:44:01 PM" date="2025-11-20T13:14:18.153" /><!-- duration: 0ms -->
        </step><!-- duration: 62ms -->
      </step><!-- duration: 3688ms -->
    </step><!-- duration: 3922ms -->
    <step title="Cleaning up temp files" date="2025-11-20T13:14:18.184" /><!-- duration: 16ms -->
    <step title="Skip function trigger and logicapp sync because function is not enabled." date="2025-11-20T13:14:18.200" /><!-- duration: 16ms -->
  </step><!-- duration: 5094ms -->
  <step title="LockFile &apos;C:\home\site\locks\deployments.lock&apos; released" date="2025-11-20T13:14:18.262" /><!-- duration: 0ms -->
  <step title="Deleting shutdown sentinel file" date="2025-11-20T13:14:18.278" SemaphoreCount="8" /><!-- duration: 0ms -->
</step><!-- duration: 5188ms -->
