<step title="BackgroundTrace" date="2025-11-20T13:17:06.955" instance="92ca53" url="/api/zipdeploy" method="POST" >
  <step title="Updating shutdown sentinel last write time" date="2025-11-20T13:17:06.971" SemaphoreCount="7" /><!-- duration: 0ms -->
  <step title="LockFile &apos;C:\home\site\locks\deployments.lock&apos; acquired" date="2025-11-20T13:17:06.971" /><!-- duration: 0ms -->
  <step title="Creating temporary deployment" date="2025-11-20T13:17:06.987" /><!-- duration: 31ms -->
  <step title="Performing fetch based deployment" date="2025-11-20T13:17:07.018" >
    <step title="Fetching changes." date="2025-11-20T13:17:07.065" /><!-- duration: 16ms -->
    <step title="Starting LocalZipHandler" date="2025-11-20T13:17:07.080" /><!-- duration: 0ms -->
    <step title="Cleaning up temp folders from previous zip deployments and extracting pushed zip file C:\local\Temp\zipdeploy\015aihks.zip (22.49 MB) to C:\local\Temp\zipdeploy\extracted" date="2025-11-20T13:17:07.112" /><!-- duration: 0ms -->
    <step title="Cleaning up temp folders from previous zip deployments and extracting pushed zip file C:\local\Temp\zipdeploy\015aihks.zip (22.49 MB) to C:\local\Temp\zipdeploy\extracted" date="2025-11-20T13:17:07.127" >
      <step title="Renaming extractTargetDirectory(C:\local\Temp\zipdeploy\extracted) to tempDirectory(C:\local\Temp\zipdeploy\jurfa2dq.qav)" date="2025-11-20T13:17:07.127" /><!-- duration: 0ms -->
      <step title="Extracting 293 entries to C:\local\Temp\zipdeploy\extracted directory" date="2025-11-20T13:17:07.143" >
        <step title="Extracting to C:\local\Temp\zipdeploy\extracted\ca\Hangfire.Core.resources.dll ..." date="2025-11-20T13:17:07.143" /><!-- duration: 0ms -->
        <step title="Extracting to C:\local\Temp\zipdeploy\extracted\de\Hangfire.Core.resources.dll ..." date="2025-11-20T13:17:07.159" /><!-- duration: 0ms -->
        <step title="Extracting to C:\local\Temp\zipdeploy\extracted\es\Hangfire.Core.resources.dll ..." date="2025-11-20T13:17:07.174" /><!-- duration: 0ms -->
        <step title="Extracting to C:\local\Temp\zipdeploy\extracted\fa\Hangfire.Core.resources.dll ..." date="2025-11-20T13:17:07.174" /><!-- duration: 16ms -->
        <step title="Extracting to C:\local\Temp\zipdeploy\extracted\fr\Hangfire.Core.resources.dll ..." date="2025-11-20T13:17:07.190" /><!-- duration: 0ms -->
        <step title="Omitting extracting file traces ..." date="2025-11-20T13:17:07.205" /><!-- duration: 0ms -->
      </step><!-- duration: 938ms -->
    </step><!-- duration: 953ms -->
    <step title="Before sending BuildRequestReceived status to /api/updatedeploystatus" date="2025-11-20T13:17:08.080" /><!-- duration: 16ms -->
    <step title="DeploymentManager.Deploy(id:3b9fb770ec07419196f27b026f24fd83)" date="2025-11-20T13:17:08.096" >
      <step title="Collecting changeset information" date="2025-11-20T13:17:08.112" /><!-- duration: 31ms -->
      <step title="Updating submodules" date="2025-11-20T13:17:08.159" >
        <step title="Updating submodules." date="2025-11-20T13:17:08.221" /><!-- duration: 0ms -->
      </step><!-- duration: 62ms -->
      <step title="Preparing deployment for commit id &apos;3b9fb770ec&apos;." date="2025-11-20T13:17:08.268" /><!-- duration: 0ms -->
      <step title="Determining deployment builder" date="2025-11-20T13:17:08.315" >
        <step title="Builder is BasicBuilder" date="2025-11-20T13:17:08.315" /><!-- duration: 0ms -->
      </step><!-- duration: 16ms -->
      <step title="Copying SSH keys" date="2025-11-20T13:17:08.346" /><!-- duration: 0ms -->
      <step title="Building" date="2025-11-20T13:17:08.362" >
        <step title="Generating deployment script." date="2025-11-20T13:17:08.409" /><!-- duration: 0ms -->
        <step title="Generating deployment script" date="2025-11-20T13:17:08.409" >
          <step title="Using cached version of the deployment script for command: -y --no-dot-deployment -r &quot;C:\local\Temp\zipdeploy\extracted&quot; -o &quot;C:\home\site\deployments\tools&quot; --basic --sitePath &quot;C:\local\Temp\zipdeploy\extracted&quot;" date="2025-11-20T13:17:08.424" /><!-- duration: 16ms -->
          <step title="Using cached version of deployment script (command: &apos;azure -y --no-dot-deployment -r &quot;C:\local\Temp\zipdeploy\extracted&quot; -o &quot;C:\home\site\deployments\tools&quot; --basic --sitePath &quot;C:\local\Temp\zipdeploy\extracted&quot;&apos;)." date="2025-11-20T13:17:08.440" /><!-- duration: 16ms -->
        </step><!-- duration: 47ms -->
        <step title="Running deployment command..." date="2025-11-20T13:17:08.502" /><!-- duration: 0ms -->
        <step title="Command: &quot;C:\home\site\deployments\tools\deploy.cmd&quot;" date="2025-11-20T13:17:08.518" /><!-- duration: 0ms -->
        <step title="Executing external process" date="2025-11-20T13:17:08.534" type="process" path="starter.cmd" arguments="&quot;C:\home\site\deployments\tools\deploy.cmd&quot;" >
          <step title="Handling Basic Web Site deployment." date="2025-11-20T13:17:08.643" /><!-- duration: 16ms -->
          <step title="Creating app_offline.htm" date="2025-11-20T13:17:11.614" /><!-- duration: 16ms -->
          <step title="KuduSync.NET from: &apos;C:\local\Temp\zipdeploy\extracted&apos; to: &apos;C:\home\site\wwwroot&apos;" date="2025-11-20T13:17:11.630" /><!-- duration: 16ms -->
          <step title="Copying file: &apos;MH.Infrastructure.dll&apos;" date="2025-11-20T13:17:11.646" /><!-- duration: 16ms -->
          <step title="Copying file: &apos;MH.Infrastructure.pdb&apos;" date="2025-11-20T13:17:11.661" /><!-- duration: 16ms -->
          <step title="Deleting app_offline.htm" date="2025-11-20T13:17:11.677" /><!-- duration: 0ms -->
          <step title="Finished successfully." date="2025-11-20T13:17:11.693" /><!-- duration: 0ms -->
        </step><!-- duration: 3175ms -->
        <step title="Running post deployment command(s)..." date="2025-11-20T13:17:11.755" /><!-- duration: 0ms -->
        <step title="Triggering recycle (preview mode disabled)." date="2025-11-20T13:17:11.802" /><!-- duration: 0ms -->
        <step title="Ignoring FS watcher based recycle request as this is a classic Windows app." date="2025-11-20T13:17:11.802" /><!-- duration: 0ms -->
        <step title="Deployment successful. DEPLOYMENTINFO: deploymentPath = ZipDeploy. Extract zip. , deployer = ZipDeploy, os = windows, sku = Free, siteName = NgCanduAPI, siteHostName = ngcanduapi.azurewebsites.net, deploymentStatus = Success" date="2025-11-20T13:17:11.849" /><!-- duration: 16ms -->
        <step title="Purge deployment items" date="2025-11-20T13:17:11.990" >
          <step title="Remove 0f7349b99, Success, received at 11/19/2025 1:44:21 PM" date="2025-11-20T13:17:12.037" /><!-- duration: 0ms -->
        </step><!-- duration: 63ms -->
      </step><!-- duration: 3707ms -->
    </step><!-- duration: 3988ms -->
    <step title="Cleaning up temp files" date="2025-11-20T13:17:12.084" /><!-- duration: 16ms -->
    <step title="Skip function trigger and logicapp sync because function is not enabled." date="2025-11-20T13:17:12.100" /><!-- duration: 16ms -->
  </step><!-- duration: 5129ms -->
  <step title="LockFile &apos;C:\home\site\locks\deployments.lock&apos; released" date="2025-11-20T13:17:12.162" /><!-- duration: 0ms -->
  <step title="Deleting shutdown sentinel file" date="2025-11-20T13:17:12.178" SemaphoreCount="8" /><!-- duration: 0ms -->
</step><!-- duration: 5222ms -->
