<step title="Incoming Request" date="2025-11-17T13:01:52.507" instance="92ca53" url="/api/publish?type=zip" method="POST" type="request" pid="12104,2,7" Cache-Control="no-cache" Connection="Keep-Alive" Content-Length="24072811" Content-Type="application/octet-stream" Accept="*/*" Accept-Encoding="gzip, deflate" Authorization="Bas..." Host="ngcanduapi.scm.azurewebsites.net" User-Agent="AZURECLI/2.75.0 (MSI)" x-ms-client-request-id="9043f523-c3b5-11f0-ac27-c025a5cfe792" X-ARR-LOG-ID="9043f523-c3b5-11f0-ac27-c025a5cfe792" CLIENT-IP="197.234.156.224:64742" X-SITE-DEPLOYMENT-ID="NgCanduAPI" WAS-DEFAULT-HOSTNAME="ngcanduapi.scm.azurewebsites.net" X-Forwarded-Proto="https" X-AppService-Proto="https" X-Forwarded-TlsVersion="1.3" X-WAWS-Unencoded-URL="/api/publish?type=zip" X-MS-COLDSTART="1" >
  <step title="OneDeploy" date="2025-11-17T13:01:53.038" >
    <step title="Starting PushDeployAsync" date="2025-11-17T13:01:53.054" /><!-- duration: 16ms -->
    <step title="Updating shutdown sentinel last write time" date="2025-11-17T13:01:53.100" SemaphoreCount="7" /><!-- duration: 16ms -->
    <step title="LockFile &apos;C:\home\site\locks\deployments.lock&apos; acquired" date="2025-11-17T13:01:53.116" /><!-- duration: 0ms -->
    <step title="Saving request content to C:\local\Temp\zipdeploy\e2cnjut0.zip" date="2025-11-17T13:01:53.132" >
      <step title="Total 24,072,811 bytes written to C:\local\Temp\zipdeploy\e2cnjut0.zip" date="2025-11-17T13:01:54.710" /><!-- duration: 16ms -->
    </step><!-- duration: 1594ms -->
    <step title="LockFile &apos;C:\home\site\locks\deployments.lock&apos; released" date="2025-11-17T13:01:54.741" /><!-- duration: 0ms -->
    <step title="Deleting shutdown sentinel file" date="2025-11-17T13:01:54.741" SemaphoreCount="8" /><!-- duration: 16ms -->
    <step title="Starting FetchDeploy" date="2025-11-17T13:01:54.757" /><!-- duration: 0ms -->
    <step title="Attempting to fetch target branch HEAD" date="2025-11-17T13:01:54.772" /><!-- duration: 0ms -->
    <step title="Updating shutdown sentinel last write time" date="2025-11-17T13:01:54.788" SemaphoreCount="7" /><!-- duration: 0ms -->
    <step title="LockFile &apos;C:\home\site\locks\deployments.lock&apos; acquired" date="2025-11-17T13:01:54.788" /><!-- duration: 16ms -->
    <step title="Performing fetch based deployment" date="2025-11-17T13:01:54.804" >
      <step title="Creating temporary deployment" date="2025-11-17T13:01:54.819" /><!-- duration: 78ms -->
      <step title="Fetching changes." date="2025-11-17T13:01:54.944" /><!-- duration: 16ms -->
      <step title="Starting LocalZipHandler" date="2025-11-17T13:01:54.960" /><!-- duration: 16ms -->
      <step title="Starting LocalZipFetch" date="2025-11-17T13:01:54.975" /><!-- duration: 0ms -->
      <step title="Cleaning up temp folders from previous zip deployments and extracting pushed zip file C:\local\Temp\zipdeploy\e2cnjut0.zip (22.96 MB) to C:\local\Temp\zipdeploy\extracted" date="2025-11-17T13:01:54.991" /><!-- duration: 0ms -->
      <step title="Cleaning up temp folders from previous zip deployments and extracting pushed zip file C:\local\Temp\zipdeploy\e2cnjut0.zip (22.96 MB) to C:\local\Temp\zipdeploy\extracted" date="2025-11-17T13:01:55.007" >
        <step title="Extracting 263 entries to C:\local\Temp\zipdeploy\extracted directory" date="2025-11-17T13:01:55.022" >
          <step title="Extracting to C:\local\Temp\zipdeploy\extracted\ca\Hangfire.Core.resources.dll ..." date="2025-11-17T13:01:55.022" /><!-- duration: 16ms -->
          <step title="Extracting to C:\local\Temp\zipdeploy\extracted\de\Hangfire.Core.resources.dll ..." date="2025-11-17T13:01:55.054" /><!-- duration: 0ms -->
          <step title="Extracting to C:\local\Temp\zipdeploy\extracted\es\Hangfire.Core.resources.dll ..." date="2025-11-17T13:01:55.054" /><!-- duration: 16ms -->
          <step title="Extracting to C:\local\Temp\zipdeploy\extracted\fa\Hangfire.Core.resources.dll ..." date="2025-11-17T13:01:55.069" /><!-- duration: 0ms -->
          <step title="Extracting to C:\local\Temp\zipdeploy\extracted\fr\Hangfire.Core.resources.dll ..." date="2025-11-17T13:01:55.085" /><!-- duration: 0ms -->
          <step title="Omitting extracting file traces ..." date="2025-11-17T13:01:55.085" /><!-- duration: 16ms -->
        </step><!-- duration: 938ms -->
      </step><!-- duration: 969ms -->
      <step title="None repository commit" date="2025-11-17T13:01:55.975" >
        <step title="Commit id: c498828dc78d4e0184e67ac383d0042e" date="2025-11-17T13:01:55.975" Message="OneDeploy" AuthorName="N/A" AuthorEmail="N/A" /><!-- duration: 16ms -->
      </step><!-- duration: 16ms -->
      <step title="Before sending BuildRequestReceived status to /api/updatedeploystatus" date="2025-11-17T13:01:55.991" /><!-- duration: 16ms -->
      <step title="DeploymentManager.Deploy(id:c498828dc78d4e0184e67ac383d0042e)" date="2025-11-17T13:01:56.007" >
        <step title="Collecting changeset information" date="2025-11-17T13:01:56.022" /><!-- duration: 31ms -->
        <step title="Updating submodules" date="2025-11-17T13:01:56.069" >
          <step title="Updating submodules." date="2025-11-17T13:01:56.100" /><!-- duration: 0ms -->
        </step><!-- duration: 47ms -->
        <step title="Preparing deployment for commit id &apos;c498828dc7&apos;." date="2025-11-17T13:01:56.163" /><!-- duration: 16ms -->
        <step title="Determining deployment builder" date="2025-11-17T13:01:56.210" >
          <step title="Builder is OneDeployBuilder" date="2025-11-17T13:01:56.225" /><!-- duration: 0ms -->
        </step><!-- duration: 16ms -->
        <step title="Copying SSH keys" date="2025-11-17T13:01:56.272" /><!-- duration: 16ms -->
        <step title="Building" date="2025-11-17T13:01:56.288" >
          <step title="Running build. Project type: OneDeploy" date="2025-11-17T13:01:56.335" /><!-- duration: 0ms -->
          <step title="Copying the manifest" date="2025-11-17T13:01:56.382" /><!-- duration: 16ms -->
          <step title="Clean deploying to C:\home\site\wwwroot" date="2025-11-17T13:01:56.460" /><!-- duration: 0ms -->
          <step title="Generating deployment script." date="2025-11-17T13:01:56.507" /><!-- duration: 16ms -->
          <step title="Generating deployment script" date="2025-11-17T13:01:56.522" >
            <step title="Using cached version of the deployment script for command: -y --no-dot-deployment -r &quot;C:\local\Temp\zipdeploy\extracted&quot; -o &quot;C:\home\site\deployments\tools&quot; --basic --sitePath &quot;C:\local\Temp\zipdeploy\extracted&quot;" date="2025-11-17T13:01:56.569" /><!-- duration: 0ms -->
            <step title="Using cached version of deployment script (command: &apos;azure -y --no-dot-deployment -r &quot;C:\local\Temp\zipdeploy\extracted&quot; -o &quot;C:\home\site\deployments\tools&quot; --basic --sitePath &quot;C:\local\Temp\zipdeploy\extracted&quot;&apos;)." date="2025-11-17T13:01:56.600" /><!-- duration: 0ms -->
          </step><!-- duration: 94ms -->
          <step title="Running deployment command..." date="2025-11-17T13:01:56.663" /><!-- duration: 0ms -->
          <step title="Command: &quot;C:\home\site\deployments\tools\deploy.cmd&quot;" date="2025-11-17T13:01:56.679" /><!-- duration: 0ms -->
          <step title="Executing external process" date="2025-11-17T13:01:56.694" type="process" path="starter.cmd" arguments="&quot;C:\home\site\deployments\tools\deploy.cmd&quot;" >
            <step title="Handling Basic Web Site deployment." date="2025-11-17T13:01:56.819" /><!-- duration: 0ms -->
            <step title="Creating app_offline.htm" date="2025-11-17T13:01:59.632" /><!-- duration: 16ms -->
            <step title="KuduSync.NET from: &apos;C:\local\Temp\zipdeploy\extracted&apos; to: &apos;C:\home\site\wwwroot&apos;" date="2025-11-17T13:01:59.663" /><!-- duration: 0ms -->
            <step title="Copying file: &apos;MH.Application.dll&apos;" date="2025-11-17T13:01:59.679" /><!-- duration: 0ms -->
            <step title="Copying file: &apos;MH.Application.pdb&apos;" date="2025-11-17T13:01:59.694" /><!-- duration: 0ms -->
            <step title="Copying file: &apos;MH.Infrastructure.dll&apos;" date="2025-11-17T13:01:59.710" /><!-- duration: 0ms -->
            <step title="Copying file: &apos;MH.Infrastructure.pdb&apos;" date="2025-11-17T13:01:59.725" /><!-- duration: 16ms -->
            <step title="Deleting app_offline.htm" date="2025-11-17T13:01:59.741" /><!-- duration: 16ms -->
            <step title="Finished successfully." date="2025-11-17T13:01:59.757" /><!-- duration: 16ms -->
          </step><!-- duration: 3078ms -->
          <step title="Build completed succesfully." date="2025-11-17T13:01:59.819" /><!-- duration: 0ms -->
          <step title="Running post deployment command(s)..." date="2025-11-17T13:01:59.866" /><!-- duration: 0ms -->
          <step title="Requesting site restart" date="2025-11-17T13:01:59.929" /><!-- duration: 0ms -->
          <step title="Requesting site restart" date="2025-11-17T13:01:59.929" /><!-- duration: 16ms -->
          <step title="Requesting site restart. Attempt #1" date="2025-11-17T13:01:59.991" /><!-- duration: 0ms -->
          <step title="Requesting site restart. Attempt #1" date="2025-11-17T13:01:59.991" /><!-- duration: 16ms -->
          <step title="Successfully requested a restart. Attempt #1" date="2025-11-17T13:02:00.366" /><!-- duration: 16ms -->
          <step title="Successfully requested a restart. Attempt #1" date="2025-11-17T13:02:00.382" /><!-- duration: 0ms -->
          <step title="Deployment successful. DEPLOYMENTINFO: deploymentPath = OneDeploy, deployer = OneDeploy, os = windows, sku = Free, siteName = NgCanduAPI, siteHostName = ngcanduapi.azurewebsites.net, deploymentStatus = Success" date="2025-11-17T13:02:00.429" /><!-- duration: 0ms -->
          <step title="Purge deployment items" date="2025-11-17T13:02:00.585" >
            <step title="Remove 5d0c10eb1, Success, received at 11/17/2025 11:21:02 AM" date="2025-11-17T13:02:00.647" /><!-- duration: 0ms -->
          </step><!-- duration: 78ms -->
        </step><!-- duration: 4391ms -->
      </step><!-- duration: 4672ms -->
      <step title="Cleaning up temp files" date="2025-11-17T13:02:00.694" /><!-- duration: 0ms -->
      <step title="Skip function trigger and logicapp sync because function is not enabled." date="2025-11-17T13:02:00.710" /><!-- duration: 0ms -->
    </step><!-- duration: 5938ms -->
    <step title="LockFile &apos;C:\home\site\locks\deployments.lock&apos; released" date="2025-11-17T13:02:00.757" /><!-- duration: 0ms -->
    <step title="Deleting shutdown sentinel file" date="2025-11-17T13:02:00.772" SemaphoreCount="8" /><!-- duration: 0ms -->
  </step><!-- duration: 7734ms -->
  <step title="Outgoing response" date="2025-11-17T13:02:00.804" type="response" statusCode="200" statusText="OK" Server="Microsoft-IIS/10.0" x-ms-request-id="9043f523-c3b5-11f0-ac27-c025a5cfe792" Cache-Control="private" X-AspNet-Version="4.0.30319" /><!-- duration: 0ms -->
</step><!-- duration: 8313ms -->
