<step title="Incoming Request" date="2025-11-20T06:47:33.140" instance="92ca53" url="/api/zipdeploy?isAsync=true" method="POST" type="request" pid="13388,2,7" Cache-Control="no-cache" Connection="Keep-Alive" Content-Length="23565383" Content-Type="application/octet-stream" Accept="*/*" Accept-Encoding="gzip, deflate" Authorization="Bas..." Host="ngcanduapi.scm.azurewebsites.net" User-Agent="AZURECLI/2.75.0 (MSI)" x-ms-client-request-id="c33583b4-c5dc-11f0-96d7-c025a5cfe792" X-ARR-LOG-ID="c33583b4-c5dc-11f0-96d7-c025a5cfe792" CLIENT-IP="197.234.156.224:58892" X-SITE-DEPLOYMENT-ID="NgCanduAPI" WAS-DEFAULT-HOSTNAME="ngcanduapi.scm.azurewebsites.net" X-Forwarded-Proto="https" X-AppService-Proto="https" X-Forwarded-TlsVersion="1.3" X-WAWS-Unencoded-URL="/api/zipdeploy?isAsync=true" X-MS-COLDSTART="1" >
  <step title="ZipPushDeploy" date="2025-11-20T06:47:33.671" >
    <step title="ZipDeploy. Extract zip. " date="2025-11-20T06:47:33.687" /><!-- duration: 0ms -->
    <step title="Starting PushDeployAsync" date="2025-11-20T06:47:33.703" /><!-- duration: 0ms -->
    <step title="Updating shutdown sentinel last write time" date="2025-11-20T06:47:33.765" SemaphoreCount="7" /><!-- duration: 0ms -->
    <step title="LockFile &apos;C:\home\site\locks\deployments.lock&apos; acquired" date="2025-11-20T06:47:33.765" /><!-- duration: 16ms -->
    <step title="Saving request content to C:\local\Temp\zipdeploy\jdegsnof.zip" date="2025-11-20T06:47:33.781" >
      <step title="Total 23,565,383 bytes written to C:\local\Temp\zipdeploy\jdegsnof.zip" date="2025-11-20T06:47:37.015" /><!-- duration: 0ms -->
    </step><!-- duration: 3250ms -->
    <step title="LockFile &apos;C:\home\site\locks\deployments.lock&apos; released" date="2025-11-20T06:47:37.031" /><!-- duration: 0ms -->
    <step title="Deleting shutdown sentinel file" date="2025-11-20T06:47:37.046" SemaphoreCount="8" /><!-- duration: 0ms -->
    <step title="Starting FetchDeploy" date="2025-11-20T06:47:37.062" /><!-- duration: 0ms -->
    <step title="Start deployment in the background" date="2025-11-20T06:47:37.062" /><!-- duration: 109ms -->
  </step><!-- duration: 3500ms -->
  <step title="Outgoing response" date="2025-11-20T06:47:37.203" type="response" statusCode="202" statusText="Accepted" Server="Microsoft-IIS/10.0" x-ms-request-id="c33583b4-c5dc-11f0-96d7-c025a5cfe792" Retry-After="30" Cache-Control="private" X-AspNet-Version="4.0.30319" Location="https://ngcanduapi.scm.azurewebsites.net/api/deployments/latest?deployer=ZipDeploy&amp;time=2025-11-20_06-47-37Z" /><!-- duration: 16ms -->
</step><!-- duration: 4078ms -->
