<step title="BackgroundTrace" date="2025-11-18T12:42:54.897" instance="92ca53" url="/api/publish" method="POST" >
  <step title="Updating shutdown sentinel last write time" date="2025-11-18T12:42:54.897" SemaphoreCount="7" /><!-- duration: 16ms -->
  <step title="LockFile &apos;C:\home\site\locks\deployments.lock&apos; acquired" date="2025-11-18T12:42:54.913" /><!-- duration: 0ms -->
  <step title="Creating temporary deployment" date="2025-11-18T12:42:54.929" /><!-- duration: 31ms -->
  <step title="Performing fetch based deployment" date="2025-11-18T12:42:54.960" >
    <step title="Fetching changes." date="2025-11-18T12:42:55.007" /><!-- duration: 31ms -->
    <step title="Starting LocalZipHandler" date="2025-11-18T12:42:55.038" /><!-- duration: 0ms -->
    <step title="Cleaning up temp folders from previous zip deployments and extracting pushed zip file C:\local\Temp\zipdeploy\jrvqtt3q.zip (25.26 MB) to C:\local\Temp\zipdeploy\extracted" date="2025-11-18T12:42:55.069" /><!-- duration: 0ms -->
    <step title="Cleaning up temp folders from previous zip deployments and extracting pushed zip file C:\local\Temp\zipdeploy\jrvqtt3q.zip (25.26 MB) to C:\local\Temp\zipdeploy\extracted" date="2025-11-18T12:42:55.085" >
      <step title="Renaming extractTargetDirectory(C:\local\Temp\zipdeploy\extracted) to tempDirectory(C:\local\Temp\zipdeploy\r55v3i4o.2st)" date="2025-11-18T12:42:55.085" /><!-- duration: 0ms -->
      <step title="Extracting 295 entries to C:\local\Temp\zipdeploy\extracted directory" date="2025-11-18T12:42:55.101" >
        <step title="Extracting to C:\local\Temp\zipdeploy\extracted\appsettings.Development.json ..." date="2025-11-18T12:42:55.101" /><!-- duration: 0ms -->
        <step title="Extracting to C:\local\Temp\zipdeploy\extracted\appsettings.json ..." date="2025-11-18T12:42:55.116" /><!-- duration: 0ms -->
        <step title="Extracting to C:\local\Temp\zipdeploy\extracted\AutoMapper.dll ..." date="2025-11-18T12:42:55.116" /><!-- duration: 16ms -->
        <step title="Extracting to C:\local\Temp\zipdeploy\extracted\AutoMapper.Extensions.Microsoft.DependencyInjection.dll ..." date="2025-11-18T12:42:55.132" /><!-- duration: 0ms -->
        <step title="Extracting to C:\local\Temp\zipdeploy\extracted\Azure.Core.dll ..." date="2025-11-18T12:42:55.147" /><!-- duration: 0ms -->
        <step title="Omitting extracting file traces ..." date="2025-11-18T12:42:55.163" /><!-- duration: 0ms -->
      </step><!-- duration: 953ms -->
    </step><!-- duration: 969ms -->
    <step title="Before sending BuildRequestReceived status to /api/updatedeploystatus" date="2025-11-18T12:42:56.054" /><!-- duration: 16ms -->
    <step title="DeploymentManager.Deploy(id:ed9dec36798340b093ee8e6167601c4d)" date="2025-11-18T12:42:56.069" >
      <step title="Collecting changeset information" date="2025-11-18T12:42:56.085" /><!-- duration: 47ms -->
      <step title="Updating submodules" date="2025-11-18T12:42:56.147" >
        <step title="Updating submodules." date="2025-11-18T12:42:56.179" /><!-- duration: 0ms -->
      </step><!-- duration: 47ms -->
      <step title="Preparing deployment for commit id &apos;ed9dec3679&apos;." date="2025-11-18T12:42:56.241" /><!-- duration: 0ms -->
      <step title="Determining deployment builder" date="2025-11-18T12:42:56.272" >
        <step title="Builder is OneDeployBuilder" date="2025-11-18T12:42:56.272" /><!-- duration: 16ms -->
      </step><!-- duration: 16ms -->
      <step title="Copying SSH keys" date="2025-11-18T12:42:56.304" /><!-- duration: 16ms -->
      <step title="Building" date="2025-11-18T12:42:56.319" >
        <step title="Running build. Project type: OneDeploy" date="2025-11-18T12:42:56.366" /><!-- duration: 0ms -->
        <step title="Copying the manifest" date="2025-11-18T12:42:56.398" /><!-- duration: 16ms -->
        <step title="Clean deploying to C:\home\site\wwwroot" date="2025-11-18T12:42:56.460" /><!-- duration: 0ms -->
        <step title="Generating deployment script." date="2025-11-18T12:42:56.507" /><!-- duration: 0ms -->
        <step title="Generating deployment script" date="2025-11-18T12:42:56.507" >
          <step title="Using cached version of the deployment script for command: -y --no-dot-deployment -r &quot;C:\local\Temp\zipdeploy\extracted&quot; -o &quot;C:\home\site\deployments\tools&quot; --basic --sitePath &quot;C:\local\Temp\zipdeploy\extracted&quot;" date="2025-11-18T12:42:56.523" /><!-- duration: 16ms -->
          <step title="Using cached version of deployment script (command: &apos;azure -y --no-dot-deployment -r &quot;C:\local\Temp\zipdeploy\extracted&quot; -o &quot;C:\home\site\deployments\tools&quot; --basic --sitePath &quot;C:\local\Temp\zipdeploy\extracted&quot;&apos;)." date="2025-11-18T12:42:56.554" /><!-- duration: 0ms -->
        </step><!-- duration: 47ms -->
        <step title="Running deployment command..." date="2025-11-18T12:42:56.601" /><!-- duration: 0ms -->
        <step title="Command: &quot;C:\home\site\deployments\tools\deploy.cmd&quot;" date="2025-11-18T12:42:56.617" /><!-- duration: 0ms -->
        <step title="Executing external process" date="2025-11-18T12:42:56.632" type="process" path="starter.cmd" arguments="&quot;C:\home\site\deployments\tools\deploy.cmd&quot;" >
          <step title="Handling Basic Web Site deployment." date="2025-11-18T12:42:56.742" /><!-- duration: 0ms -->
          <step title="Creating app_offline.htm" date="2025-11-18T12:42:56.882" /><!-- duration: 0ms -->
          <step title="KuduSync.NET from: &apos;C:\local\Temp\zipdeploy\extracted&apos; to: &apos;C:\home\site\wwwroot&apos;" date="2025-11-18T12:42:56.898" /><!-- duration: 0ms -->
          <step title="Deleting file: &apos;publish\appsettings.Development.json&apos;" date="2025-11-18T12:42:56.913" /><!-- duration: 0ms -->
          <step title="Deleting file: &apos;publish\appsettings.json&apos;" date="2025-11-18T12:42:56.929" /><!-- duration: 0ms -->
          <step title="Deleting file: &apos;publish\MH.Api.deps.json&apos;" date="2025-11-18T12:42:56.945" /><!-- duration: 0ms -->
          <step title="Deleting file: &apos;publish\MH.Api.runtimeconfig.json&apos;" date="2025-11-18T12:42:56.960" /><!-- duration: 0ms -->
          <step title="Deleting file: &apos;publish\MH.Api.staticwebassets.endpoints.json&apos;" date="2025-11-18T12:42:56.960" /><!-- duration: 16ms -->
          <step title="Deleting file: &apos;publish\web.config&apos;" date="2025-11-18T12:42:56.976" /><!-- duration: 16ms -->
          <step title="Deleting file: &apos;publish\publish\appsettings.Development.json&apos;" date="2025-11-18T12:42:56.992" /><!-- duration: 16ms -->
          <step title="Deleting file: &apos;publish\publish\appsettings.json&apos;" date="2025-11-18T12:42:57.007" /><!-- duration: 0ms -->
          <step title="Deleting file: &apos;publish\publish\MH.Api.deps.json&apos;" date="2025-11-18T12:42:57.023" /><!-- duration: 0ms -->
          <step title="Deleting file: &apos;publish\publish\MH.Api.runtimeconfig.json&apos;" date="2025-11-18T12:42:57.038" /><!-- duration: 0ms -->
          <step title="Deleting file: &apos;publish\publish\MH.Api.staticwebassets.endpoints.json&apos;" date="2025-11-18T12:42:57.054" /><!-- duration: 0ms -->
          <step title="Deleting file: &apos;publish\publish\web.config&apos;" date="2025-11-18T12:42:57.070" /><!-- duration: 0ms -->
          <step title="Deleting file: &apos;publish\publish\publish\appsettings.Development.json&apos;" date="2025-11-18T12:42:57.085" /><!-- duration: 0ms -->
          <step title="Deleting file: &apos;publish\publish\publish\appsettings.json&apos;" date="2025-11-18T12:42:57.101" /><!-- duration: 0ms -->
          <step title="Deleting file: &apos;publish\publish\publish\MH.Api.deps.json&apos;" date="2025-11-18T12:42:57.117" /><!-- duration: 0ms -->
          <step title="Deleting file: &apos;publish\publish\publish\MH.Api.runtimeconfig.json&apos;" date="2025-11-18T12:42:57.179" /><!-- duration: 16ms -->
          <step title="Deleting file: &apos;publish\publish\publish\MH.Api.staticwebassets.endpoints.json&apos;" date="2025-11-18T12:42:57.195" /><!-- duration: 16ms -->
          <step title="Deleting file: &apos;publish\publish\publish\web.config&apos;" date="2025-11-18T12:42:57.210" /><!-- duration: 16ms -->
          <step title="Deleting file: &apos;publish\publish\publish\publish\appsettings.Development.json&apos;" date="2025-11-18T12:42:57.226" /><!-- duration: 16ms -->
          <step title="Deleting file: &apos;publish\publish\publish\publish\appsettings.json&apos;" date="2025-11-18T12:42:57.242" /><!-- duration: 16ms -->
          <step title="Deleting file: &apos;publish\publish\publish\publish\MH.Api.deps.json&apos;" date="2025-11-18T12:42:57.257" /><!-- duration: 16ms -->
          <step title="Deleting file: &apos;publish\publish\publish\publish\MH.Api.runtimeconfig.json&apos;" date="2025-11-18T12:42:57.273" /><!-- duration: 0ms -->
          <step title="Deleting file: &apos;publish\publish\publish\publish\MH.Api.staticwebassets.endpoints.json&apos;" date="2025-11-18T12:42:57.288" /><!-- duration: 0ms -->
          <step title="Deleting file: &apos;publish\publish\publish\publish\web.config&apos;" date="2025-11-18T12:42:57.304" /><!-- duration: 0ms -->
          <step title="Deleting file: &apos;publish\publish\publish\publish\publish\appsettings.Development.json&apos;" date="2025-11-18T12:42:57.320" /><!-- duration: 0ms -->
          <step title="Deleting file: &apos;publish\publish\publish\publish\publish\appsettings.json&apos;" date="2025-11-18T12:42:57.335" /><!-- duration: 0ms -->
          <step title="Deleting file: &apos;publish\publish\publish\publish\publish\MH.Api.deps.json&apos;" date="2025-11-18T12:42:57.351" /><!-- duration: 0ms -->
          <step title="Deleting file: &apos;publish\publish\publish\publish\publish\MH.Api.runtimeconfig.json&apos;" date="2025-11-18T12:42:57.367" /><!-- duration: 0ms -->
          <step title="Deleting file: &apos;publish\publish\publish\publish\publish\MH.Api.staticwebassets.endpoints.json&apos;" date="2025-11-18T12:42:57.382" /><!-- duration: 0ms -->
          <step title="Deleting file: &apos;publish\publish\publish\publish\publish\web.config&apos;" date="2025-11-18T12:42:57.398" /><!-- duration: 0ms -->
          <step title="Deleting file: &apos;publish\publish\publish\publish\publish\publish\appsettings.Development.json&apos;" date="2025-11-18T12:42:57.398" /><!-- duration: 16ms -->
          <step title="Deleting file: &apos;publish\publish\publish\publish\publish\publish\appsettings.json&apos;" date="2025-11-18T12:42:57.413" /><!-- duration: 18ms -->
          <step title="Deleting file: &apos;publish\publish\publish\publish\publish\publish\MH.Api.deps.json&apos;" date="2025-11-18T12:42:57.447" /><!-- duration: 0ms -->
          <step title="Deleting file: &apos;publish\publish\publish\publish\publish\publish\MH.Api.runtimeconfig.json&apos;" date="2025-11-18T12:42:57.447" /><!-- duration: 16ms -->
          <step title="Deleting file: &apos;publish\publish\publish\publish\publish\publish\MH.Api.staticwebassets.endpoints.json&apos;" date="2025-11-18T12:42:57.462" /><!-- duration: 17ms -->
          <step title="Deleting file: &apos;publish\publish\publish\publish\publish\publish\web.config&apos;" date="2025-11-18T12:42:57.480" /><!-- duration: 0ms -->
          <step title="Deleting file: &apos;publish\publish\publish\publish\publish\publish\publish\appsettings.Development.json&apos;" date="2025-11-18T12:42:57.495" /><!-- duration: 0ms -->
          <step title="Deleting file: &apos;publish\publish\publish\publish\publish\publish\publish\appsettings.json&apos;" date="2025-11-18T12:42:57.511" /><!-- duration: 0ms -->
          <step title="Deleting file: &apos;publish\publish\publish\publish\publish\publish\publish\MH.Api.deps.json&apos;" date="2025-11-18T12:42:57.526" /><!-- duration: 0ms -->
          <step title="Deleting file: &apos;publish\publish\publish\publish\publish\publish\publish\MH.Api.runtimeconfig.json&apos;" date="2025-11-18T12:42:57.542" /><!-- duration: 0ms -->
          <step title="Deleting file: &apos;publish\publish\publish\publish\publish\publish\publish\MH.Api.staticwebassets.endpoints.json&apos;" date="2025-11-18T12:42:57.558" /><!-- duration: 0ms -->
          <step title="Deleting file: &apos;publish\publish\publish\publish\publish\publish\publish\web.config&apos;" date="2025-11-18T12:42:57.573" /><!-- duration: 0ms -->
          <step title="Deleting file: &apos;publish\publish\publish\publish\publish\publish\publish\publish\appsettings.Development.json&apos;" date="2025-11-18T12:42:57.573" /><!-- duration: 16ms -->
          <step title="Deleting file: &apos;publish\publish\publish\publish\publish\publish\publish\publish\appsettings.json&apos;" date="2025-11-18T12:42:57.589" /><!-- duration: 16ms -->
          <step title="Deleting file: &apos;publish\publish\publish\publish\publish\publish\publish\publish\MH.Api.deps.json&apos;" date="2025-11-18T12:42:57.605" /><!-- duration: 16ms -->
          <step title="Deleting file: &apos;publish\publish\publish\publish\publish\publish\publish\publish\MH.Api.runtimeconfig.json&apos;" date="2025-11-18T12:42:57.620" /><!-- duration: 0ms -->
          <step title="Deleting file: &apos;publish\publish\publish\publish\publish\publish\publish\publish\MH.Api.staticwebassets.endpoints.json&apos;" date="2025-11-18T12:42:57.636" /><!-- duration: 0ms -->
          <step title="Deleting file: &apos;publish\publish\publish\publish\publish\publish\publish\publish\web.config&apos;" date="2025-11-18T12:42:57.651" /><!-- duration: 0ms -->
          <step title="Omitting next output lines..." date="2025-11-18T12:42:57.667" /><!-- duration: 0ms -->
          <step title="Finished successfully." date="2025-11-18T12:43:01.030" /><!-- duration: 0ms -->
        </step><!-- duration: 4397ms -->
        <step title="Build completed succesfully." date="2025-11-18T12:43:01.076" /><!-- duration: 0ms -->
        <step title="Running post deployment command(s)..." date="2025-11-18T12:43:01.123" /><!-- duration: 0ms -->
        <step title="Requesting site restart" date="2025-11-18T12:43:01.170" /><!-- duration: 0ms -->
        <step title="Requesting site restart" date="2025-11-18T12:43:01.186" /><!-- duration: 0ms -->
        <step title="Requesting site restart. Attempt #1" date="2025-11-18T12:43:01.233" /><!-- duration: 0ms -->
        <step title="Requesting site restart. Attempt #1" date="2025-11-18T12:43:01.248" /><!-- duration: 0ms -->
        <step title="Successfully requested a restart. Attempt #1" date="2025-11-18T12:43:01.373" /><!-- duration: 0ms -->
        <step title="Successfully requested a restart. Attempt #1" date="2025-11-18T12:43:01.389" /><!-- duration: 0ms -->
        <step title="Deployment successful. DEPLOYMENTINFO: deploymentPath = OneDeploy, deployer = OneDeploy, os = windows, sku = Free, siteName = NgCanduAPI, siteHostName = ngcanduapi.azurewebsites.net, deploymentStatus = Success" date="2025-11-18T12:43:01.420" /><!-- duration: 16ms -->
        <step title="Purge deployment items" date="2025-11-18T12:43:01.499" >
          <step title="Remove 7e3882d22, Success, received at 11/18/2025 6:48:48 AM" date="2025-11-18T12:43:01.545" /><!-- duration: 16ms -->
        </step><!-- duration: 63ms -->
      </step><!-- duration: 5257ms -->
    </step><!-- duration: 5523ms -->
    <step title="Cleaning up temp files" date="2025-11-18T12:43:01.592" /><!-- duration: 0ms -->
    <step title="Skip function trigger and logicapp sync because function is not enabled." date="2025-11-18T12:43:01.608" /><!-- duration: 0ms -->
  </step><!-- duration: 6664ms -->
  <step title="LockFile &apos;C:\home\site\locks\deployments.lock&apos; released" date="2025-11-18T12:43:01.624" /><!-- duration: 16ms -->
  <step title="Deleting shutdown sentinel file" date="2025-11-18T12:43:01.639" SemaphoreCount="8" /><!-- duration: 16ms -->
</step><!-- duration: 6773ms -->
