<step title="Incoming Request" date="2025-11-19T13:44:17.075" instance="92ca53" url="/api/zipdeploy?isAsync=true" method="POST" type="request" pid="14984,2,25" Cache-Control="no-cache" Content-Length="24303459" Content-Type="application/octet-stream" Accept="*/*" Accept-Encoding="gzip, deflate" Authorization="Bas..." Host="ngcanduapi.scm.azurewebsites.net" User-Agent="AZURECLI/2.75.0 (MSI)" x-ms-client-request-id="d3d8c1bb-c54d-11f0-ba8d-c025a5cfe792" X-ARR-LOG-ID="d3d8c1bb-c54d-11f0-ba8d-c025a5cfe792" CLIENT-IP="197.234.156.224:58719" X-SITE-DEPLOYMENT-ID="NgCanduAPI" WAS-DEFAULT-HOSTNAME="ngcanduapi.scm.azurewebsites.net" X-Forwarded-Proto="https" X-AppService-Proto="https" X-Forwarded-TlsVersion="1.3" X-WAWS-Unencoded-URL="/api/zipdeploy?isAsync=true" >
  <step title="Cleanup Xml Logs" date="2025-11-19T13:44:17.075" /><!-- duration: 16ms -->
  <step title="ZipPushDeploy" date="2025-11-19T13:44:17.513" >
    <step title="ZipDeploy. Extract zip. " date="2025-11-19T13:44:17.528" /><!-- duration: 0ms -->
    <step title="Starting PushDeployAsync" date="2025-11-19T13:44:17.528" /><!-- duration: 0ms -->
    <step title="Updating shutdown sentinel last write time" date="2025-11-19T13:44:17.544" SemaphoreCount="7" /><!-- duration: 16ms -->
    <step title="LockFile &apos;C:\home\site\locks\deployments.lock&apos; acquired" date="2025-11-19T13:44:17.575" /><!-- duration: 0ms -->
    <step title="Saving request content to C:\local\Temp\zipdeploy\rpojs2zj.zip" date="2025-11-19T13:44:17.575" >
      <step title="Total 24,303,459 bytes written to C:\local\Temp\zipdeploy\rpojs2zj.zip" date="2025-11-19T13:44:20.372" /><!-- duration: 0ms -->
    </step><!-- duration: 2813ms -->
    <step title="LockFile &apos;C:\home\site\locks\deployments.lock&apos; released" date="2025-11-19T13:44:20.388" /><!-- duration: 0ms -->
    <step title="Deleting shutdown sentinel file" date="2025-11-19T13:44:20.403" SemaphoreCount="8" /><!-- duration: 0ms -->
    <step title="Starting FetchDeploy" date="2025-11-19T13:44:20.419" /><!-- duration: 0ms -->
    <step title="Start deployment in the background" date="2025-11-19T13:44:20.419" /><!-- duration: 78ms -->
  </step><!-- duration: 2984ms -->
  <step title="Outgoing response" date="2025-11-19T13:44:20.513" type="response" statusCode="202" statusText="Accepted" Server="Microsoft-IIS/10.0" x-ms-request-id="d3d8c1bb-c54d-11f0-ba8d-c025a5cfe792" Retry-After="30" Cache-Control="private" X-AspNet-Version="4.0.30319" Location="https://ngcanduapi.scm.azurewebsites.net/api/deployments/latest?deployer=ZipDeploy&amp;time=2025-11-19_13-44-20Z" /><!-- duration: 0ms -->
</step><!-- duration: 3438ms -->
