<step title="Incoming Request" date="2025-11-18T06:19:55.071" instance="92ca53" url="/api/publish?type=zip" method="POST" type="request" pid="15040,2,7" Cache-Control="no-cache" Connection="Keep-Alive" Content-Length="23368109" Content-Type="application/octet-stream" Accept="*/*" Accept-Encoding="gzip, deflate" Authorization="Bas..." Host="ngcanduapi.scm.azurewebsites.net" User-Agent="AZURECLI/2.75.0 (MSI)" x-ms-client-request-id="90f74b0d-c446-11f0-9156-c025a5cfe792" X-ARR-LOG-ID="90f74b0d-c446-11f0-9156-c025a5cfe792" CLIENT-IP="197.234.156.224:56421" X-SITE-DEPLOYMENT-ID="NgCanduAPI" WAS-DEFAULT-HOSTNAME="ngcanduapi.scm.azurewebsites.net" X-Forwarded-Proto="https" X-AppService-Proto="https" X-Forwarded-TlsVersion="1.3" X-WAWS-Unencoded-URL="/api/publish?type=zip" X-MS-COLDSTART="1" >
  <step title="OneDeploy" date="2025-11-18T06:19:55.603" >
    <step title="Starting PushDeployAsync" date="2025-11-18T06:19:55.618" /><!-- duration: 16ms -->
    <step title="Updating shutdown sentinel last write time" date="2025-11-18T06:19:55.681" SemaphoreCount="7" /><!-- duration: 0ms -->
    <step title="LockFile &apos;C:\home\site\locks\deployments.lock&apos; acquired" date="2025-11-18T06:19:55.681" /><!-- duration: 16ms -->
    <step title="Saving request content to C:\local\Temp\zipdeploy\jn325whq.zip" date="2025-11-18T06:19:55.696" >
      <step title="Total 23,368,109 bytes written to C:\local\Temp\zipdeploy\jn325whq.zip" date="2025-11-18T06:19:58.150" /><!-- duration: 16ms -->
    </step><!-- duration: 2469ms -->
    <step title="LockFile &apos;C:\home\site\locks\deployments.lock&apos; released" date="2025-11-18T06:19:58.165" /><!-- duration: 16ms -->
    <step title="Deleting shutdown sentinel file" date="2025-11-18T06:19:58.181" SemaphoreCount="8" /><!-- duration: 16ms -->
    <step title="Starting FetchDeploy" date="2025-11-18T06:19:58.196" /><!-- duration: 0ms -->
    <step title="Attempting to fetch target branch HEAD" date="2025-11-18T06:19:58.212" /><!-- duration: 0ms -->
    <step title="Updating shutdown sentinel last write time" date="2025-11-18T06:19:58.228" SemaphoreCount="7" /><!-- duration: 0ms -->
    <step title="LockFile &apos;C:\home\site\locks\deployments.lock&apos; acquired" date="2025-11-18T06:19:58.228" /><!-- duration: 31ms -->
    <step title="Performing fetch based deployment" date="2025-11-18T06:19:58.259" >
      <step title="Creating temporary deployment" date="2025-11-18T06:19:58.275" /><!-- duration: 47ms -->
      <step title="Fetching changes." date="2025-11-18T06:19:58.400" /><!-- duration: 0ms -->
      <step title="Starting LocalZipHandler" date="2025-11-18T06:19:58.415" /><!-- duration: 0ms -->
      <step title="Starting LocalZipFetch" date="2025-11-18T06:19:58.431" /><!-- duration: 0ms -->
      <step title="Cleaning up temp folders from previous zip deployments and extracting pushed zip file C:\local\Temp\zipdeploy\jn325whq.zip (22.29 MB) to C:\local\Temp\zipdeploy\extracted" date="2025-11-18T06:19:58.447" /><!-- duration: 0ms -->
      <step title="Cleaning up temp folders from previous zip deployments and extracting pushed zip file C:\local\Temp\zipdeploy\jn325whq.zip (22.29 MB) to C:\local\Temp\zipdeploy\extracted" date="2025-11-18T06:19:58.462" >
        <step title="Extracting 245 entries to C:\local\Temp\zipdeploy\extracted directory" date="2025-11-18T06:19:58.478" >
          <step title="Extracting to C:\local\Temp\zipdeploy\extracted\ca\Hangfire.Core.resources.dll ..." date="2025-11-18T06:19:58.478" /><!-- duration: 16ms -->
          <step title="Extracting to C:\local\Temp\zipdeploy\extracted\de\Hangfire.Core.resources.dll ..." date="2025-11-18T06:19:58.493" /><!-- duration: 16ms -->
          <step title="Extracting to C:\local\Temp\zipdeploy\extracted\es\Hangfire.Core.resources.dll ..." date="2025-11-18T06:19:58.509" /><!-- duration: 16ms -->
          <step title="Extracting to C:\local\Temp\zipdeploy\extracted\fa\Hangfire.Core.resources.dll ..." date="2025-11-18T06:19:58.525" /><!-- duration: 0ms -->
          <step title="Extracting to C:\local\Temp\zipdeploy\extracted\fr\Hangfire.Core.resources.dll ..." date="2025-11-18T06:19:58.540" /><!-- duration: 0ms -->
          <step title="Omitting extracting file traces ..." date="2025-11-18T06:19:58.540" /><!-- duration: 16ms -->
        </step><!-- duration: 906ms -->
      </step><!-- duration: 922ms -->
      <step title="None repository commit" date="2025-11-18T06:19:59.400" >
        <step title="Commit id: e84fa730565a4ca1aa4c5d9767936645" date="2025-11-18T06:19:59.400" Message="OneDeploy" AuthorName="N/A" AuthorEmail="N/A" /><!-- duration: 16ms -->
      </step><!-- duration: 16ms -->
      <step title="Before sending BuildRequestReceived status to /api/updatedeploystatus" date="2025-11-18T06:19:59.415" /><!-- duration: 16ms -->
      <step title="DeploymentManager.Deploy(id:e84fa730565a4ca1aa4c5d9767936645)" date="2025-11-18T06:19:59.431" >
        <step title="Collecting changeset information" date="2025-11-18T06:19:59.446" /><!-- duration: 63ms -->
        <step title="Updating submodules" date="2025-11-18T06:19:59.509" >
          <step title="Updating submodules." date="2025-11-18T06:19:59.556" /><!-- duration: 0ms -->
        </step><!-- duration: 62ms -->
        <step title="Preparing deployment for commit id &apos;e84fa73056&apos;." date="2025-11-18T06:19:59.618" /><!-- duration: 0ms -->
        <step title="Determining deployment builder" date="2025-11-18T06:19:59.665" >
          <step title="Builder is OneDeployBuilder" date="2025-11-18T06:19:59.681" /><!-- duration: 0ms -->
        </step><!-- duration: 16ms -->
        <step title="Copying SSH keys" date="2025-11-18T06:19:59.712" /><!-- duration: 0ms -->
        <step title="Building" date="2025-11-18T06:19:59.712" >
          <step title="Running build. Project type: OneDeploy" date="2025-11-18T06:19:59.759" /><!-- duration: 0ms -->
          <step title="Copying the manifest" date="2025-11-18T06:19:59.821" /><!-- duration: 0ms -->
          <step title="Clean deploying to C:\home\site\wwwroot" date="2025-11-18T06:19:59.884" /><!-- duration: 0ms -->
          <step title="Generating deployment script." date="2025-11-18T06:19:59.931" /><!-- duration: 16ms -->
          <step title="Generating deployment script" date="2025-11-18T06:19:59.947" >
            <step title="Using cached version of the deployment script for command: -y --no-dot-deployment -r &quot;C:\local\Temp\zipdeploy\extracted&quot; -o &quot;C:\home\site\deployments\tools&quot; --basic --sitePath &quot;C:\local\Temp\zipdeploy\extracted&quot;" date="2025-11-18T06:19:59.993" /><!-- duration: 16ms -->
            <step title="Using cached version of deployment script (command: &apos;azure -y --no-dot-deployment -r &quot;C:\local\Temp\zipdeploy\extracted&quot; -o &quot;C:\home\site\deployments\tools&quot; --basic --sitePath &quot;C:\local\Temp\zipdeploy\extracted&quot;&apos;)." date="2025-11-18T06:20:00.025" /><!-- duration: 16ms -->
          </step><!-- duration: 109ms -->
          <step title="Running deployment command..." date="2025-11-18T06:20:00.103" /><!-- duration: 0ms -->
          <step title="Command: &quot;C:\home\site\deployments\tools\deploy.cmd&quot;" date="2025-11-18T06:20:00.118" /><!-- duration: 16ms -->
          <step title="Executing external process" date="2025-11-18T06:20:00.150" type="process" path="starter.cmd" arguments="&quot;C:\home\site\deployments\tools\deploy.cmd&quot;" >
            <step title="Handling Basic Web Site deployment." date="2025-11-18T06:20:00.275" /><!-- duration: 0ms -->
            <step title="Creating app_offline.htm" date="2025-11-18T06:20:02.868" /><!-- duration: 0ms -->
            <step title="KuduSync.NET from: &apos;C:\local\Temp\zipdeploy\extracted&apos; to: &apos;C:\home\site\wwwroot&apos;" date="2025-11-18T06:20:02.884" /><!-- duration: 0ms -->
            <step title="Copying file: &apos;MH.Api.dll&apos;" date="2025-11-18T06:20:02.900" /><!-- duration: 0ms -->
            <step title="Copying file: &apos;MH.Api.exe&apos;" date="2025-11-18T06:20:02.915" /><!-- duration: 16ms -->
            <step title="Copying file: &apos;MH.Api.pdb&apos;" date="2025-11-18T06:20:02.947" /><!-- duration: 0ms -->
            <step title="Copying file: &apos;MH.Application.dll&apos;" date="2025-11-18T06:20:02.962" /><!-- duration: 0ms -->
            <step title="Copying file: &apos;MH.Application.pdb&apos;" date="2025-11-18T06:20:02.978" /><!-- duration: 16ms -->
            <step title="Copying file: &apos;MH.Domain.dll&apos;" date="2025-11-18T06:20:02.993" /><!-- duration: 16ms -->
            <step title="Copying file: &apos;MH.Domain.pdb&apos;" date="2025-11-18T06:20:03.025" /><!-- duration: 0ms -->
            <step title="Copying file: &apos;MH.Infrastructure.dll&apos;" date="2025-11-18T06:20:03.040" /><!-- duration: 0ms -->
            <step title="Copying file: &apos;MH.Infrastructure.pdb&apos;" date="2025-11-18T06:20:03.056" /><!-- duration: 16ms -->
            <step title="Copying file: &apos;publish\MH.Api.deps.json&apos;" date="2025-11-18T06:20:03.087" /><!-- duration: 0ms -->
            <step title="Copying file: &apos;publish\publish\publish\publish\appsettings.Development.json&apos;" date="2025-11-18T06:20:03.103" /><!-- duration: 16ms -->
            <step title="Copying file: &apos;publish\publish\publish\publish\appsettings.json&apos;" date="2025-11-18T06:20:03.118" /><!-- duration: 16ms -->
            <step title="Copying file: &apos;publish\publish\publish\publish\MH.Api.deps.json&apos;" date="2025-11-18T06:20:03.150" /><!-- duration: 0ms -->
            <step title="Copying file: &apos;publish\publish\publish\publish\MH.Api.runtimeconfig.json&apos;" date="2025-11-18T06:20:03.166" /><!-- duration: 0ms -->
            <step title="Copying file: &apos;publish\publish\publish\publish\MH.Api.staticwebassets.endpoints.json&apos;" date="2025-11-18T06:20:03.181" /><!-- duration: 16ms -->
            <step title="Copying file: &apos;publish\publish\publish\publish\web.config&apos;" date="2025-11-18T06:20:03.213" /><!-- duration: 0ms -->
            <step title="Deleting app_offline.htm" date="2025-11-18T06:20:03.228" /><!-- duration: 0ms -->
            <step title="Finished successfully." date="2025-11-18T06:20:03.244" /><!-- duration: 0ms -->
          </step><!-- duration: 3110ms -->
          <step title="Build completed succesfully." date="2025-11-18T06:20:03.306" /><!-- duration: 0ms -->
          <step title="Running post deployment command(s)..." date="2025-11-18T06:20:03.353" /><!-- duration: 0ms -->
          <step title="Requesting site restart" date="2025-11-18T06:20:03.416" /><!-- duration: 0ms -->
          <step title="Requesting site restart" date="2025-11-18T06:20:03.416" /><!-- duration: 16ms -->
          <step title="Requesting site restart. Attempt #1" date="2025-11-18T06:20:03.478" /><!-- duration: 0ms -->
          <step title="Requesting site restart. Attempt #1" date="2025-11-18T06:20:03.494" /><!-- duration: 0ms -->
          <step title="Successfully requested a restart. Attempt #1" date="2025-11-18T06:20:03.822" /><!-- duration: 16ms -->
          <step title="Successfully requested a restart. Attempt #1" date="2025-11-18T06:20:03.853" /><!-- duration: 0ms -->
          <step title="Deployment successful. DEPLOYMENTINFO: deploymentPath = OneDeploy, deployer = OneDeploy, os = windows, sku = Free, siteName = NgCanduAPI, siteHostName = ngcanduapi.azurewebsites.net, deploymentStatus = Success" date="2025-11-18T06:20:03.900" /><!-- duration: 0ms -->
          <step title="Purge deployment items" date="2025-11-18T06:20:04.056" >
            <step title="Remove 77379cdda, Success, received at 11/17/2025 12:41:22 PM" date="2025-11-18T06:20:04.134" /><!-- duration: 0ms -->
          </step><!-- duration: 78ms -->
        </step><!-- duration: 4454ms -->
      </step><!-- duration: 4735ms -->
      <step title="Cleaning up temp files" date="2025-11-18T06:20:04.181" /><!-- duration: 0ms -->
      <step title="Skip function trigger and logicapp sync because function is not enabled." date="2025-11-18T06:20:04.197" /><!-- duration: 0ms -->
    </step><!-- duration: 5985ms -->
    <step title="LockFile &apos;C:\home\site\locks\deployments.lock&apos; released" date="2025-11-18T06:20:04.244" /><!-- duration: 16ms -->
    <step title="Deleting shutdown sentinel file" date="2025-11-18T06:20:04.259" SemaphoreCount="8" /><!-- duration: 0ms -->
  </step><!-- duration: 8672ms -->
  <step title="Outgoing response" date="2025-11-18T06:20:04.306" type="response" statusCode="200" statusText="OK" Server="Microsoft-IIS/10.0" x-ms-request-id="90f74b0d-c446-11f0-9156-c025a5cfe792" Cache-Control="private" X-AspNet-Version="4.0.30319" /><!-- duration: 0ms -->
</step><!-- duration: 9235ms -->
