<step title="Incoming Request" date="2025-11-18T11:52:23.893" instance="92ca53" url="/api/publish?async=true&amp;deployer=GITHUB_ONE_DEPLOY&amp;type=zip&amp;message=%7B%22type%22%3A%22deployment%22%2C%22sha%22%3A%22e8da3ec41c6493018374985d8c280d3d6eaed219%22%2C%22repoName%22%3A%22daedalusdigital-za%2FNCD-API%22%2C%22actor%22%3A%22daedalusdigital-za%22%2C%22slotName%22%3A%22Production%22%2C%22commitMessage%22%3A%22Fix%20TrainingSession%20audit%20field%20mappings%20(CreatedAt%2FUpdatedAt)%22%7D" method="POST" type="request" pid="6492,2,30" Transfer-Encoding="chunked" Content-Type="application/octet-stream" Authorization="Bas..." Cookie="ARRAffinity=92ca53ad8db4fbb93d4d3b7d8ab54dcf8ffecb2d731f25b0e91ad575d7534c3f;Path=/;HttpOnly;Secure;Domain=ngcanduapi.scm.azurewebsites.net; ARRAffinitySameSite=92ca53ad8db4fbb93d4d3b7d8ab54dcf8ffecb2d731f25b0e91ad575d7534c3f;Path=/;HttpOnly;SameSite=None;Secure;Domain=ngcanduapi.scm.azurewebsites.net" Host="ngcanduapi.scm.azurewebsites.net" User-Agent="GITHUBACTIONS_DeployWebAppToAzure_911ad8e07dd1095a617b283f0e1b400847f2d2bffc6e1de6b85a1cbb3aaec3dc" X-ARR-LOG-ID="1af8eda4-0676-4759-9d14-b6353c61c0fa" CLIENT-IP="64.236.133.96:25600" X-SITE-DEPLOYMENT-ID="NgCanduAPI" WAS-DEFAULT-HOSTNAME="ngcanduapi.scm.azurewebsites.net" X-Forwarded-Proto="https" X-AppService-Proto="https" X-Forwarded-TlsVersion="1.3" X-WAWS-Unencoded-URL="/api/publish?async=true&amp;deployer=GITHUB_ONE_DEPLOY&amp;type=zip&amp;message=%7B%22type%22%3A%22deployment%22%2C%22sha%22%3A%22e8da3ec41c6493018374985d8c280d3d6eaed219%22%2C%22repoName%22%3A%22daedalusdigital-za%2FNCD-API%22%2C%22actor%22%3A%22daedalusdigital-za%22%2C%22slotName%22%3A%22Production%22%2C%22commitMessage%22%3A%22Fix%20TrainingSession%20audit%20field%20mappings%20(CreatedAt%2FUpdatedAt)%22%7D" >
  <step title="OneDeploy" date="2025-11-18T11:52:23.909" >
    <step title="Starting PushDeployAsync" date="2025-11-18T11:52:23.924" /><!-- duration: 0ms -->
    <step title="Updating shutdown sentinel last write time" date="2025-11-18T11:52:23.940" SemaphoreCount="7" /><!-- duration: 0ms -->
    <step title="LockFile &apos;C:\home\site\locks\deployments.lock&apos; acquired" date="2025-11-18T11:52:23.955" /><!-- duration: 0ms -->
    <step title="Saving request content to C:\local\Temp\zipdeploy\iwjrdrlt.zip" date="2025-11-18T11:52:23.971" >
      <step title="Total 26,484,234 bytes written to C:\local\Temp\zipdeploy\iwjrdrlt.zip" date="2025-11-18T11:52:24.221" /><!-- duration: 0ms -->
    </step><!-- duration: 250ms -->
    <step title="LockFile &apos;C:\home\site\locks\deployments.lock&apos; released" date="2025-11-18T11:52:24.237" /><!-- duration: 0ms -->
    <step title="Deleting shutdown sentinel file" date="2025-11-18T11:52:24.237" SemaphoreCount="8" /><!-- duration: 16ms -->
    <step title="Starting FetchDeploy" date="2025-11-18T11:52:24.252" /><!-- duration: 0ms -->
    <step title="Start deployment in the background" date="2025-11-18T11:52:24.268" /><!-- duration: 63ms -->
  </step><!-- duration: 438ms -->
  <step title="Outgoing response" date="2025-11-18T11:52:24.346" type="response" statusCode="202" statusText="Accepted" Server="Microsoft-IIS/10.0" x-ms-request-id="1af8eda4-0676-4759-9d14-b6353c61c0fa" Retry-After="30" Cache-Control="private" X-AspNet-Version="4.0.30319" Location="https://ngcanduapi.scm.azurewebsites.net/api/deployments/latest?deployer=OneDeploy&amp;time=2025-11-18_11-52-24Z" /><!-- duration: 0ms -->
</step><!-- duration: 469ms -->
