<step title="Incoming Request" date="2025-11-19T11:15:05.813" instance="92ca53" url="/api/publish?async=true&amp;deployer=GITHUB_ONE_DEPLOY&amp;type=zip&amp;message=%7B%22type%22%3A%22deployment%22%2C%22sha%22%3A%22c1cc15b6672e507bf81250f0ada6bb86bb817e87%22%2C%22repoName%22%3A%22daedalusdigital-za%2FNCD-API%22%2C%22actor%22%3A%22daedalusdigital-za%22%2C%22slotName%22%3A%22Production%22%2C%22commitMessage%22%3A%22feat%3A%20Simplify%20Sale%20table%20structure%20-%20remove%2012%20unwanted%20columns%5Cn%5Cn-%20Remove%20unwanted%20columns%3A%20discount%2C%20paymentMethod%2C%20paymentStatus%2C%20taxAmount%2C%20subtotal%2C%20customerId%2C%20provinceId%2C%20lastUpdated%2C%20updatedBy%2C%20modifiedBy%2C%20customerEmail%2C%20deliveryStatus%5Cn-%20Simplify%20Sale%20entity%20from%2022%20to%2010%20columns%20for%20cleaner%20data%20model%5Cn-%20Update%20Sale.cs%20entity%20model%20to%20remove%20complex%20properties%5Cn-%20Update%20SaleModel.cs%20and%20SaleViewModel.cs%20DTOs%5Cn-%20Fix%20SaleConfiguration.cs%20Entity%20Framework%20configuration%5Cn-%20Update%20SalesMapping.cs%20AutoMapper%20profile%5Cn-%20Simplify%20SaleService.cs%20business%20logic%20and%20calculations%5Cn-%20Add%20comprehensive%20database%20migration%20scripts%5Cn-%20Remove%20unnecessary%20controllers%2C%20services%2C%20and%20entities%20(appointments%2C%20tickets%2C%20medical%20history%2C%20etc.)%5Cn-%20Clean%20up%20repository%20interfaces%20and%20implementations%5Cn-%20Update%20dependency%20injection%20configuration%5Cn%5CnDatabase%20structure%20now%20contains%20only%20essential%20Sale%20properties%3A%5Cn%20Id%2C%20SaleNumber%2C%20SaleDate%2C%20CustomerName%2C%20CustomerPhone%2C%20Total%2C%20Notes%2C%20IsDeleted%2C%20CreatedDate%2C%20CreatedBy%5Cn%5CnThi%22%7D" method="POST" type="request" pid="11408,2,7" Transfer-Encoding="chunked" Content-Type="application/octet-stream" Authorization="Bas..." Cookie="ARRAffinity=92ca53ad8db4fbb93d4d3b7d8ab54dcf8ffecb2d731f25b0e91ad575d7534c3f;Path=/;HttpOnly;Secure;Domain=ngcanduapi.scm.azurewebsites.net; ARRAffinitySameSite=92ca53ad8db4fbb93d4d3b7d8ab54dcf8ffecb2d731f25b0e91ad575d7534c3f;Path=/;HttpOnly;SameSite=None;Secure;Domain=ngcanduapi.scm.azurewebsites.net" Host="ngcanduapi.scm.azurewebsites.net" User-Agent="GITHUBACTIONS_DeployWebAppToAzure_911ad8e07dd1095a617b283f0e1b400847f2d2bffc6e1de6b85a1cbb3aaec3dc" X-ARR-LOG-ID="6ee53718-6e0a-406e-aaae-ffdb16e46446" CLIENT-IP="52.161.45.225:36872" X-SITE-DEPLOYMENT-ID="NgCanduAPI" WAS-DEFAULT-HOSTNAME="ngcanduapi.scm.azurewebsites.net" X-Forwarded-Proto="https" X-AppService-Proto="https" X-Forwarded-TlsVersion="1.3" X-WAWS-Unencoded-URL="/api/publish?async=true&amp;deployer=GITHUB_ONE_DEPLOY&amp;type=zip&amp;message=%7B%22type%22%3A%22deployment%22%2C%22sha%22%3A%22c1cc15b6672e507bf81250f0ada6bb86bb817e87%22%2C%22repoName%22%3A%22daedalusdigital-za%2FNCD-API%22%2C%22actor%22%3A%22daedalusdigital-za%22%2C%22slotName%22%3A%22Production%22%2C%22commitMessage%22%3A%22feat%3A%20Simplify%20Sale%20table%20structure%20-%20remove%2012%20unwanted%20columns%5Cn%5Cn-%20Remove%20unwanted%20columns%3A%20discount%2C%20paymentMethod%2C%20paymentStatus%2C%20taxAmount%2C%20subtotal%2C%20customerId%2C%20provinceId%2C%20lastUpdated%2C%20updatedBy%2C%20modifiedBy%2C%20customerEmail%2C%20deliveryStatus%5Cn-%20Simplify%20Sale%20entity%20from%2022%20to%2010%20columns%20for%20cleaner%20data%20model%5Cn-%20Update%20Sale.cs%20entity%20model%20to%20remove%20complex%20properties%5Cn-%20Update%20SaleModel.cs%20and%20SaleViewModel.cs%20DTOs%5Cn-%20Fix%20SaleConfiguration.cs%20Entity%20Framework%20configuration%5Cn-%20Update%20SalesMapping.cs%20AutoMapper%20profile%5Cn-%20Simplify%20SaleService.cs%20business%20logic%20and%20calculations%5Cn-%20Add%20comprehensive%20database%20migration%20scripts%5Cn-%20Remove%20unnecessary%20controllers%2C%20services%2C%20and%20entities%20(appointments%2C%20tickets%2C%20medical%20history%2C%20etc.)%5Cn-%20Clean%20up%20repository%20interfaces%20and%20implementations%5Cn-%20Update%20dependency%20injection%20configuration%5Cn%5CnDatabase%20structure%20now%20contains%20only%20essential%20Sale%20properties%3A%5Cn%20Id%2C%20SaleNumber%2C%20SaleDate%2C%20CustomerName%2C%20CustomerPhone%2C%20Total%2C%20Notes%2C%20IsDeleted%2C%20CreatedDate%2C%20CreatedBy%5Cn%5CnThi%22%7D" >
  <step title="OneDeploy" date="2025-11-19T11:15:05.891" >
    <step title="Starting PushDeployAsync" date="2025-11-19T11:15:05.907" /><!-- duration: 16ms -->
    <step title="Updating shutdown sentinel last write time" date="2025-11-19T11:15:05.953" SemaphoreCount="7" /><!-- duration: 0ms -->
    <step title="LockFile &apos;C:\home\site\locks\deployments.lock&apos; acquired" date="2025-11-19T11:15:05.953" /><!-- duration: 16ms -->
    <step title="Saving request content to C:\local\Temp\zipdeploy\1zo5rnuq.zip" date="2025-11-19T11:15:05.969" >
      <step title="Total 26,446,838 bytes written to C:\local\Temp\zipdeploy\1zo5rnuq.zip" date="2025-11-19T11:15:06.688" /><!-- duration: 0ms -->
    </step><!-- duration: 734ms -->
    <step title="LockFile &apos;C:\home\site\locks\deployments.lock&apos; released" date="2025-11-19T11:15:06.703" /><!-- duration: 0ms -->
    <step title="Deleting shutdown sentinel file" date="2025-11-19T11:15:06.719" SemaphoreCount="8" /><!-- duration: 0ms -->
    <step title="Starting FetchDeploy" date="2025-11-19T11:15:06.735" /><!-- duration: 0ms -->
    <step title="Start deployment in the background" date="2025-11-19T11:15:06.735" /><!-- duration: 94ms -->
  </step><!-- duration: 953ms -->
  <step title="Outgoing response" date="2025-11-19T11:15:06.844" type="response" statusCode="202" statusText="Accepted" Server="Microsoft-IIS/10.0" x-ms-request-id="6ee53718-6e0a-406e-aaae-ffdb16e46446" Retry-After="30" Cache-Control="private" X-AspNet-Version="4.0.30319" Location="https://ngcanduapi.scm.azurewebsites.net/api/deployments/latest?deployer=OneDeploy&amp;time=2025-11-19_11-15-06Z" /><!-- duration: 0ms -->
</step><!-- duration: 1047ms -->
