<step title="BackgroundTrace" date="2025-11-20T06:52:59.557" instance="92ca53" url="/api/zipdeploy" method="POST" >
  <step title="Updating shutdown sentinel last write time" date="2025-11-20T06:52:59.557" SemaphoreCount="7" /><!-- duration: 16ms -->
  <step title="LockFile &apos;C:\home\site\locks\deployments.lock&apos; acquired" date="2025-11-20T06:52:59.573" /><!-- duration: 16ms -->
  <step title="Creating temporary deployment" date="2025-11-20T06:52:59.588" /><!-- duration: 31ms -->
  <step title="Performing fetch based deployment" date="2025-11-20T06:52:59.620" >
    <step title="Fetching changes." date="2025-11-20T06:52:59.666" /><!-- duration: 16ms -->
    <step title="Starting LocalZipHandler" date="2025-11-20T06:52:59.682" /><!-- duration: 16ms -->
    <step title="Cleaning up temp folders from previous zip deployments and extracting pushed zip file C:\local\Temp\zipdeploy\ghbqcfjy.zip (22.47 MB) to C:\local\Temp\zipdeploy\extracted" date="2025-11-20T06:52:59.713" /><!-- duration: 16ms -->
    <step title="Cleaning up temp folders from previous zip deployments and extracting pushed zip file C:\local\Temp\zipdeploy\ghbqcfjy.zip (22.47 MB) to C:\local\Temp\zipdeploy\extracted" date="2025-11-20T06:52:59.729" >
      <step title="Renaming extractTargetDirectory(C:\local\Temp\zipdeploy\extracted) to tempDirectory(C:\local\Temp\zipdeploy\1oavhviw.k3q)" date="2025-11-20T06:52:59.729" /><!-- duration: 16ms -->
      <step title="Extracting 293 entries to C:\local\Temp\zipdeploy\extracted directory" date="2025-11-20T06:52:59.745" >
        <step title="Extracting to C:\local\Temp\zipdeploy\extracted\ca\Hangfire.Core.resources.dll ..." date="2025-11-20T06:52:59.745" /><!-- duration: 16ms -->
        <step title="Extracting to C:\local\Temp\zipdeploy\extracted\de\Hangfire.Core.resources.dll ..." date="2025-11-20T06:52:59.776" /><!-- duration: 0ms -->
        <step title="Extracting to C:\local\Temp\zipdeploy\extracted\es\Hangfire.Core.resources.dll ..." date="2025-11-20T06:52:59.776" /><!-- duration: 16ms -->
        <step title="Extracting to C:\local\Temp\zipdeploy\extracted\fa\Hangfire.Core.resources.dll ..." date="2025-11-20T06:52:59.791" /><!-- duration: 0ms -->
        <step title="Extracting to C:\local\Temp\zipdeploy\extracted\fr\Hangfire.Core.resources.dll ..." date="2025-11-20T06:52:59.807" /><!-- duration: 0ms -->
        <step title="Omitting extracting file traces ..." date="2025-11-20T06:52:59.807" /><!-- duration: 16ms -->
      </step><!-- duration: 953ms -->
    </step><!-- duration: 969ms -->
    <step title="Before sending BuildRequestReceived status to /api/updatedeploystatus" date="2025-11-20T06:53:00.698" /><!-- duration: 16ms -->
    <step title="DeploymentManager.Deploy(id:18d6ac3d187d4819b4a264031902ad9a)" date="2025-11-20T06:53:00.713" >
      <step title="Collecting changeset information" date="2025-11-20T06:53:00.729" /><!-- duration: 31ms -->
      <step title="Updating submodules" date="2025-11-20T06:53:00.776" >
        <step title="Updating submodules." date="2025-11-20T06:53:00.823" /><!-- duration: 16ms -->
      </step><!-- duration: 62ms -->
      <step title="Preparing deployment for commit id &apos;18d6ac3d18&apos;." date="2025-11-20T06:53:00.885" /><!-- duration: 0ms -->
      <step title="Determining deployment builder" date="2025-11-20T06:53:00.916" >
        <step title="Builder is BasicBuilder" date="2025-11-20T06:53:00.932" /><!-- duration: 0ms -->
      </step><!-- duration: 16ms -->
      <step title="Copying SSH keys" date="2025-11-20T06:53:00.963" /><!-- duration: 16ms -->
      <step title="Building" date="2025-11-20T06:53:00.979" >
        <step title="Generating deployment script." date="2025-11-20T06:53:01.010" /><!-- duration: 31ms -->
        <step title="Generating deployment script" date="2025-11-20T06:53:01.041" >
          <step title="Using cached version of the deployment script for command: -y --no-dot-deployment -r &quot;C:\local\Temp\zipdeploy\extracted&quot; -o &quot;C:\home\site\deployments\tools&quot; --basic --sitePath &quot;C:\local\Temp\zipdeploy\extracted&quot;" date="2025-11-20T06:53:01.057" /><!-- duration: 0ms -->
          <step title="Using cached version of deployment script (command: &apos;azure -y --no-dot-deployment -r &quot;C:\local\Temp\zipdeploy\extracted&quot; -o &quot;C:\home\site\deployments\tools&quot; --basic --sitePath &quot;C:\local\Temp\zipdeploy\extracted&quot;&apos;)." date="2025-11-20T06:53:01.073" /><!-- duration: 0ms -->
        </step><!-- duration: 47ms -->
        <step title="Running deployment command..." date="2025-11-20T06:53:01.120" /><!-- duration: 16ms -->
        <step title="Command: &quot;C:\home\site\deployments\tools\deploy.cmd&quot;" date="2025-11-20T06:53:01.151" /><!-- duration: 16ms -->
        <step title="Executing external process" date="2025-11-20T06:53:01.166" type="process" path="starter.cmd" arguments="&quot;C:\home\site\deployments\tools\deploy.cmd&quot;" >
          <step title="Handling Basic Web Site deployment." date="2025-11-20T06:53:01.307" /><!-- duration: 0ms -->
          <step title="Creating app_offline.htm" date="2025-11-20T06:53:03.782" /><!-- duration: 0ms -->
          <step title="KuduSync.NET from: &apos;C:\local\Temp\zipdeploy\extracted&apos; to: &apos;C:\home\site\wwwroot&apos;" date="2025-11-20T06:53:03.797" /><!-- duration: 0ms -->
          <step title="Copying file: &apos;MH.Api.dll&apos;" date="2025-11-20T06:53:03.813" /><!-- duration: 0ms -->
          <step title="Copying file: &apos;MH.Api.exe&apos;" date="2025-11-20T06:53:03.829" /><!-- duration: 0ms -->
          <step title="Copying file: &apos;MH.Api.pdb&apos;" date="2025-11-20T06:53:03.829" /><!-- duration: 16ms -->
          <step title="Copying file: &apos;MH.Application.dll&apos;" date="2025-11-20T06:53:03.844" /><!-- duration: 16ms -->
          <step title="Copying file: &apos;MH.Application.pdb&apos;" date="2025-11-20T06:53:03.860" /><!-- duration: 0ms -->
          <step title="Copying file: &apos;MH.Infrastructure.dll&apos;" date="2025-11-20T06:53:03.876" /><!-- duration: 0ms -->
          <step title="Copying file: &apos;MH.Infrastructure.pdb&apos;" date="2025-11-20T06:53:03.891" /><!-- duration: 0ms -->
          <step title="Deleting app_offline.htm" date="2025-11-20T06:53:03.907" /><!-- duration: 0ms -->
          <step title="Finished successfully." date="2025-11-20T06:53:03.922" /><!-- duration: 0ms -->
        </step><!-- duration: 2756ms -->
        <step title="Running post deployment command(s)..." date="2025-11-20T06:53:03.969" /><!-- duration: 16ms -->
        <step title="Triggering recycle (preview mode disabled)." date="2025-11-20T06:53:04.047" /><!-- duration: 0ms -->
        <step title="Ignoring FS watcher based recycle request as this is a classic Windows app." date="2025-11-20T06:53:04.047" /><!-- duration: 0ms -->
        <step title="Deployment successful. DEPLOYMENTINFO: deploymentPath = ZipDeploy. Extract zip. , deployer = ZipDeploy, os = windows, sku = Free, siteName = NgCanduAPI, siteHostName = ngcanduapi.azurewebsites.net, deploymentStatus = Success" date="2025-11-20T06:53:04.094" /><!-- duration: 16ms -->
        <step title="Purge deployment items" date="2025-11-20T06:53:04.219" >
          <step title="Remove 82d286d7f, Success, received at 11/18/2025 12:39:41 PM" date="2025-11-20T06:53:04.266" /><!-- duration: 16ms -->
        </step><!-- duration: 78ms -->
      </step><!-- duration: 3334ms -->
    </step><!-- duration: 3615ms -->
    <step title="Cleaning up temp files" date="2025-11-20T06:53:04.329" /><!-- duration: 0ms -->
    <step title="Skip function trigger and logicapp sync because function is not enabled." date="2025-11-20T06:53:04.344" /><!-- duration: 0ms -->
  </step><!-- duration: 4772ms -->
  <step title="LockFile &apos;C:\home\site\locks\deployments.lock&apos; released" date="2025-11-20T06:53:04.407" /><!-- duration: 0ms -->
  <step title="Deleting shutdown sentinel file" date="2025-11-20T06:53:04.407" SemaphoreCount="8" /><!-- duration: 16ms -->
</step><!-- duration: 4865ms -->
