<step title="Incoming Request" date="2025-11-20T13:14:07.371" instance="92ca53" url="/api/zipdeploy?isAsync=true" method="POST" type="request" pid="11052,2,23" Cache-Control="no-cache" Content-Length="23583183" Content-Type="application/octet-stream" Accept="*/*" Accept-Encoding="gzip, deflate" Authorization="Bas..." Host="ngcanduapi.scm.azurewebsites.net" User-Agent="AZURECLI/2.75.0 (MSI)" x-ms-client-request-id="c3e18dda-c612-11f0-9621-c025a5cfe792" X-ARR-LOG-ID="c3e18dda-c612-11f0-9621-c025a5cfe792" CLIENT-IP="197.234.156.224:65143" X-SITE-DEPLOYMENT-ID="NgCanduAPI" WAS-DEFAULT-HOSTNAME="ngcanduapi.scm.azurewebsites.net" X-Forwarded-Proto="https" X-AppService-Proto="https" X-Forwarded-TlsVersion="1.3" X-WAWS-Unencoded-URL="/api/zipdeploy?isAsync=true" >
  <step title="Cleanup Xml Logs" date="2025-11-20T13:14:07.387" /><!-- duration: 0ms -->
  <step title="ZipPushDeploy" date="2025-11-20T13:14:08.450" >
    <step title="ZipDeploy. Extract zip. " date="2025-11-20T13:14:08.465" /><!-- duration: 0ms -->
    <step title="Starting PushDeployAsync" date="2025-11-20T13:14:08.481" /><!-- duration: 0ms -->
    <step title="Updating shutdown sentinel last write time" date="2025-11-20T13:14:08.496" SemaphoreCount="7" /><!-- duration: 0ms -->
    <step title="LockFile &apos;C:\home\site\locks\deployments.lock&apos; acquired" date="2025-11-20T13:14:08.512" /><!-- duration: 0ms -->
    <step title="Saving request content to C:\local\Temp\zipdeploy\ogjklm2d.zip" date="2025-11-20T13:14:08.528" >
      <step title="Total 23,583,183 bytes written to C:\local\Temp\zipdeploy\ogjklm2d.zip" date="2025-11-20T13:14:13.028" /><!-- duration: 16ms -->
    </step><!-- duration: 4516ms -->
    <step title="LockFile &apos;C:\home\site\locks\deployments.lock&apos; released" date="2025-11-20T13:14:13.043" /><!-- duration: 16ms -->
    <step title="Deleting shutdown sentinel file" date="2025-11-20T13:14:13.059" SemaphoreCount="8" /><!-- duration: 16ms -->
    <step title="Starting FetchDeploy" date="2025-11-20T13:14:13.075" /><!-- duration: 0ms -->
    <step title="Start deployment in the background" date="2025-11-20T13:14:13.090" /><!-- duration: 62ms -->
  </step><!-- duration: 4703ms -->
  <step title="Outgoing response" date="2025-11-20T13:14:13.153" type="response" statusCode="202" statusText="Accepted" Server="Microsoft-IIS/10.0" x-ms-request-id="c3e18dda-c612-11f0-9621-c025a5cfe792" Retry-After="30" Cache-Control="private" X-AspNet-Version="4.0.30319" Location="https://ngcanduapi.scm.azurewebsites.net/api/deployments/latest?deployer=ZipDeploy&amp;time=2025-11-20_13-14-13Z" /><!-- duration: 16ms -->
</step><!-- duration: 5797ms -->
