﻿<?xml version="1.0" encoding="utf-8"?>
<deployment>
  <id>c498828dc78d4e0184e67ac383d0042e</id>
  <author>N/A</author>
  <deployer>OneDeploy</deployer>
  <authorEmail>N/A</authorEmail>
  <message>OneDeploy</message>
  <progress></progress>
  <status>Success</status>
  <statusText></statusText>
  <lastSuccessEndTime>2025-11-17T13:02:00.4602918Z</lastSuccessEndTime>
  <receivedTime>2025-11-17T13:01:56.038386Z</receivedTime>
  <startTime>2025-11-17T13:01:56.1946425Z</startTime>
  <endTime>2025-11-17T13:02:00.4602918Z</endTime>
  <complete>True</complete>
  <is_temp>False</is_temp>
  <is_readonly>True</is_readonly>
  <project_type>OneDeploy</project_type>
  <vsproject_id></vsproject_id>
</deployment>