﻿<?xml version="1.0" encoding="utf-8"?>
<deployment>
  <id>5921b3c418cf423abad1832b5ae151b2</id>
  <author>N/A</author>
  <deployer>ZipDeploy</deployer>
  <authorEmail>N/A</authorEmail>
  <message>Created via a push deployment</message>
  <progress></progress>
  <status>Success</status>
  <statusText></statusText>
  <lastSuccessEndTime>2025-11-20T07:07:36.994984Z</lastSuccessEndTime>
  <receivedTime>2025-11-20T07:07:33.6980826Z</receivedTime>
  <startTime>2025-11-20T07:07:33.8855841Z</startTime>
  <endTime>2025-11-20T07:07:36.994984Z</endTime>
  <complete>True</complete>
  <is_temp>False</is_temp>
  <is_readonly>True</is_readonly>
  <project_type>BASIC</project_type>
  <vsproject_id></vsproject_id>
</deployment>